Date,DJU,Gold,SP 500,US 10YR BOND,US DOLLAR INDEX,WTI
04-01-2000,289.1,282.7,1411.75,6.499,100.1,25.55
05-01-2000,292.64,281.1,1413.5,6.599,100.05,24.91
06-01-2000,297.7,281.4,1404,6.54,100.34,24.78
07-01-2000,,281.9,1460.5,6.513,100.5,24.22
10-01-2000,294.37,281.7,1475,6.554,100.65,24.67
11-01-2000,298,283.4,1454.25,6.659,100.26,25.77
12-01-2000,299,282.7,1442,6.701,100.33,26.28
13-01-2000,302.24,284.1,1458.5,6.632,100.67,26.69
14-01-2000,311,283.9,1478,6.688,101.45,28.02
18-01-2000,,288.6,1469.5,6.753,101.65,28.85
19-01-2000,301.53,289.8,1472.5,6.73,101.46,29.54
20-01-2000,,288.8,1457,6.79,101.15,29.66
21-01-2000,,289.3,1453.75,6.772,101.51,28.2
24-01-2000,305.086,287.7,1411.75,6.689,101.96,27.83
25-01-2000,310.34,286.3,1417.5,6.694,102.15,28.28
26-01-2000,310.81,286.3,1415,6.666,102.26,27.84
27-01-2000,306.57,287.1,1409.75,6.699,103.03,27.32
28-01-2000,,283,1366.5,6.658,104.34,27.22
31-01-2000,312.95,283.2,1401,6.662,104.97,27.64
01-02-2000,311.49,282.5,1416.75,6.626,104.77,28.22
02-02-2000,315.6,284.9,1415.5,6.575,104.58,27.55
03-02-2000,309.29,287.2,1436.5,6.448,103.7,28.03
04-02-2000,,310.4,1431.5,6.558,104.2,28.82
07-02-2000,311.3,301.9,1427.25,6.645,104.54,28.45
08-02-2000,309.29,299.2,1446.25,6.618,104.12,28.02
09-02-2000,308.087,306.1,1418.25,6.669,103.63,28.77
10-02-2000,305.9,316.2,1419.25,6.673,104.05,29.43
11-02-2000,,311.1,1396.75,6.595,104.12,29.44
14-02-2000,307.41,308.5,1398.75,6.56,104.63,30.25
15-02-2000,306.107,301.7,1410,6.552,104.61,30.06
16-02-2000,303.99,302.5,1392.75,6.543,104.14,30.05
17-02-2000,298.85,301.4,1385.5,6.56,104.22,29.46
18-02-2000,,305.2,1353.25,6.483,104.52,29.51
22-02-2000,293.51,305.6,1349,6.363,103.11,29.62
23-02-2000,285.529,300.4,1365.25,6.422,103.44,29.39
24-02-2000,279.99,299.1,1353.25,6.367,103.99,29.97
25-02-2000,,293,1338,6.337,105.29,30.35
28-02-2000,288.147,292.5,1347.75,6.418,105.29,30.13
29-02-2000,287.376,292.4,1372,6.409,105.88,30.43
01-03-2000,287.98,291.5,1385,6.384,104.89,31.77
02-03-2000,290.195,288.2,1385,6.388,105.67,31.69
03-03-2000,,288.8,1410.75,6.379,105.99,31.51
06-03-2000,279.99,287.9,1395,6.413,106.2,32.18
07-03-2000,276.41,292.2,1351.75,6.371,106.1,34.13
08-03-2000,275.69,288.9,1366.25,6.392,105.94,31.26
09-03-2000,277.74,291.2,1404.25,6.349,105.41,31.69
10-03-2000,,288.6,1399.5,6.387,105.75,31.76
13-03-2000,274.11,290.1,1383.5,6.37,105.54,32.02
14-03-2000,284.01,288.3,1362.25,6.294,105.31,31.69
15-03-2000,295.76,288.7,1395.25,6.285,105.06,30.72
16-03-2000,289.92,286.1,1459,6.247,104.8,31.09
17-03-2000,,284.1,1451.48,6.204,104.87,30.91
20-03-2000,289.65,285.6,1478,6.192,104.77,29.43
21-03-2000,287.006,289.8,1507.5,6.141,105.48,28
22-03-2000,288.95,287.8,1517.5,6.12,105.74,27.46
23-03-2000,287.27,284.9,1544,6.087,104.81,27.31
24-03-2000,,284.7,1555.5,6.191,104.42,28.02
27-03-2000,290.766,280.1,1538.5,6.187,105.17,27.79
28-03-2000,289.75,279.2,1530.25,6.153,105.15,27.09
29-03-2000,291.773,275.8,1530.5,6.149,105.92,26.45
30-03-2000,,276.1,1504.25,6.048,105.2,26.7
31-03-2000,291.769989,278.4,1515.25,6.002,105.16,26.9
03-04-2000,293.179993,277.6,1528.25,5.965,105.21,26.43
04-04-2000,293.690002,283.9,1519.5,5.887,104.85,25.45
05-04-2000,294.859985,281,1505.5,5.87,105.05,25.83
06-04-2000,292.649994,279.9,1516.5,5.923,105.19,25.69
07-04-2000,293.079987,279.8,1529,5.845,105.75,25.04
10-04-2000,299.26001,281.4,1521.5,5.805,105.39,23.85
11-04-2000,300.059998,281.2,1519,5.883,105.61,24.14
12-04-2000,305.799988,281.2,1476.75,5.947,105.73,25.41
13-04-2000,314.429993,281.1,1456,5.931,105.92,25.38
14-04-2000,303.859985,282.6,1367.5,5.86,105.46,25.57
17-04-2000,306.070007,282.1,1412.75,6.042,105.92,25.89
18-04-2000,304.529999,281,1452.75,6.048,106.43,26.11
19-04-2000,306.640015,280.5,1440.25,5.998,106.94,27.35
20-04-2000,310.809998,279.7,1447.25,6,107.27,25.88
24-04-2000,316.209991,279.4,1437,6.023,107.07,26.04
25-04-2000,324.700012,278.1,1489.25,6.134,108.54,25.33
26-04-2000,329.910004,275.5,1475.5,6.138,108.4,24.65
27-04-2000,325.01001,276.8,1467.25,6.227,109.43,25.42
28-04-2000,317.75,273.1,1460,6.218,109.99,25.74
01-05-2000,319.839996,273.2,1477,6.284,109.5,25.87
02-05-2000,317.75,275.4,1450.5,6.304,110.13,26.89
03-05-2000,316.480011,277.5,1422.5,6.403,111.15,26.75
04-05-2000,320.779999,279.6,1423.25,6.429,111.7,26.98
05-05-2000,318.26001,278.5,1439,6.511,111.2,27.29
08-05-2000,322.450012,276.4,1430.5,6.568,111.32,28.09
09-05-2000,320.470001,277,1419.75,6.524,110.64,28.65
10-05-2000,325.309998,277.7,1387.75,6.457,110.72,28.1
11-05-2000,333.299988,275.6,1415,6.42,111.4,29.11
12-05-2000,328.899994,276,1430.7,6.524,109.75,29.62
15-05-2000,332.290009,275.6,1457.7,6.452,110.4,29.92
16-05-2000,329.670013,275.5,1467.5,6.433,111.23,29.73
17-05-2000,323.660004,273.1,1456.7,6.489,111.99,29.32
18-05-2000,327.220001,273,1442,6.542,112.09,30.33
19-05-2000,328.290009,274.1,1415,6.498,111.35,29.89
22-05-2000,331.380005,275.8,1403.75,6.45,110.98,28.61
23-05-2000,326.209991,274.4,1382.5,6.428,111.05,28.78
24-05-2000,325.839996,273.5,1401.75,6.479,111.12,29.93
25-05-2000,325.140015,270.5,1389,6.398,110.63,30.51
26-05-2000,327.459991,272.2,1381.25,6.327,109,30
30-05-2000,324.73999,272.3,1427.25,6.38,108.85,30.35
31-05-2000,328.529999,271.7,1422.25,6.285,108.69,29.01
01-06-2000,327.790009,272.5,1451.5,6.188,108.98,30.14
02-06-2000,323.089996,281.4,1476,6.169,108.04,30.35
05-06-2000,314.829987,285.4,1470.25,6.116,107.37,29.7
06-06-2000,321.850006,289,1463,6.127,106.52,29.75
07-06-2000,320.140015,287.2,1472,6.152,106.15,29.95
08-06-2000,322.450012,284,1466.5,6.131,106.73,29.78
09-06-2000,325.880005,283.6,1462,6.126,106.92,30.2
12-06-2000,329.070007,286.5,1446.75,6.079,106.93,31.74
13-06-2000,329.769989,285.5,1472,6.113,106.42,32.56
14-06-2000,324.029999,291.6,1475.25,6.05,106.44,32.85
15-06-2000,327.320007,289.6,1475,6.05,106.83,32.95
16-06-2000,326.149994,288.7,1475.44,5.98,105.9,32.33
19-06-2000,323.559998,285.6,1504.5,6.003,106.3,31.69
20-06-2000,324.130005,285.7,1499,6.023,106.35,33.05
21-06-2000,325.579987,285.8,1498.5,6.111,107.35,31.37
22-06-2000,323.089996,285.1,1476.25,6.107,107.4,32.19
23-06-2000,323.929993,282.7,1463.5,6.185,107.72,32.25
26-06-2000,322.98999,283.6,1479,6.102,107.77,31.63
27-06-2000,312.690002,285.6,1471,6.093,106.98,32.06
28-06-2000,319.329987,292.5,1471.25,6.106,107.19,31.9
29-06-2000,314.630005,289.3,1458,6.036,106.56,32.72
30-06-2000,306.910004,290.1,1468,6.027,106.58,32.5
05-07-2000,311.040009,283.9,1463.25,5.984,106.8,30.67
06-07-2000,314.5,283.2,1473.75,6.05,107.14,29.99
07-07-2000,318.119995,283.2,1494.75,6.015,107.34,30.28
10-07-2000,323.190002,283.6,1491.5,6.043,106.65,29.69
11-07-2000,327.350006,282.2,1494.75,6.056,106.8,29.7
12-07-2000,325.73999,280.4,1505.75,6.082,107.82,30.32
13-07-2000,327.48999,280,1509.5,6.008,108.27,31.47
14-07-2000,325.640015,281.1,1524,6.101,108.18,31.4
17-07-2000,326.450012,283.4,1522,6.152,108.45,30.83
18-07-2000,328.089996,282.5,1511.5,6.146,109.06,31.94
19-07-2000,332.290009,279,1500.25,6.165,109.31,31.42
20-07-2000,329.070007,279.8,1516.25,6.013,108.34,30.93
21-07-2000,329.440002,280.1,1489.5,5.998,108.22,28.56
24-07-2000,328.359985,278.8,1481.5,6.031,108.44,28.02
25-07-2000,329.839996,278.9,1484.5,6.032,108.09,27.95
26-07-2000,325.01001,279.4,1469,6.028,107.89,27.81
27-07-2000,329.970001,278.6,1463.75,6.004,108.65,28.02
28-07-2000,328.26001,277.7,1432,6.036,109.52,28.18
31-07-2000,325.470001,276.8,1439,6.04,109.37,27.43
01-08-2000,333.5,276.9,1447.5,5.991,109.88,27.79
02-08-2000,339.200012,276.5,1452.5,5.978,110.48,28.26
03-08-2000,343.970001,273.4,1461.5,5.957,110.8,28.66
04-08-2000,346.890015,272.6,1471.75,5.905,110.72,29.96
07-08-2000,354.040009,273.1,1486.25,5.963,110.61,28.91
08-08-2000,357.100006,272.8,1491.75,5.922,111.17,29.12
09-08-2000,354.040009,271.6,1481,5.92,111.3,30.35
10-08-2000,352.399994,272,1474.25,5.764,110.74,31.34
11-08-2000,354.779999,275.1,1478.5,5.791,111.06,31.02
14-08-2000,358.940002,274.4,1498,5.773,111.01,31.94
15-08-2000,359.950012,274.6,1494.75,5.802,110.35,31.67
16-08-2000,359.079987,277.3,1491.5,5.838,110.09,31.8
17-08-2000,361.76001,277.7,1503.5,5.821,110.01,31.94
18-08-2000,361.359985,276.8,1500.75,5.777,110.93,31.99
21-08-2000,360.279999,275.1,1506.75,5.787,111.37,32.47
22-08-2000,360.279999,273.5,1507.5,5.779,111.65,31.22
23-08-2000,364.209991,271.1,1510.25,5.729,111.33,32.02
24-08-2000,358.51001,272.9,1515.25,5.721,111.14,31.63
25-08-2000,355.950012,274.1,1513.5,5.733,111.24,32.03
28-08-2000,361.119995,274,1518.75,5.772,111.4,32.87
29-08-2000,358.410004,273.4,1518.25,5.814,112.15,32.74
30-08-2000,360.119995,273.9,1503.5,5.795,112.08,33.32
31-08-2000,363.73999,278.3,1521.25,5.729,112.57,33.12
01-09-2000,364.980011,277,1523.25,5.685,111.33,33.38
05-09-2000,370.790009,275.8,1512.25,5.689,112.4,33.83
06-09-2000,375.790009,274.2,1494,5.729,114.1,34.9
07-09-2000,376.160004,274,1506.5,5.754,113.68,35.39
08-09-2000,386.299988,273.3,1496.5,5.737,114.37,33.63
11-09-2000,395.630005,273.1,1491.75,5.777,115.4,35.14
12-09-2000,395.26001,272.9,1482,5.779,115.13,34.28
13-09-2000,394.660004,272.8,1485.5,5.731,115.34,33.82
14-09-2000,391.100006,272.4,1481.25,5.793,115.18,34.07
15-09-2000,397.040009,272.3,1481.25,5.837,115.97,35.92
18-09-2000,394.630005,271.4,1467.25,5.871,116.01,36.88
19-09-2000,378.380005,271.9,1478.5,5.858,116.13,36.51
20-09-2000,369.950012,269,1469,5.905,116.14,37.2
21-09-2000,366.429993,270.3,1469.5,5.85,115,34
22-09-2000,375.160004,271.8,1468.5,5.848,113.34,32.68
25-09-2000,377.609985,274.1,1461,5.848,113.84,31.57
26-09-2000,388.309998,273.9,1443,5.804,113.01,31.5
27-09-2000,391.130005,278.4,1447,5.823,112.87,31.46
28-09-2000,396.369995,275.6,1476,5.825,113.17,30.34
29-09-2000,398.220001,273.6,1453.75,5.808,113,30.84
02-10-2000,401.470001,273.1,1456.25,5.831,113.55,32.18
03-10-2000,393.320007,271.6,1441.5,5.861,114.02,32.07
04-10-2000,382.070007,270.3,1450.25,5.895,113.88,31.43
05-10-2000,375.26001,270.6,1456,5.856,114.54,30.53
06-10-2000,378.980011,269.3,1426.75,5.821,114.6,30.86
09-10-2000,381.5,270.1,1416.5,5.821,114.52,31.86
10-10-2000,386.869995,272.4,1391,5.797,114.05,33.18
11-10-2000,388.480011,270.5,1378.75,5.776,114.23,33.25
12-10-2000,383.980011,276.4,1344.5,5.724,114.73,36.06
13-10-2000,388.75,272.4,1385.5,5.732,115.71,34.99
16-10-2000,394.049988,271.5,1391.5,5.736,116.27,32.92
17-10-2000,395.399994,271.1,1359.75,5.68,115.71,32.99
18-10-2000,388.25,270.3,1352.75,5.694,115.71,33.48
19-10-2000,388.679993,270.1,1401,5.657,116.85,32.91
20-10-2000,387.440002,271.2,1411,5.638,117.06,33.75
23-10-2000,389.779999,270.1,1417.25,5.594,117.44,33.76
24-10-2000,386.839996,270.1,1403,5.627,117.34,33.37
25-10-2000,379.480011,266.2,1374,5.69,118.45,32.96
26-10-2000,374,264.9,1371.25,5.692,118.42,33.71
27-10-2000,382.089996,264.4,1401,5.728,117.31,32.74
30-10-2000,392.059998,264.3,1411.25,5.736,117.2,32.81
31-10-2000,393.429993,264.9,1440.25,5.761,116.62,32.7
01-11-2000,400.049988,263.9,1432,5.744,115.5,33.25
02-11-2000,393.559998,264.4,1435,5.742,115.55,32.54
03-11-2000,386.920013,264.6,1436.25,5.827,114.87,32.71
06-11-2000,389.170013,264.5,1446.5,5.844,115.62,32.86
07-11-2000,389.380005,264.3,1444,5.867,115.46,33.4
08-11-2000,390.200012,265,1413.25,5.859,116.18,33.24
09-11-2000,392.559998,265.8,1403.25,5.808,115.19,33.92
10-11-2000,395.660004,264.5,1372.5,5.797,115.75,34.02
13-11-2000,391.980011,264.3,1358.75,5.77,115.55,34.47
14-11-2000,383.529999,264.9,1394.5,5.768,116.13,34.87
15-11-2000,388.200012,265.1,1397.5,5.715,116.28,35.58
16-11-2000,393.769989,265.8,1379.25,5.666,116.83,35.12
17-11-2000,401.26001,265.7,1370.5,5.706,117.26,35.45
20-11-2000,400.369995,266.3,1347,5.673,117.23,35.22
21-11-2000,393.269989,265.7,1355.75,5.664,117.89,35.16
22-11-2000,392.089996,266.3,1323,5.633,117.8,35.4
27-11-2000,391.589996,270.1,1358.75,5.626,117,35.38
28-11-2000,395.200012,269.8,1338.5,5.587,116.54,34.22
29-11-2000,391.730011,266.4,1335.25,5.53,116.56,34.63
30-11-2000,388.880005,270.1,1321.5,5.478,115.1,33.82
01-12-2000,385.380005,268.7,1320.5,5.518,114.74,32.02
04-12-2000,388.049988,270.7,1341.5,5.555,113.65,31.22
05-12-2000,385.640015,270.4,1330.5,5.428,114.46,29.53
06-12-2000,383.720001,274.3,1374.25,5.324,113.26,29.85
07-12-2000,385.359985,273.2,1354,5.309,113.51,29.35
08-12-2000,385.820007,272.2,1336.75,5.299,113.97,28.44
11-12-2000,386.410004,270.2,1382.5,5.362,114.23,29.5
12-12-2000,388.570007,270.3,1382.5,5.352,114.23,29.68
13-12-2000,389.809998,268.6,1379,5.26,114.69,28.74
14-12-2000,385.549988,269,1357.5,5.217,113.41,27.99
15-12-2000,386.519989,270.4,1318.25,5.18,112.9,28.87
18-12-2000,394.059998,269.7,1346.5,5.174,113.1,29.76
19-12-2000,395.109985,269.7,1318,5.192,113.23,29.33
20-12-2000,401.399994,272.5,1318,5.043,111.76,25.77
21-12-2000,395.51001,273.7,1279.5,5.041,111.34,25.98
22-12-2000,402.779999,273.7,1326.75,5.014,110.61,26.18
26-12-2000,416.109985,274.1,1337,5.056,110.13,26.64
27-12-2000,415.600006,275.2,1350.5,5.108,110.16,26.47
28-12-2000,414.429993,271.7,1353.25,5.124,110.29,25.85
29-12-2000,412.160004,272,1335,5.112,109.28,26.8
02-01-2001,398.730011,268.4,1299.75,4.921,108.64,27.21
03-01-2001,374.929993,268,1359.25,5.154,110.11,28
04-01-2001,352.839996,267.3,1348.25,5.043,108.75,28.14
05-01-2001,352.730011,268,1304.5,4.929,108.48,27.95
08-01-2001,360.309998,268,1309.5,4.956,108.84,27.32
09-01-2001,354.899994,267.5,1309.5,4.996,109.5,27.64
10-01-2001,351.480011,264.7,1327,5.1,109.79,29.48
11-01-2001,338.149994,264,1334.5,5.112,108.95,29.41
12-01-2001,345.640015,263.9,1330.25,5.255,109.32,30.05
16-01-2001,339.589996,263.3,1335.5,5.234,110.04,30.29
17-01-2001,343.190002,263.2,1341.75,5.177,110.77,29.6
18-01-2001,348.420013,264.2,1356,5.116,109.89,30.45
19-01-2001,351.299988,264.3,1348.5,5.17,110.65,32.19
22-01-2001,357.959991,266.4,1358.5,5.227,110.21,32.19
23-01-2001,363.100006,266.1,1366,5.287,110.28,29.57
24-01-2001,368.390015,264.3,1370.25,5.307,111.72,29.05
25-01-2001,377.23999,264.5,1364.5,5.25,111.6,29.36
26-01-2001,375.649994,262.8,1363.25,5.266,111.48,29.77
29-01-2001,377.970001,262.8,1370,5.315,111.82,29.06
30-01-2001,373.76001,265.5,1382,5.231,110.97,29.06
31-01-2001,372.320007,265.6,1373,5.112,110.53,28.66
01-02-2001,369.410004,268.5,1382.5,5.088,109.68,29.82
02-02-2001,371.970001,267.1,1353.25,5.159,110.3,31.19
05-02-2001,376.859985,265.2,1362,5.171,109.95,30.55
06-02-2001,375.890015,263.3,1356.25,5.185,110.8,30.35
07-02-2001,381.019989,262.8,1349.5,5.213,110.92,31.27
08-02-2001,387.089996,260.1,1335,5.089,112.09,31.59
09-02-2001,393.26001,259.9,1321.5,5.032,111.54,31.03
12-02-2001,389.709991,260.7,1333.5,5.054,111.17,30.51
13-02-2001,389.910004,260.3,1326,5.066,111.97,30.36
14-02-2001,388.98999,259.4,1319.75,5.157,112.03,29.71
15-02-2001,386.019989,255.1,1333,5.172,113.26,28.8
16-02-2001,389.570007,258.2,1305.5,5.111,112.29,29.16
20-02-2001,391.589996,256.1,1285.3,5.107,112.85,28.58
21-02-2001,390.179993,258.2,1256.5,5.137,113.11,28.53
22-02-2001,391.359985,258.5,1257.5,5.158,113.31,28.82
23-02-2001,383.940002,260.9,1247.5,5.101,112.07,29.04
26-02-2001,386.290009,265.8,1273.5,5.04,112.8,28.42
27-02-2001,387.470001,267.4,1264,4.956,112.38,28.13
28-02-2001,386.220001,266.8,1242,4.904,112,27.39
01-03-2001,387.440002,265.2,1243.5,4.884,111.29,27.62
02-03-2001,389.98999,262.1,1235.25,4.946,111.2,27.84
05-03-2001,391.809998,262.5,1243.75,4.978,111.6,28.6
06-03-2001,390.589996,259.9,1257,4.973,111.24,28.32
07-03-2001,391.75,261.4,1265.25,4.901,111.86,29
08-03-2001,393.920013,265.4,1266.25,4.905,111.53,28.39
09-03-2001,389.119995,270.8,1231,4.939,111.48,28.01
12-03-2001,379.25,271.6,1179,4.897,112.05,28
13-03-2001,373.630005,266.8,1197.25,4.935,113.1,27.59
14-03-2001,366.299988,262.5,1169.25,4.83,113.76,26.41
15-03-2001,375.5,260,1173.25,4.796,114.72,26.55
16-03-2001,368.459991,258.1,1156.28,4.768,115.24,26.74
19-03-2001,367.75,259.8,1180.5,4.813,115.24,26.15
20-03-2001,367.809998,260.5,1152.5,4.764,114.27,25.96
21-03-2001,362.160004,261.9,1132,4.774,115.66,26.8
22-03-2001,348.660004,261.1,1119.5,4.748,116.48,26.54
23-03-2001,351.480011,261.5,1153.5,4.813,116.12,27.3
26-03-2001,367.420013,261.9,1167,4.869,115.34,27.48
27-03-2001,375.059998,261,1190,5.009,115.56,27.75
28-03-2001,372.839996,259.7,1159.5,4.969,116.12,26.31
29-03-2001,373.170013,258.8,1161.5,4.999,116.79,26.32
30-03-2001,381.420013,257.9,1169.25,4.915,117.63,26.29
02-04-2001,383.410004,255.6,1150.25,4.973,117.5,25.59
03-04-2001,382.720001,256.8,1108.5,4.925,115.85,26.19
04-04-2001,377.730011,258.4,1112.5,4.929,115.26,27.12
05-04-2001,377.920013,258.1,1155,4.977,115.56,27.26
06-04-2001,364.549988,260,1140.25,4.89,114.9,27.06
09-04-2001,373.790009,258.3,1150.25,4.928,115.4,27.28
10-04-2001,386.570007,257.3,1172,5.083,116.07,28.48
11-04-2001,384.850006,258.7,1173.25,5.126,116.22,28.18
12-04-2001,383.529999,260.1,1192.25,5.177,115.63,28.25
16-04-2001,387.940002,263.3,1182,5.256,116.26,28.79
17-04-2001,395.679993,261.1,1195.5,5.219,116.62,28.24
18-04-2001,394.440002,261.3,1246.25,5.144,116.23,27.95
19-04-2001,388.140015,265.3,1258.75,5.3,115.17,27.82
20-04-2001,385.579987,264.8,1250.75,5.294,114.48,27.28
23-04-2001,392.899994,263.7,1226,5.179,114.9,27.61
24-04-2001,394.529999,264.1,1216.5,5.215,115.34,26.86
25-04-2001,394.600006,262.4,1232,5.258,115.16,27.29
26-04-2001,398.440002,264.4,1240.5,5.186,114.59,28.44
27-04-2001,396,263.9,1258.5,5.324,115.81,28.27
30-04-2001,396.170013,264,1254.25,5.336,115.95,28.46
01-05-2001,394.76001,264.4,1272.5,5.288,115.46,28.94
02-05-2001,385.980011,265.4,1271,5.29,115.32,27.8
03-05-2001,382.179993,266.3,1254.25,5.215,115.53,28.45
04-05-2001,387.630005,266.1,1273.25,5.209,115.09,28.36
07-05-2001,383.929993,266.1,1263.5,5.195,115.49,27.77
08-05-2001,378.73999,265.1,1263.5,5.249,116.24,27.39
09-05-2001,383.73999,270,1257.75,5.17,116.22,28.23
10-05-2001,383.519989,269.1,1261.5,5.293,116.52,28.52
11-05-2001,386.640015,267.9,1261.5,5.443,116.98,28.55
14-05-2001,391.040009,268.3,1252,5.437,117.22,28.71
15-05-2001,385.700012,268.1,1257.5,5.495,116.8,28.98
16-05-2001,387.519989,272,1288.5,5.456,116.24,28.86
17-05-2001,387.839996,273.6,1291.5,5.403,116.16,28.91
18-05-2001,391.540009,287.4,1295.5,5.401,116.46,29.91
21-05-2001,394.429993,285.4,1314.5,5.386,116.58,29.98
22-05-2001,394.670013,285.1,1312.75,5.406,117.79,29.74
23-05-2001,398.309998,283.6,1290.5,5.393,118.41,29.58
24-05-2001,397.679993,279.1,1294.5,5.495,118.45,28.41
25-05-2001,390.070007,277.9,1279,5.502,118.26,28.38
29-05-2001,387.829987,273.8,1268.5,5.522,118.28,28.66
30-05-2001,388.470001,265.7,1250,5.511,118.31,28.55
31-05-2001,393.220001,265.3,1257.5,5.385,119.19,28.37
01-06-2001,389.519989,266.4,1265,5.375,118.99,27.93
04-06-2001,390.25,,1269.25,5.343,119.21,28.13
05-06-2001,381.709991,265.7,1284.5,5.276,118.78,28.24
06-06-2001,372.649994,265.7,1274,5.263,119.42,27.72
07-06-2001,369.529999,266,1276.5,5.324,119.19,27.75
08-06-2001,373.26001,273.4,1266.5,5.367,119.27,28.33
11-06-2001,378.329987,267.9,1256,5.289,120.12,29.04
12-06-2001,378.73999,271.5,1254.5,5.251,119.69,29.18
13-06-2001,368.269989,272,1243.25,5.27,119.1,28.84
14-06-2001,358.190002,275.3,1214,5.232,117.98,29.04
15-06-2001,363.730011,271.2,1206.88,5.243,118.28,28.51
18-06-2001,362.100006,272.4,1219.75,5.26,118.71,27.55
19-06-2001,366.25,273.4,1224,5.241,119.38,27.48
20-06-2001,363.850006,272.4,1229.25,5.213,119.44,26.5
21-06-2001,352.670013,272.6,1243,5.178,119.18,26.56
22-06-2001,356.5,272.3,1235,5.124,119.23,26.83
25-06-2001,352.570007,273.7,1221.5,5.128,118.55,27.25
26-06-2001,354.059998,276.2,1220.5,5.226,118.32,26.98
27-06-2001,358.880005,272.1,1219,5.243,118.68,25.61
28-06-2001,359.679993,269.3,1227,5.341,120.29,25.56
29-06-2001,359.339996,270.6,1231.75,5.404,119.75,26.25
02-07-2001,362.140015,269.4,1246,5.325,119.96,25.95
03-07-2001,361.890015,267.6,1245.5,5.38,119.83,26.24
05-07-2001,366.480011,265.1,1222.25,5.404,121.21,27.02
06-07-2001,368.299988,265.9,1193.75,5.362,120.15,28.21
09-07-2001,371.100006,266.5,1200.25,5.333,120.11,27.59
10-07-2001,372.179993,266.2,1186.5,5.272,119.42,27.49
11-07-2001,366.209991,268.3,1185.25,5.291,118.94,27.11
12-07-2001,362.600006,266.6,1214.25,5.243,119.34,26.8
13-07-2001,361.23999,267.1,1225.25,5.228,119.62,26.59
16-07-2001,362.470001,266.9,1210.5,5.173,119.52,26.06
17-07-2001,362.089996,268.1,1220.5,5.209,119.17,25.57
18-07-2001,359.269989,270.4,1212.25,5.089,117.6,24.89
19-07-2001,358.950012,269.4,1223,5.11,117.53,24.7
20-07-2001,351.070007,269.9,1215,5.127,117.42,25.59
23-07-2001,340.329987,268.8,1192,5.104,118.03,26.12
24-07-2001,328.309998,269.7,1178.25,5.114,117.31,26.31
25-07-2001,341.040009,267.7,1191.5,5.188,116.81,26.84
26-07-2001,348.25,266.2,1205.5,5.134,116.93,26.73
27-07-2001,348.079987,267.4,1209.75,5.096,117.14,27.02
30-07-2001,351.549988,264.6,1209.75,5.074,117.41,26.63
31-07-2001,349.73999,266.2,1215.25,5.055,117.39,26.35
01-08-2001,352.76001,267.4,1221.5,5.072,116.7,26.77
02-08-2001,357.769989,267.4,1226,5.146,116.41,27.71
03-08-2001,358.119995,267.9,1220,5.164,116.31,27.62
06-08-2001,348.640015,267.1,1203,5.157,116.57,27.74
07-08-2001,350.420013,267.2,1207.75,5.172,117.02,27.94
08-08-2001,342.190002,267.9,1185.5,5.05,116.65,27.54
09-08-2001,344.76001,273.4,1187.75,5.035,115.41,27.64
10-08-2001,346.399994,273.9,1191.25,4.984,115.42,28.05
13-08-2001,342.369995,275.7,1192.5,4.972,115.16,27.82
14-08-2001,343.23999,276.3,1192.25,4.972,114.48,28.01
15-08-2001,339.600006,275.7,1180.75,5.004,113.26,27.56
16-08-2001,340.459991,275.2,1184.75,4.941,113.2,27.4
17-08-2001,338.769989,279.3,1165.5,4.841,113.13,26.68
20-08-2001,340.799988,276.1,1175.75,4.909,113.5,27.18
21-08-2001,340.049988,275,1156.25,4.87,113.37,27.91
22-08-2001,342.25,274.9,1167.25,4.902,113.41,26.37
23-08-2001,343.75,275.3,1163.5,4.884,113.19,26.63
24-08-2001,345.809998,272.5,1187.5,4.928,113.45,26.9
27-08-2001,348.76001,272.6,1180.5,4.928,113.46,26.67
28-08-2001,349.600006,272.3,1163.5,4.844,113.5,27.17
29-08-2001,346.880005,273.7,1152.5,4.766,113.56,27.05
30-08-2001,340.390015,275.4,1129.25,4.812,112.87,26.55
31-08-2001,340.619995,274.4,1135,4.84,113.54,27.2
04-09-2001,342.350006,271.6,1131,4.958,115.78,26.93
05-09-2001,337.730011,272,1133.5,4.963,115.68,26.95
06-09-2001,336.950012,273,1103.5,4.871,115.04,27.58
07-09-2001,337.690002,273.1,1083.25,4.788,114.09,28.03
10-09-2001,335.480011,271.6,1095.75,4.842,114.64,27.63
14-09-2001,,290.2,,4.56,,29.53
17-09-2001,328.209991,289.8,1039,4.622,111.86,28.81
18-09-2001,325.459991,288.1,1035.5,4.724,112.35,27.7
19-09-2001,319.049988,291.5,1013.5,4.697,112.08,26.72
20-09-2001,321.350006,289,981.5,4.746,112.37,26.59
21-09-2001,316.190002,291.9,939.57,4.691,113.63,25.97
24-09-2001,313.970001,289.7,1007.5,4.72,113.42,22.01
25-09-2001,311.049988,290.5,1018.25,4.71,112.7,21.81
26-09-2001,298.01001,293.3,1013,4.635,112.68,22.38
27-09-2001,293.910004,291.7,1022.5,4.559,113.5,22.74
28-09-2001,301.670013,292.4,1043.75,4.59,113.96,23.43
01-10-2001,304.459991,292.2,1043.3,4.542,113.37,23.28
02-10-2001,309.679993,289.9,1055.5,4.508,113.38,22.79
03-10-2001,319.339996,290.5,1074.5,4.47,113.67,22.08
04-10-2001,319.970001,290.5,1074.5,4.504,113.55,22.63
05-10-2001,322.470001,291.4,1071.75,4.508,113.3,22.39
08-10-2001,320.350006,292.1,1065.25,4.504,112.96,22.45
09-10-2001,315.049988,288.9,1059.5,4.595,113.78,22.48
10-10-2001,316.570007,285.4,1083.25,4.603,114.1,22.53
11-10-2001,316.660004,282.2,1099.75,4.668,114.85,23.34
12-10-2001,316.179993,284.9,1094,4.675,114.28,22.5
15-10-2001,313.76001,282.1,1092.5,4.604,114.16,22.29
16-10-2001,318.529999,282.3,1099.5,4.565,114.22,22
17-10-2001,314.970001,283.4,1076,4.569,114.78,21.81
18-10-2001,307.140015,279.2,1073,4.577,114.74,21.31
19-10-2001,310.220001,280.1,1072.5,4.62,115.18,21.83
22-10-2001,306.839996,275.5,1093.5,4.641,116.1,21.76
23-10-2001,299.359985,276.1,1088.25,4.649,116.23,21.85
24-10-2001,292.25,275.9,1085,4.596,115.96,22.33
25-10-2001,298.309998,277.8,1102.75,4.549,115.89,22.01
26-10-2001,296.75,277.9,1102,4.521,115.9,22.03
29-10-2001,296.100006,279.1,1073,4.486,114.71,22.15
30-10-2001,292.019989,280.6,1059.25,4.416,114.67,21.87
31-10-2001,294.649994,279.5,1060.75,4.244,115.15,21.18
01-11-2001,294.850006,279.7,1082,4.236,114.65,20.39
02-11-2001,289.420013,279.8,1089.5,4.364,114.73,20.18
05-11-2001,297.410004,278.5,1103.75,4.311,115.25,20.02
06-11-2001,297.230011,279.7,1121,4.263,115.03,19.92
07-11-2001,294.209991,281,1119.5,4.187,115.25,20.09
08-11-2001,298.279999,276.8,1123.5,4.29,115.38,21.17
09-11-2001,299.76001,277.4,1123.5,4.311,115.32,22.22
12-11-2001,298.549988,278.3,1116.75,,115.55,21.2
13-11-2001,300.23999,277.8,1141.75,4.381,116.62,21.67
14-11-2001,293.700012,277.8,1143.5,4.528,116.4,19.74
15-11-2001,289.76001,275.1,1145.25,4.784,116.74,17.45
16-11-2001,291.299988,274.7,1140,4.848,116.53,18.03
19-11-2001,288.619995,272.7,1154,4.804,116.74,17.72
20-11-2001,292.170013,273,1144.25,4.865,116.81,19.15
21-11-2001,286.470001,272.9,1137,4.962,117.34,18.96
26-11-2001,287.209991,272.3,1155.25,5.016,117.17,18.69
27-11-2001,288.429993,273.2,1150.5,4.926,116.98,19.48
28-11-2001,279.950012,274.1,1129.25,4.929,116.23,19.22
29-11-2001,280.839996,273.5,1144.5,4.765,116.25,18.62
30-11-2001,281.029999,273.9,1140,4.754,115.55,19.44
03-12-2001,280.070007,276.9,1129.5,4.691,116.07,20.09
04-12-2001,284.190002,275.1,1147.75,4.667,116.12,19.65
05-12-2001,285.540009,273.7,1168.75,4.904,116.52,19.49
06-12-2001,281.160004,274.2,1168.5,5.011,115.67,18.54
07-12-2001,285.820007,273.9,1160.5,5.165,116.15,19.04
10-12-2001,281.720001,272.2,1139.25,5.104,116.28,18.37
11-12-2001,275.100006,272.2,1136.5,5.058,116.08,18.08
12-12-2001,277.470001,273.8,1138,5.01,115.34,18.36
13-12-2001,279.429993,273.9,1115.75,5.074,115.8,18.12
14-12-2001,278.149994,278,1125.25,5.19,114.9,19.23
17-12-2001,275.25,277.7,1136.75,5.184,114.84,19.22
18-12-2001,279.700012,280.4,1144.25,5.129,115.67,19.36
19-12-2001,288.589996,275.5,1151.75,5.042,116.07,19.8
20-12-2001,286.029999,276,1141,5.036,116.12,19.28
21-12-2001,284.690002,278,1147.3,5.086,117.41,19.62
26-12-2001,289.799988,279.7,1153,5.2,118.43,21.27
27-12-2001,292.859985,277.4,1159.5,5.072,118.08,20.9
28-12-2001,294.5,276.5,1159.25,5.113,117.82,20.41
31-12-2001,293.940002,278.7,1149.2,5.029,117.21,19.84
02-01-2002,297.73999,278.9,1154,5.16,116.27,21.01
03-01-2002,296.220001,278.2,1166.5,5.111,116.54,20.37
04-01-2002,294.170013,278.9,1175.25,5.125,116.75,21.62
07-01-2002,296.269989,278.6,1166.75,5.049,116.97,21.48
08-01-2002,292.25,278.9,1163.25,5.083,117.23,21.25
09-01-2002,291.790009,283.4,1154.5,5.048,117.39,20.18
10-01-2002,293.190002,287.1,1159,4.975,117.33,20.38
11-01-2002,290.720001,287.4,1147.75,4.872,117.02,19.68
14-01-2002,293.839996,285.4,1140.25,4.884,116.86,18.89
15-01-2002,294.829987,284.4,1149,4.845,117.7,18.9
16-01-2002,293.829987,287.3,1126,4.841,117.95,18.86
17-01-2002,289.779999,284.4,1134.25,4.931,118.19,17.97
18-01-2002,290.040009,283.1,1129,4.893,117.86,18
22-01-2002,286.720001,281.5,1121.25,4.919,118.05,18.34
23-01-2002,287.76001,278.6,1129,5.028,118.84,19.5
24-01-2002,289.179993,278.1,1133.25,5.005,118.96,19.7
25-01-2002,289.26001,278.8,1133.25,5.069,120.18,19.99
28-01-2002,288.769989,278.3,1135.5,5.075,120.33,20.05
29-01-2002,281.299988,281.4,1100.5,4.94,119.89,19.58
30-01-2002,281.359985,281.9,1115.5,5.013,120.05,19.08
31-01-2002,285.709991,282.1,1130.4,5.046,120.59,19.48
01-02-2002,288,286,1123.5,4.984,119.98,20.38
04-02-2002,284.920013,289.3,1095.25,4.907,119.09,20.07
05-02-2002,281.540009,298.2,1089,4.896,119.6,20.07
06-02-2002,278.040009,297.5,1083.25,4.927,119.55,19.78
07-02-2002,278.709991,299.7,1077,4.927,119.27,19.64
08-02-2002,278.329987,303.5,1096.5,4.881,119.2,20.26
11-02-2002,280.690002,300.1,1110.25,4.916,118.66,21.41
12-02-2002,282.420013,300.7,1107.5,4.978,118.42,20.73
13-02-2002,284.119995,299.4,1118.75,4.992,118.96,21.18
14-02-2002,282.350006,299.7,1116.75,4.946,118.57,21.23
15-02-2002,279.450012,298.4,1104.75,4.863,118.77,21.5
19-02-2002,275.179993,293.2,1083.75,4.871,118.48,20.88
20-02-2002,275.149994,292.3,1101,4.891,119.07,20.29
21-02-2002,273.640015,293.2,1079,4.859,119.26,20.95
22-02-2002,276.320007,293.2,1091.75,4.835,118.63,21.07
25-02-2002,275.660004,292.7,1109.5,4.853,119.21,20.48
26-02-2002,278.059998,298,1108,4.931,119.91,21.41
27-02-2002,279.709991,296.3,1111.5,4.833,119.65,21.29
28-02-2002,279.640015,296.7,1107,4.874,119.28,21.74
01-03-2002,284.049988,298,1132.5,4.984,119.49,22.4
04-03-2002,288.76001,296.7,1151.75,4.999,118.91,22.45
05-03-2002,292.980011,294,1149,5.005,118.62,23.17
06-03-2002,297.98999,293.5,1162.5,5.052,118,23.15
07-03-2002,299.709991,290.1,1159.25,5.229,116.8,23.71
08-03-2002,298.929993,290.1,1163.75,5.325,118,23.84
11-03-2002,300.540009,291.1,1166.25,5.321,117.79,24.31
12-03-2002,297.25,293.6,1166.75,5.311,117.83,24.2
13-03-2002,294.359985,293.6,1154.5,5.279,118.01,24.16
14-03-2002,294.98999,291,1153,5.41,117.34,24.56
15-03-2002,295.929993,289.9,1158.6,5.333,117.22,24.51
18-03-2002,298.470001,292.1,1167.25,5.301,117.69,25.11
19-03-2002,299.160004,292.8,1174.25,5.289,117.94,24.88
20-03-2002,297.730011,292.1,1152.25,5.406,117.64,24.9
21-03-2002,305.23999,292.8,1152.75,5.366,117.92,25.61
22-03-2002,304.839996,297.3,1149.5,5.403,118.51,25.35
25-03-2002,303.76001,297.4,1135.75,5.407,118.53,24.99
26-03-2002,302.220001,296.6,1142,5.343,118.61,25.36
27-03-2002,305.320007,,1145,5.343,118.91,25.87
28-03-2002,305.730011,302.6,1149.25,5.406,119.06,26.31
01-04-2002,304.25,303.2,1144.5,5.426,118.19,26.88
02-04-2002,305.380005,305.9,1138,5.342,118.24,27.71
03-04-2002,304.029999,302.6,1130.25,5.28,118,27.56
04-04-2002,305.619995,301.1,1125.75,5.26,118.29,26.58
05-04-2002,304.01001,300.1,1125.5,5.207,118.06,26.21
08-04-2002,304.670013,300.5,1127.5,5.263,118.54,26.54
09-04-2002,302.700012,298.8,1120.5,5.203,117.94,25.82
10-04-2002,307.109985,301.7,1132,5.238,117.83,26.13
11-04-2002,302.410004,302.2,1104,5.209,117.65,24.99
12-04-2002,302.630005,302.1,1112,5.157,118.02,23.47
15-04-2002,298.26001,300,1104.25,5.138,117.98,24.57
16-04-2002,302.350006,298.8,1129.75,5.192,117.73,24.75
17-04-2002,305.859985,302.1,1128,5.232,116.86,25.94
18-04-2002,307.350006,304.5,1123,5.199,116.65,26.18
19-04-2002,308.73999,302.3,1126.75,5.201,116.59,26.38
22-04-2002,308.809998,303,1108.25,5.178,116.7,26.27
23-04-2002,310.75,304,1103.25,5.164,116.83,26.62
24-04-2002,310.179993,304.3,1091.75,5.114,116.36,26.38
25-04-2002,305.98999,308.1,1092.5,5.096,115.75,26.73
26-04-2002,302.839996,311.6,1072,5.058,115.23,27.11
29-04-2002,302.549988,311.2,1065,5.12,115.13,27.57
30-04-2002,305.839996,308.9,1077.25,5.089,115.4,27.29
01-05-2002,305.640015,309.1,1088.5,5.058,114.79,26.75
02-05-2002,305.98999,308.3,1084.5,5.096,115.1,26.24
03-05-2002,306.859985,312.2,1073,5.056,113.87,26.62
06-05-2002,307.070007,311.2,1051.75,5.067,113.87,26.12
07-05-2002,304.399994,311.6,1047.5,5.057,114.18,26.63
08-05-2002,306.350006,308.2,1086.5,5.219,115.14,27.85
09-05-2002,303.459991,309.5,1074,5.166,114.73,27.68
10-05-2002,298.940002,311,1054,5.119,114.18,27.99
13-05-2002,297.309998,310.6,1075.5,5.223,114.3,28.38
14-05-2002,298.109985,307.3,1098.5,5.28,115.25,29.36
15-05-2002,293.899994,308.7,1094.5,5.246,114.3,28.15
16-05-2002,286.029999,309.8,1099,5.171,114.34,27.95
17-05-2002,282.809998,310.6,1105.25,5.256,113.18,28.18
20-05-2002,287.630005,315.7,1093.5,5.199,112.93,28.33
21-05-2002,289.959991,315.8,1083,5.153,112.94,27.33
22-05-2002,297.380005,318,1085,5.117,112.46,26.37
23-05-2002,300.109985,322.5,1097,5.15,112.95,26.15
24-05-2002,299.51001,320.4,1082.5,5.146,112.89,25.88
28-05-2002,297.809998,323.9,1076.5,5.13,112.22,25.27
29-05-2002,292.609985,325.4,1067.75,5.066,111.57,25.76
30-05-2002,289.859985,325.5,1065.75,5.026,111.28,24.67
31-05-2002,288.399994,326.5,1067.5,5.045,111.91,25.31
03-06-2002,280.26001,326.7,1038.8,4.998,111.38,25.08
04-06-2002,283,327.8,1041.5,5.03,111.16,25.33
05-06-2002,278.829987,321.2,1050.5,5.051,111.41,24.89
06-06-2002,272.570007,324.9,1029.5,4.984,110.87,24.79
07-06-2002,272.799988,324.6,1028.25,5.065,111.08,24.75
10-06-2002,274.76001,318.7,1032,5.031,111.12,24.29
11-06-2002,273.619995,319.7,1014.25,4.977,110.81,24.12
12-06-2002,276.269989,320.3,1020.25,4.963,111.1,24.64
13-06-2002,278.519989,317.7,1010.75,4.902,111.15,25.64
14-06-2002,276.600006,319.1,1009,4.801,110.8,25.94
17-06-2002,280.209991,317.4,1035.5,4.847,111,26.09
18-06-2002,283.329987,319.2,1044.25,4.836,110.66,25.43
19-06-2002,281.589996,319.8,1019.5,4.73,110.19,25.31
20-06-2002,277.079987,323.2,1007,4.789,109.48,25.53
21-06-2002,277,324.6,991.33,4.764,108.7,25.82
24-06-2002,272.01001,324.3,997,4.83,108.71,26.47
25-06-2002,271.109985,320.2,974.5,4.819,108.1,26.32
26-06-2002,268.829987,320.5,974.75,4.746,107.15,26.76
27-06-2002,269.25,319.2,992,4.823,106.9,26.86
28-06-2002,273.880005,313.5,990,4.809,106.55,26.86
01-07-2002,269.100006,314,969.5,4.783,106.99,26.81
02-07-2002,262.899994,312.8,947.5,4.73,107.24,26.77
03-07-2002,260.920013,310.9,953.25,4.758,107.55,26.8
08-07-2002,260.899994,312.1,978.25,4.798,106.75,26.07
09-07-2002,252.990005,316.1,954,4.73,106.05,26.09
10-07-2002,237.990005,314.7,919,4.617,106.57,26.77
11-07-2002,246.389999,317.2,927,4.638,106.19,26.83
12-07-2002,237.919998,315.6,917.25,4.574,106.22,27.48
15-07-2002,241.759995,319.6,920.5,4.628,105.05,27.07
16-07-2002,234.699997,317.2,903.25,4.684,104.85,27.75
17-07-2002,232.470001,317.4,905,4.686,104.78,27.88
18-07-2002,226.119995,317,875.5,4.614,104.85,27.57
19-07-2002,214.940002,323.9,844,4.518,104.42,27.83
22-07-2002,209.660004,323.6,819.75,4.446,105.13,26.6
23-07-2002,191.850006,312.7,796.75,4.408,107.08,26.31
24-07-2002,208.179993,311.5,844,4.459,105.87,26.87
25-07-2002,218.529999,309.8,836.75,4.383,105.48,26.77
26-07-2002,216.990005,303.4,853.75,4.386,106.89,26.54
29-07-2002,219.970001,302.5,893.75,4.564,107.39,26.55
30-07-2002,235.580002,303.7,905.5,4.588,107.15,27.36
31-07-2002,237.199997,303.2,911.5,4.459,107.7,27.02
01-08-2002,230.610001,304,884,4.393,107.25,26.47
02-08-2002,226.070007,307,865,4.295,106.96,26.84
05-08-2002,224.520004,307.8,834,4.209,107.58,26.58
06-08-2002,232.259995,305.5,861,4.331,108.98,27.17
07-08-2002,233.830002,314.3,876,4.306,108.13,26.5
08-08-2002,236.619995,310.4,905.75,4.397,108.89,26.67
09-08-2002,237.940002,314.2,907.75,4.258,108.42,26.86
12-08-2002,241.360001,314.1,902.5,4.213,107.61,27.86
13-08-2002,235.360001,314.2,885.25,4.088,107.24,27.9
14-08-2002,242.419998,311.8,918,4.121,107.04,28.15
15-08-2002,242.5,314.3,930.5,4.183,106.85,29.06
16-08-2002,239.179993,313.7,928,4.327,106.89,29.33
19-08-2002,241.869995,306,949,4.286,107.72,29.84
20-08-2002,242.490005,308.7,939.75,4.151,107.51,30.11
21-08-2002,249.320007,307.6,952.25,4.202,107.28,29.24
22-08-2002,253.229996,306.6,961,4.32,108.3,28.84
23-08-2002,249.509995,306.7,941,4.238,108.13,28.63
26-08-2002,254.690002,309.4,947.5,4.231,107.95,29.28
27-08-2002,250.929993,312.3,936.5,4.278,106.84,28.83
28-08-2002,249.630005,309.4,916.5,4.214,107.22,28.34
29-08-2002,245.850006,312.9,916,4.142,106.73,28.92
30-08-2002,242.520004,312.4,916,4.13,106.87,28.98
03-09-2002,234.880005,313.4,877.75,3.965,105.62,27.79
04-09-2002,233.960007,314.9,889.75,3.963,106.15,28.27
05-09-2002,233.820007,318.2,883.25,3.931,106.02,28.98
06-09-2002,234.559998,319.9,894.5,4.015,106.94,29.61
09-09-2002,234.059998,321.3,900.5,4.06,107.18,29.73
10-09-2002,228.690002,317.9,911,3.995,107.56,29.73
11-09-2002,229.279999,316.6,906,4.061,107.68,29.77
12-09-2002,222.100006,318.9,889.25,3.964,107.16,28.85
13-09-2002,225.630005,316.6,891,3.908,108.06,29.81
16-09-2002,221.940002,317.1,893,3.913,108.231,29.67
17-09-2002,213.919998,317,872.5,3.821,108.81,29.08
18-09-2002,220.839996,320.6,863.75,3.842,108.25,29.48
19-09-2002,217.25,322.6,841.75,3.78,107.48,29.5
20-09-2002,213.300003,321.9,846.24,3.784,108.1,29.61
23-09-2002,209.169998,323,834.5,3.695,108.41,30.71
24-09-2002,204.380005,325.9,820.75,3.647,108,30.77
25-09-2002,209.229996,322.2,841.25,3.753,108.27,30.64
26-09-2002,218.169998,320.3,854.5,3.774,108.15,30.41
27-09-2002,213.770004,319.7,825.25,3.663,107.95,30.54
30-09-2002,215.070007,323.9,815,3.6,107.26,30.45
01-10-2002,218.539993,320.9,854,3.717,107.48,30.83
02-10-2002,214.789993,321.5,830.5,3.671,107.54,30.49
03-10-2002,210.580002,321.1,820.5,3.688,107.36,29.76
04-10-2002,200.809998,322.1,805.75,3.669,108.02,29.62
07-10-2002,197.119995,321.9,788.5,3.615,107.9,29.64
08-10-2002,185.389999,318.2,801,3.634,108.49,29.48
09-10-2002,167.570007,319.6,777.75,3.57,107.26,29.35
10-10-2002,181.279999,316.5,802.5,3.659,107.6,28.97
11-10-2002,183.660004,316.3,838.5,3.804,107.6,29.37
14-10-2002,178.979996,317.8,841.5,3.804,107.5,30.03
15-10-2002,178.130005,312.6,882.75,3.994,108.12,29.72
16-10-2002,169.880005,314,862.25,4.047,107.99,29.47
17-10-2002,172.630005,311.6,879,4.202,108.72,29.62
18-10-2002,175.350006,312.7,883.25,4.109,108.87,29.6
21-10-2002,185.130005,310.9,898.75,4.256,108.54,28.37
22-10-2002,181.860001,313,891.5,4.261,108.19,27.92
23-10-2002,186.779999,312,898.25,4.229,108.25,28.18
24-10-2002,186.779999,310.7,880.5,4.118,108.11,28.2
25-10-2002,190.300003,313.4,898.75,4.097,108.17,27.05
28-10-2002,194.5,315.2,891.75,4.089,107.34,27.29
29-10-2002,194.360001,317.7,881.5,3.941,107.29,26.86
30-10-2002,198.860001,316.5,889.75,3.963,107.32,26.81
31-10-2002,198.25,318,885.5,3.895,106.82,27.22
01-11-2002,199.729996,318.8,898.5,4.005,106.25,27.13
04-11-2002,206.550003,318.3,907.5,4.045,106.28,26.95
05-11-2002,206.850006,318.2,914,4.073,106.03,26.14
06-11-2002,209.429993,317.5,925.75,4.032,105.78,25.77
07-11-2002,202.279999,320.5,902.5,3.882,105.13,25.38
08-11-2002,195.869995,321.3,891.5,3.843,104.68,25.78
11-11-2002,194.720001,321.2,877.75,3.843,104.75,25.94
12-11-2002,190.740005,324.5,884.75,3.851,104.82,25.9
13-11-2002,193.050003,318.7,885.75,3.841,105.27,25.19
14-11-2002,196.429993,317.9,902.5,4.062,105.42,25.29
15-11-2002,200.339996,320.7,909,4.032,105.19,25.51
18-11-2002,198.229996,319.2,900,3.989,105.38,26.71
19-11-2002,197.369995,318.6,898,3.983,105.8,26.42
20-11-2002,198.419998,317.4,918.75,4.06,106.05,26.98
21-11-2002,199.300003,317.4,935.5,4.156,105.93,26.35
22-11-2002,205.610001,320.7,928.75,4.183,106.28,26.76
25-11-2002,205.809998,317.8,929.75,4.177,106.69,26.11
26-11-2002,201.330002,,911.5,4.07,106.65,26.4
27-11-2002,202.970001,316.8,938,4.257,106.89,26.89
02-12-2002,200.649994,317.6,935.25,4.231,106.45,27.24
03-12-2002,203.880005,320.2,923.75,4.204,106.44,27.3
04-12-2002,199.039993,322.2,919,4.152,106.24,26.71
05-12-2002,198.369995,324.8,908.5,4.137,106.19,27.29
06-12-2002,198.949997,326.3,913.75,4.089,105.38,26.93
09-12-2002,200.440002,325.8,889.5,4.037,105.27,27.2
10-12-2002,202.990005,323.5,902,4.056,105.4,27.74
11-12-2002,205.210007,324.8,902.25,4.025,105.37,27.4
12-12-2002,206.330002,331.4,902,4.026,104.53,28.01
13-12-2002,209.100006,333.2,887.5,4.071,103.98,28.44
16-12-2002,211.360001,337,910.25,4.16,104.52,30.1
17-12-2002,213.259995,337.4,902.75,4.124,104,30.1
18-12-2002,213.240005,342.1,892.25,4.038,104.1,30.44
19-12-2002,212.529999,345.9,886,3.941,103.98,30.56
20-12-2002,215.5,340.5,891.11,3.964,104,30.3
23-12-2002,213.820007,345.1,897,3.969,104.08,31.75
24-12-2002,214.309998,346.8,891.5,3.947,103.68,31.97
26-12-2002,215.690002,348.7,890.75,3.909,103.2,32.49
27-12-2002,212.860001,349.2,871.75,3.811,102.78,32.72
30-12-2002,214.789993,343.4,877.5,3.792,102.46,31.37
31-12-2002,215.179993,347.6,879,3.818,102.26,31.2
02-01-2003,219.779999,346.1,907.5,4.031,103.47,31.85
03-01-2003,221.199997,351.2,910,4.019,102.86,33.08
06-01-2003,231.270004,351.7,926.5,4.055,102.39,32.1
07-01-2003,225.779999,347.3,923.75,4.008,102.94,31.08
08-01-2003,226.679993,353.9,910,4.021,102.24,30.56
09-01-2003,226.990005,353.3,924.75,4.174,102.29,31.99
10-01-2003,225.479996,354.5,926.5,4.14,101.56,31.68
13-01-2003,221.059998,354.7,926.5,4.123,101.83,32.26
14-01-2003,222.149994,352,929.25,4.081,101.53,32.37
15-01-2003,221.360001,350.7,921,4.061,101.69,33.21
16-01-2003,221.169998,357.7,916.5,4.083,101.12,33.66
17-01-2003,219.110001,356.6,903,4.017,100.89,33.91
21-01-2003,215.190002,357.3,888.5,3.973,100.47,34.61
22-01-2003,213.339996,359.7,877.5,3.915,100.53,32.85
23-01-2003,215.600006,364.5,883,3.941,100.17,32.25
24-01-2003,210.660004,368.2,860.25,3.937,99.45,33.28
27-01-2003,203.259995,369.4,847.25,3.966,99.54,32.29
28-01-2003,209.279999,370,854.5,3.973,99.74,32.67
29-01-2003,208.759995,366.3,860.75,4.023,99.53,33.63
30-01-2003,205.919998,368.6,840,3.971,99.75,33.85
31-01-2003,207.75,368.3,854.75,3.966,100.14,33.51
03-02-2003,209.729996,370.8,858.5,3.998,100.12,32.76
04-02-2003,206.880005,379,849.25,3.927,99.29,33.58
05-02-2003,204.350006,376.4,844.5,4.002,99.9,33.93
06-02-2003,203.410004,370.1,840.5,3.946,99.69,34.16
07-02-2003,199.839996,369.9,830.5,3.932,99.77,35.12
10-02-2003,200.770004,363.7,836,3.97,100.48,34.48
11-02-2003,196.850006,362.5,829.75,3.959,100.62,35.44
12-02-2003,190.220001,352.6,816.75,3.913,100.73,35.77
13-02-2003,193.509995,357.4,819,3.886,99.72,36.36
14-02-2003,196.169998,351.9,837,3.963,100.25,36.8
18-02-2003,198.289993,344.2,851.5,3.951,100.7,36.96
19-02-2003,196.770004,349.9,846.75,3.885,100.18,37.16
20-02-2003,198.470001,353.1,838.75,3.869,99.65,36.79
21-02-2003,200.600006,351.8,847.25,3.893,100.25,35.58
24-02-2003,199.550003,356.3,832.5,3.85,99.74,36.48
25-02-2003,200.699997,352.3,839.75,3.82,99.91,36.06
26-02-2003,196.539993,354,827.75,3.766,99.69,37.7
27-02-2003,198.300003,346.1,838.25,3.739,99.87,37.2
28-02-2003,197.960007,350.2,841,3.692,99.81,36.6
03-03-2003,199.5,349.2,835.5,3.675,99.18,35.88
04-03-2003,197.339996,353.2,822.25,3.648,99.16,36.89
05-03-2003,199.839996,353.1,829.5,3.631,98.29,36.69
06-03-2003,200.710007,356.8,821.75,3.654,98.37,37
07-03-2003,200.660004,350.8,828.5,3.644,98.1,37.78
10-03-2003,196.259995,354.7,807.75,3.564,97.92,37.27
11-03-2003,195.929993,350.5,800.25,3.582,98.08,36.72
12-03-2003,196.839996,346.5,805.75,3.586,98.19,37.83
13-03-2003,198.660004,335.9,833.25,3.75,99.61,36.01
14-03-2003,199.149994,336.5,834.25,3.701,100.05,35.38
17-03-2003,203.440002,337.1,862,3.84,99.69,34.93
18-03-2003,206.210007,337.6,867.25,3.908,101.4,31.67
19-03-2003,206.289993,336.1,873.5,3.986,102.11,29.88
20-03-2003,207.660004,332.9,875.75,3.955,101.63,28.61
21-03-2003,210.550003,326,887.16,4.108,102.45,26.91
24-03-2003,206.199997,329.5,863.5,3.969,101.43,28.66
25-03-2003,209.529999,328.4,872.25,3.944,101.37,27.97
26-03-2003,207.520004,330.3,868,3.935,101.07,28.63
27-03-2003,208.919998,328.7,867.5,3.926,101.12,30.37
28-03-2003,209.289993,331.5,863,3.903,100.35,30.16
31-03-2003,208,335.9,847,3.802,99.49,31.04
01-04-2003,210.220001,334.3,856.75,3.81,99.58,29.78
02-04-2003,209.929993,329.6,877.25,3.931,100.55,28.56
03-04-2003,208.710007,324.9,873.25,3.913,100.78,28.97
04-04-2003,211.789993,325.3,878.5,3.955,100.88,28.62
07-04-2003,211.100006,321.5,877,3.98,101.48,27.96
08-04-2003,210.350006,322.2,878.25,3.937,100.9,28
09-04-2003,210.039993,325.6,866.75,3.898,100.53,28.85
10-04-2003,211.679993,326.7,871.75,3.941,100.2,27.46
11-04-2003,210.850006,327.9,868.25,3.974,100.56,28.14
14-04-2003,213.889999,324.2,886,4.016,100.31,28.63
15-04-2003,216.820007,324.9,893.75,3.99,100.05,29.29
16-04-2003,215.710007,325.8,878.75,3.943,99.29,29.18
17-04-2003,217.190002,327.2,891.25,3.959,99.56,30.55
21-04-2003,217.199997,333.5,893,3.987,99.9,30.87
22-04-2003,219.639999,334.4,909.5,3.967,98.99,29.91
23-04-2003,219.479996,331.5,917.5,3.979,99.02,26.65
24-04-2003,223.059998,334.8,909.75,3.926,98.56,26.64
25-04-2003,221.470001,333.4,898.5,3.89,98.62,26.26
28-04-2003,224.690002,334.5,913.5,3.904,98.92,25.49
29-04-2003,224.199997,333.7,916,3.931,98.2,25.24
30-04-2003,224.850006,339.1,916,3.84,97.38,25.8
01-05-2003,222.809998,342.1,915,3.843,96.88,26.03
02-05-2003,224.589996,341,927.5,3.927,96.94,25.67
05-05-2003,225.110001,342.3,926.25,3.888,96.53,26.49
06-05-2003,225.119995,342.5,934.75,3.788,95.58,25.72
07-05-2003,224.710007,341.9,929.5,3.678,95.76,26.23
08-05-2003,223.949997,348.4,920.5,3.454,95.11,26.98
09-05-2003,225.619995,348.6,932.25,3.682,95.16,27.72
12-05-2003,226.210007,351.6,944.25,3.639,94.72,27.35
13-05-2003,226.100006,350,942.75,3.608,94.88,28.5
14-05-2003,226.75,352.3,940.25,3.523,94.73,29.17
15-05-2003,230.649994,352.6,946.25,3.533,95.41,28.74
16-05-2003,235.080002,354.7,944.25,3.421,94.18,29.14
19-05-2003,231.470001,364.2,922.5,3.488,93.9,28.83
20-05-2003,233.089996,366.3,919.25,3.357,93.4,29.28
21-05-2003,232.589996,372,922,3.399,93.68,29.03
22-05-2003,236.479996,368.1,930.75,3.316,93.71,28.85
23-05-2003,244.899994,368.8,932.25,3.335,93.13,29.16
27-05-2003,248.800003,367.8,949.5,3.418,92.81,29.35
28-05-2003,247.110001,365.2,952,3.426,93.58,28.58
29-05-2003,242.080002,369.6,949.25,3.337,92.84,29.1
30-05-2003,245.630005,364.5,963.25,3.373,93.31,29.56
02-06-2003,247.690002,366,968.25,3.412,93.46,30.71
03-06-2003,249.009995,365.2,972.25,3.332,93.56,30.67
04-06-2003,251.410004,362.6,986.25,3.295,93.79,30.05
05-06-2003,248.179993,368.6,990.75,3.345,92.59,30.74
06-06-2003,246.270004,363.7,987.75,3.354,93.56,31.28
09-06-2003,245.610001,361.8,977,3.279,93.38,31.45
10-06-2003,246.949997,352.2,986.75,3.193,93.62,31.73
11-06-2003,248.800003,355.5,997.25,3.213,93.02,32.36
12-06-2003,252.190002,353.3,1000.5,3.166,92.89,31.51
13-06-2003,249.009995,356.6,989.75,3.116,92.25,30.65
16-06-2003,255,359,1010.5,3.174,92.8,31.18
17-06-2003,252.570007,363.2,1010.75,3.264,93.07,31.07
18-06-2003,253.039993,357.2,1009.5,3.364,93.61,30.36
19-06-2003,253.940002,361.3,995.25,3.341,93.64,29.96
20-06-2003,254.369995,356.3,1001.56,3.367,94.45,30.82
23-06-2003,251.470001,353,981,3.313,94.47,29.17
24-06-2003,250.509995,346.3,981.5,3.252,94.83,28.78
25-06-2003,250.5,349.3,972,3.405,94.55,29.95
26-06-2003,252.130005,343.9,983.5,3.547,95.4,29.01
27-06-2003,249.520004,345.2,973.25,3.545,95.49,29.27
30-06-2003,250.990005,346,973.25,3.516,95.11,30.19
01-07-2003,250.220001,351.4,981.25,3.55,94.65,30.4
02-07-2003,251.490005,351.3,993,3.537,94.4,30.15
03-07-2003,249.570007,351,982.5,3.655,94.75,30.42
07-07-2003,249.5,348.1,1002.5,3.736,95.9,30.13
08-07-2003,247.330002,344.1,1007.5,3.719,96.19,30.22
09-07-2003,245.309998,343.6,1001,3.683,95.89,30.88
10-07-2003,240.580002,344.3,988.75,3.655,95.67,31.06
11-07-2003,242.350006,344.8,997.25,3.629,96.13,31.28
14-07-2003,242.009995,347.7,1002.5,3.725,96.37,31.27
15-07-2003,238.630005,342.1,1001,3.982,97.22,31.62
16-07-2003,234.699997,343.1,995,3.921,97,31.05
17-07-2003,233.669998,344.2,980.75,3.923,97.19,31.41
18-07-2003,237.589996,347.2,990.5,4.002,96.82,31.96
21-07-2003,233.559998,350.9,978,4.21,96.42,31.78
22-07-2003,237.919998,350.6,986.75,4.125,96.67,30.19
23-07-2003,235.839996,358.6,987.5,4.107,95.6,29.67
24-07-2003,236.440002,362.2,980.25,4.167,95.59,30.22
25-07-2003,237.509995,362.7,996.75,4.178,95.12,30.17
28-07-2003,235.75,364.8,994,4.285,95.28,30.11
29-07-2003,235.559998,361.7,989,4.441,95.5,30.24
30-07-2003,235.399994,356.2,986.5,4.309,96.3,30.68
31-07-2003,235.929993,354,989.25,4.41,97.14,30.54
01-08-2003,234.539993,346.1,979.5,4.39,96.87,32.31
04-08-2003,235.029999,349.2,980.25,4.29,96.36,31.84
05-08-2003,231.119995,349.6,959.5,4.4,96.37,32.22
06-08-2003,233.160004,350.8,965,4.27,96.42,31.7
07-08-2003,234.479996,352.5,974.5,4.18,95.96,32.39
08-08-2003,236.160004,356.3,978,4.27,96.57,32.18
11-08-2003,235.880005,361.7,981.25,4.36,95.98,32.01
12-08-2003,238.669998,358.5,990,4.43,96.34,31.92
13-08-2003,237.940002,362.1,984.75,4.56,96.35,30.78
14-08-2003,237.960007,366,987.75,4.46,96.82,31.09
15-08-2003,237.470001,363.2,990.5,4.53,96.8,31.05
18-08-2003,236.100006,358.4,998.75,4.46,97.45,30.89
19-08-2003,236.029999,361.6,1003,4.37,97.48,30.7
20-08-2003,239.080002,365.6,999,4.44,97.51,30.95
21-08-2003,239.309998,360.6,1002,4.48,98.7,31.88
22-08-2003,236.300003,363.1,992.5,4.48,99,31.84
25-08-2003,238.089996,361.3,993.75,4.53,98.93,31.56
26-08-2003,238.800003,365.8,995.5,4.48,98.84,31.95
27-08-2003,238.740005,373.5,995.75,4.54,98.99,31.21
28-08-2003,238.690002,370.5,1001.25,4.42,98.94,31.5
29-08-2003,239.570007,375.7,1007.75,4.47,98.1,31.57
02-09-2003,243.470001,373.2,1022,4.61,99.06,29.41
03-09-2003,244.839996,373.9,1027,4.6,98.81,29.49
04-09-2003,244.339996,372.9,1028.25,4.51,98.27,28.98
05-09-2003,243.529999,377.6,1022.25,4.35,97.13,28.88
08-09-2003,245.740005,375.1,1030.5,4.43,97.2,28.85
09-09-2003,244.160004,381.7,1024,4.36,96.43,29.18
10-09-2003,245.050003,380,1013.5,4.27,96.51,29.35
11-09-2003,243.979996,379.7,1016.75,4.32,96.56,28.82
12-09-2003,245.710007,375.8,1018,4.25,96.03,28.27
15-09-2003,244.210007,374.5,1014.5,4.27,96.83,28.14
16-09-2003,246.309998,373.5,1029.5,4.28,97.12,27.56
17-09-2003,245.089996,376.2,1027.25,4.18,96.14,27.03
18-09-2003,249.229996,376.6,1039.25,4.16,96.31,27.17
19-09-2003,250.110001,381.8,1039.6,4.16,95.34,27.03
22-09-2003,247.850006,387.2,1021.25,4.21,94.21,26.96
23-09-2003,248.539993,385.9,1025.5,4.21,94.34,27.13
24-09-2003,245.610001,387.5,1007.25,4.14,94.07,28.24
25-09-2003,246.410004,385,997.75,4.09,94.14,28.29
26-09-2003,248.979996,380.8,994.5,4,94.25,28.16
29-09-2003,252.020004,382.4,1004.25,4.08,93.44,28.4
30-09-2003,250.589996,385.4,994,3.94,93.2,29.2
01-10-2003,253.029999,384.3,1016.5,3.934,92.7,29.39
02-10-2003,253.320007,383.1,1019.5,3.996,92.73,29.84
03-10-2003,253.169998,369.4,1028.5,4.2,93.53,30.4
06-10-2003,253.850006,372.7,1033.5,4.172,92.8,30.47
07-10-2003,252.779999,377.2,1037.25,4.261,92.18,30.41
08-10-2003,252.460007,375.4,1035,4.239,92.04,29.81
09-10-2003,253.559998,369.2,1038.5,4.294,92.33,31.01
10-10-2003,253,373.6,1040.5,4.255,91.79,31.97
13-10-2003,253.910004,375.2,1044.5,4.269,92.17,31.95
14-10-2003,255.009995,375.7,1047.5,4.347,92.15,31.82
15-10-2003,252.429993,372.6,1044.5,4.401,92.72,31.77
16-10-2003,253.210007,372.7,1049.25,4.462,92.9,31.54
17-10-2003,252.100006,371.8,1037.75,4.394,92.6,30.68
20-10-2003,252.580002,374,1045.25,4.387,92.73,30.35
21-10-2003,253.220001,381.7,1043.5,4.346,92.64,30.18
22-10-2003,252.970001,386.5,1030.5,4.254,91.53,29.92
23-10-2003,252.630005,384.7,1028.5,4.318,91.68,30.3
24-10-2003,252.740005,388.9,1030,4.251,91.51,30.16
27-10-2003,252.169998,387.9,1030.75,4.277,91.85,29.92
28-10-2003,252.25,383.2,1044.75,4.179,92.1,29.56
29-10-2003,252.860001,386.8,1046.25,4.304,92.12,28.91
30-10-2003,253.509995,384.3,1048.5,4.348,92.46,28.47
31-10-2003,252.699997,384.5,1049.5,4.297,92.88,29.11
03-11-2003,255.380005,377,1054.25,4.344,93.87,28.9
04-11-2003,252.580002,379.9,1052.25,4.299,93.45,28.75
05-11-2003,252.820007,382.6,1053.5,4.354,93.82,30.3
06-11-2003,251.729996,380.6,1058.5,4.412,94.1,30.26
07-11-2003,250.119995,383.3,1050.5,4.441,93.2,30.85
10-11-2003,250.050003,386.6,1046.25,4.444,93.17,30.88
11-11-2003,250.009995,388.1,1045.75,4.43,93.26,31.15
12-11-2003,249.600006,394.9,1057,4.402,92.42,31.33
13-11-2003,249.070007,394.1,1058,4.273,91.74,31.9
14-11-2003,248.660004,397.8,1049,4.223,91.6,32.37
17-11-2003,246.339996,391.5,1043.5,4.198,91.67,31.73
18-11-2003,243.470001,397.6,1032.75,4.146,90.41,33.28
19-11-2003,246.199997,394.9,1041,4.239,91,32.92
20-11-2003,245.279999,393.7,1032,4.157,90.72,32.86
21-11-2003,245.389999,396,1036.25,4.162,90.75,31.61
24-11-2003,247.720001,391.5,1049.5,4.232,91.73,29.74
25-11-2003,249.110001,,1053.25,4.187,91.57,29.77
26-11-2003,250.300003,396.8,1056.75,4.249,90.72,30.41
01-12-2003,252.809998,402.7,1069,4.386,90.43,29.95
02-12-2003,252.889999,403.7,1067,4.381,89.67,30.78
03-12-2003,252.160004,403.9,1065,4.403,89.57,31.1
04-12-2003,253.520004,403.3,1069.5,4.367,89.63,31.26
05-12-2003,253.809998,406.4,1062.25,4.234,89.19,30.73
08-12-2003,255.610001,406.6,1069,4.271,88.75,32.1
09-12-2003,252.729996,408.2,1060.5,4.354,88.64,31.76
10-12-2003,253.070007,406.2,1060.75,4.319,88.88,31.88
11-12-2003,254.130005,404.6,1072.25,4.236,88.89,31.85
12-12-2003,254.25,409.4,1074,4.242,88.46,33.04
15-12-2003,254.339996,409.2,1068.75,4.259,88.51,33.18
16-12-2003,255.669998,407.7,1075,4.215,88.74,32.89
17-12-2003,257.600006,412,1077.5,4.184,88.3,33.35
18-12-2003,260.600006,410.4,1090.25,4.128,88.24,33.71
19-12-2003,261.359985,409.2,1091.61,4.136,88.53,33.02
22-12-2003,263.320007,410.6,1092.75,4.172,88.39,31.87
23-12-2003,264.850006,411,1093.5,4.261,88.37,31.95
24-12-2003,264.75,412.3,1093,4.186,87.89,32.86
29-12-2003,266.809998,414.8,1107.75,4.244,87.74,32.4
30-12-2003,267.700012,416.9,1107.75,4.26,87.37,32.79
31-12-2003,266.899994,415.7,1110.5,4.253,87.26,32.52
05-01-2004,266.51001,424.4,1120,4.38,86.35,33.78
06-01-2004,265.869995,422.8,1122,4.274,85.93,33.7
07-01-2004,267.700012,421.9,1125.5,4.245,86.52,33.62
08-01-2004,267.920013,424,1129.5,4.269,85.88,33.98
09-01-2004,266.98999,426.4,1120,4.084,85.39,34.31
12-01-2004,266.309998,426.3,1128.25,4.09,85.86,34.72
13-01-2004,266.179993,423.7,1121.25,4.015,85.78,34.43
14-01-2004,268.269989,421.7,1131.25,3.996,86.32,34.5
15-01-2004,266.170013,408.4,1133.25,3.974,86.87,33.44
16-01-2004,266.809998,406.7,1138,4.029,88.05,35.07
20-01-2004,268.130005,412.7,1137.5,4.063,86.98,36.2
21-01-2004,272.790009,411.1,1146,4.024,86.6,34.58
22-01-2004,272.609985,410,1144,3.966,86.09,34.93
23-01-2004,271.290009,407.9,1140.25,4.09,86.85,34.94
26-01-2004,269.98999,406.6,1154.25,4.133,87.51,34.47
27-01-2004,268.940002,410,1142.5,4.087,86.54,34.12
28-01-2004,271.579987,414.5,1129.25,4.192,87.24,33.62
29-01-2004,272.609985,398.5,1130.25,4.183,87.82,32.81
30-01-2004,271.940002,402.2,1130,4.134,87.42,33.05
02-02-2004,271.290009,398.7,1134.5,4.147,87.79,34.98
03-02-2004,272.73999,399.2,1133,4.099,86.98,34.1
04-02-2004,269.329987,401,1124,4.12,87.02,33.1
05-02-2004,267.609985,398.1,1126.5,4.169,87.12,33.08
06-02-2004,269.459991,403.6,1139,4.081,86.2,32.48
09-02-2004,270.029999,406.8,1140,4.06,86.17,32.83
10-02-2004,272.26001,406.4,1143.25,4.116,86.04,33.87
11-02-2004,272.709991,410.2,1155.25,4.029,85.36,34
12-02-2004,271.5,413.7,1151,4.075,85.47,33.98
13-02-2004,270.679993,410.3,1145.75,4.053,85.68,34.56
17-02-2004,273.390015,416,1156.5,4.04,85.12,35.19
18-02-2004,274.660004,412.3,1151.25,4.058,86.02,35.45
19-02-2004,273.359985,409.8,1147.25,4.036,86.04,36
20-02-2004,271.230011,397.5,1143.75,4.106,87.4,35.6
23-02-2004,272.75,399,1140,4.039,87.17,34.35
24-02-2004,271.609985,404.5,1138.5,4.031,86.23,34.58
25-02-2004,273.76001,395.8,1143,4.015,87.32,35.68
26-02-2004,274.709991,395.1,1143.25,4.04,87.79,35.51
27-02-2004,278.019989,396.4,1144.5,3.972,87.42,36.16
01-03-2004,279.850006,399.3,1155.5,3.975,87.62,36.86
02-03-2004,279.070007,393.5,1149,4.056,88.93,36.66
03-03-2004,278.720001,392.4,1150.75,4.054,89.14,35.8
04-03-2004,278.850006,392.9,1154.25,4.023,89.22,36.64
05-03-2004,281.070007,401.3,1157.75,3.855,88.23,37.26
08-03-2004,279.899994,400.6,1144,3.77,88.04,36.57
09-03-2004,279.890015,404.2,1139.5,3.725,88.39,36.28
10-03-2004,277.029999,400,1120.25,3.731,89.02,36.1
11-03-2004,272.929993,400.7,1105.5,3.712,88.49,36.78
12-03-2004,274.829987,395.3,1119.25,3.787,89.09,36.19
15-03-2004,274.679993,399.4,1106.25,3.766,89.019,37.44
16-03-2004,276.200012,402.4,1111.5,3.683,89.02,37.48
17-03-2004,281.399994,406.9,1123.75,3.717,89.05,38.18
18-03-2004,280.459991,411.1,1124.25,3.752,88.15,37.93
19-03-2004,279.149994,412.5,1120.18,3.773,88.54,38.08
22-03-2004,276.119995,417.4,1093.25,3.724,88.2,37.11
23-03-2004,276.190002,419.8,1091.25,3.694,88.22,37.45
24-03-2004,276.200012,417.2,1091.5,3.713,89.35,37.01
25-03-2004,277.309998,416.7,1106,3.743,89.32,35.51
26-03-2004,277.619995,422.1,1106,3.837,89.28,35.73
29-03-2004,279,417.1,1121.75,3.892,88.98,35.45
30-03-2004,280.519989,421.7,1126,3.896,88.78,36.25
31-03-2004,281.089996,427.3,1125,3.837,87.95,35.76
01-04-2004,282.869995,427.8,1133.5,3.89,87.53,34.27
02-04-2004,281.98999,421.6,1142,4.145,88.85,34.39
05-04-2004,282.480011,415.4,1148.25,4.216,89.58,34.38
06-04-2004,282.600006,418.9,1144.75,4.149,89.08,34.97
07-04-2004,280.200012,422.8,1142.25,4.165,88.55,36.15
08-04-2004,280,419.9,1139.5,4.193,89.29,37.14
12-04-2004,275.269989,420.1,1144,4.23,89.22,37.84
13-04-2004,270.790009,407,1128.25,4.354,90.18,37.21
14-04-2004,269.869995,399.8,1129.75,4.366,90.56,36.72
15-04-2004,271.980011,397.7,1125,4.4,90.36,37.57
16-04-2004,273.559998,401,1134,4.344,90.24,37.74
19-04-2004,272.440002,400.6,1133.75,4.386,90.11,37.42
20-04-2004,270.230011,397.7,1114.5,4.467,90.75,37.6
21-04-2004,270.179993,390.8,1122.5,4.431,91.42,35.73
22-04-2004,273.910004,393.3,1136.75,4.387,91.1,36.71
23-04-2004,273.700012,395.1,1139.5,4.468,91.36,36.46
26-04-2004,276.459991,396,1138,4.448,90.85,36.97
27-04-2004,276.220001,398.6,1138,4.385,90.63,37.53
28-04-2004,276.720001,385.4,1123.5,4.502,91.43,37.46
29-04-2004,273.350006,386.6,1114,4.54,90.8,37.31
30-04-2004,273.600006,387,1106,4.51,90.68,37.38
03-05-2004,274.869995,387,1116,4.502,91.02,38.21
04-05-2004,275.720001,391.4,1115.5,4.567,90.05,38.98
05-05-2004,273.910004,393.4,1122,4.588,89.5,39.57
06-05-2004,274.5,388,1113,4.602,90.09,39.37
07-05-2004,267.609985,378.7,1095.5,4.775,91.31,39.93
10-05-2004,263.390015,378.3,1083.5,4.801,91.75,38.93
11-05-2004,262.5,376.9,1092.25,4.748,91.84,40.06
12-05-2004,262.140015,377.4,1098.75,4.822,91.44,40.77
13-05-2004,262.950012,374.8,1093.75,4.864,92.15,41.08
14-05-2004,265.019989,377,1094.75,4.772,91.78,41.38
17-05-2004,261.890015,379.5,1085.5,4.695,91.16,41.55
18-05-2004,265.269989,375.8,1090.25,4.732,91.41,40.54
19-05-2004,263.540009,382.9,1086.75,4.776,90.66,41.5
20-05-2004,264.869995,378.4,1090.5,4.708,91.15,40.92
21-05-2004,264.75,384.8,1092.5,4.76,90.57,39.93
24-05-2004,268.559998,385.6,1096.5,4.734,90.59,41.72
25-05-2004,273.170013,388.3,1112.5,4.728,89.89,41.14
26-05-2004,272.920013,388.3,1116,4.665,89.81,40.7
27-05-2004,274.880005,,1122.75,4.608,88.71,39.44
28-05-2004,275.820007,394,1120.25,4.665,88.98,39.88
01-06-2004,274.720001,394.6,1121.25,4.703,88.91,42.33
02-06-2004,275.179993,391.6,1125.5,4.75,88.9,39.96
03-06-2004,272.26001,388.1,1115,4.722,89,39.28
04-06-2004,272.559998,390.9,1123.25,4.774,88.59,38.49
07-06-2004,275.290009,393.7,1140.25,4.763,88.29,38.66
08-06-2004,273.269989,391,1142,4.768,88.56,37.28
09-06-2004,270.5,384.5,1131.5,4.808,89.75,37.54
10-06-2004,272.320007,385.9,1136.5,4.801,89.28,38.45
14-06-2004,270.859985,383.6,1125.5,4.876,90.28,37.59
15-06-2004,272.269989,388.1,1134,4.684,89.42,37.19
16-06-2004,273.700012,384.6,1133,4.724,90.42,37.32
17-06-2004,275.410004,388.9,1131.75,4.684,89.95,38.46
18-06-2004,276.5,395.1,1129.6,4.718,89.43,38.75
21-06-2004,278.130005,394,1129.25,4.686,89.6,37.63
22-06-2004,278,395,1135,4.721,89.77,38.11
23-06-2004,280.100006,395,1144,4.7,89.73,37.57
24-06-2004,280.390015,403.1,1141.25,4.654,89.03,37.93
25-06-2004,279.01001,402.9,1135.25,4.652,89.22,37.55
28-06-2004,279.179993,401,1131.75,4.737,89.01,36.24
29-06-2004,276.619995,392.5,1135.75,4.689,89.7,35.66
30-06-2004,277.890015,392.6,1140.5,4.583,89,37.05
01-07-2004,275.640015,396,1126.25,4.569,89.08,38.74
02-07-2004,278.070007,398.3,1125.75,4.46,88.18,38.39
06-07-2004,277.799988,392.6,1115,4.476,88.35,39.65
07-07-2004,278.170013,402.3,1118,4.478,87.88,39.08
08-07-2004,277.730011,407.8,1110.75,4.476,87.76,40.33
09-07-2004,276.040009,407.5,1112.75,4.46,87.67,39.96
12-07-2004,277.170013,408.1,1113.5,4.449,87.65,39.5
13-07-2004,277.140015,402,1114.25,4.472,88.01,39.44
14-07-2004,279.829987,405.4,1111.25,4.486,87.76,40.97
15-07-2004,279.98999,404.2,1103.5,4.484,88.2,40.77
16-07-2004,282.070007,406.6,1102.75,4.355,87.3,41.25
19-07-2004,283.450012,405.6,1098.75,4.361,87.35,41.64
20-07-2004,284.51001,401.9,1112,4.45,87.96,40.86
21-07-2004,279.399994,397.1,1090.5,4.47,88.77,40.58
22-07-2004,278.209991,395.2,1093.75,4.452,88.63,41.36
23-07-2004,276.920013,390.5,1085.5,4.432,89.46,41.71
26-07-2004,276.01001,390.3,1083,4.489,89.22,41.44
27-07-2004,276.230011,387,1092.5,4.619,89.98,41.84
28-07-2004,278.109985,389,1095.5,4.589,89.94,42.9
29-07-2004,280.049988,387,1100.25,4.579,90.14,42.75
30-07-2004,281.309998,391,1101,4.491,90.11,43.8
02-08-2004,282.730011,391.7,1105.5,4.453,89.93,43.82
03-08-2004,283.25,394,1097.25,4.429,89.7,44.15
04-08-2004,284.459991,392.2,1097,4.423,89.83,42.83
05-08-2004,282.390015,392.3,1078.5,4.404,89.78,44.41
06-08-2004,284.390015,399.8,1063.5,4.227,88.46,43.95
09-08-2004,282.429993,400.7,1064.25,4.264,88.49,44.84
10-08-2004,283.980011,400,1076.25,4.291,88.93,44.52
11-08-2004,285.070007,395.5,1075.75,4.279,88.98,44.8
12-08-2004,284.269989,394.3,1063.75,4.258,88.8,45.5
13-08-2004,283.170013,398.9,1066.25,4.232,87.97,46.58
16-08-2004,285.410004,402.9,1077.5,4.263,88.03,46.05
17-08-2004,285,404.4,1083,4.192,88.15,46.75
18-08-2004,288.25,404.3,1094.5,4.231,88.15,47.27
19-08-2004,286.179993,407.1,1091.25,4.264,87.82,48.7
20-08-2004,286.970001,413.2,1098.75,4.291,88.23,47.86
23-08-2004,285.790009,410.5,1096.25,4.279,89.18,46.05
24-08-2004,285.73999,403,1097.5,4.258,89.55,45.21
25-08-2004,286.670013,407.9,1103.75,4.232,89.47,43.47
26-08-2004,286.380005,407.4,1104.5,4.263,89.35,43.1
27-08-2004,286.51001,403.3,1108.25,4.192,89.8,43.18
30-08-2004,287,407.8,1099,4.231,89.74,42.28
31-08-2004,290.549988,410.4,1104,4.24,88.96,42.12
01-09-2004,291.109985,408.8,1106.75,4.117,88.92,44
02-09-2004,293.029999,406,1119.5,4.217,89.02,44.06
03-09-2004,292.25,400.5,1114.5,4.289,89.66,43.99
07-09-2004,293.559998,397.4,1122.25,4.24,89.24,43.31
08-09-2004,290.75,399.4,1118.75,4.164,88.8,42.77
09-09-2004,292.119995,398.5,1117.5,4.197,88.83,44.61
10-09-2004,292.910004,401.9,1123.25,4.189,88.37,42.81
13-09-2004,291.049988,404.1,1127.75,4.141,88.72,43.87
14-09-2004,291.209991,405.7,1129.5,4.128,88.72,44.39
15-09-2004,291.630005,405,1120.25,4.166,89.4,43.58
16-09-2004,294.25,404.7,1124,4.078,88.99,43.88
17-09-2004,295.359985,405.8,1127.02,4.112,89.1,45.59
20-09-2004,294.700012,405.3,1122.25,4.06,89.18,46.35
21-09-2004,295.850006,408.3,1127.25,4.047,88.31,47.1
22-09-2004,294.679993,407.2,1113,3.984,88.68,48.35
23-09-2004,293.079987,410.9,1107.25,4.022,88.62,48.46
24-09-2004,292.980011,408.1,1111.5,4.033,88.59,48.88
27-09-2004,293.890015,409.1,1105.25,3.995,88.48,49.64
28-09-2004,295.570007,412.5,1109.75,4.006,88.27,49.9
29-09-2004,294.480011,413,1115.25,4.09,88.29,49.51
30-09-2004,295.329987,418.7,1115,4.123,87.51,49.64
01-10-2004,298.320007,419.5,1133.25,4.189,87.76,50.12
04-10-2004,299.179993,414,1135.5,4.166,88.54,49.91
05-10-2004,299.850006,418.2,1136.5,4.173,88.29,51.09
06-10-2004,301.350006,418.4,1142.75,4.226,88.65,52.02
07-10-2004,299.070007,418,1131.5,4.246,88.51,52.67
08-10-2004,300.079987,423.1,1122,4.129,87.55,53.31
11-10-2004,300.170013,422,1126,4.138,87.67,53.64
12-10-2004,302.269989,415.1,1122.5,4.103,88.15,52.51
13-10-2004,299.130005,413.2,1112.25,4.059,88.02,53.64
14-10-2004,299.130005,418.1,1103,4.024,87.65,54.76
15-10-2004,301.630005,418.7,1108.25,4.063,87.22,54.93
18-10-2004,301.429993,416.2,1113,4.045,87.15,53.67
19-10-2004,299.75,420.3,1103.5,4.036,86.93,53.29
20-10-2004,300.929993,423.5,1101.75,3.984,86.45,54.92
21-10-2004,300.670013,424.4,1107.75,4.007,86.12,54.47
22-10-2004,303.480011,424.6,1096,3.978,85.97,55.17
25-10-2004,310.380005,429,1095.25,3.976,85.08,54.54
26-10-2004,314.540009,426.8,1111.5,4.001,85.29,55.17
27-10-2004,312.410004,424.8,1124.75,4.085,85.55,52.46
28-10-2004,311.26001,425.1,1127.5,4.054,85.36,50.92
29-10-2004,313.339996,428.5,1130.25,4.029,84.98,51.76
01-11-2004,314.380005,427.3,1130.75,4.072,85.34,50.13
02-11-2004,308.929993,420,1130.5,4.054,85.57,49.62
03-11-2004,314.859985,424.6,1145,4.079,84.76,50.88
04-11-2004,321.540009,430.1,1160.5,4.077,84.63,48.82
05-11-2004,320.070007,433.6,1167.75,4.177,84.07,49.61
08-11-2004,322.519989,432.7,1166.5,4.222,84.17,49.09
09-11-2004,322.290009,435.7,1164.25,4.23,84.26,47.37
10-11-2004,322.440002,434,1164.75,4.247,84.5,48.86
11-11-2004,326.070007,434.9,1173.75,4.251,84.44,47.42
12-11-2004,330.640015,437.9,1182.75,4.186,83.71,47.32
15-11-2004,329.089996,437,1186,4.192,84.05,46.87
16-11-2004,329.149994,440.2,1177.5,4.209,83.87,46.11
17-11-2004,326.190002,444.8,1184.25,4.129,83.34,46.84
18-11-2004,325.399994,442.6,1185,4.117,83.72,46.22
19-11-2004,324.790009,446.8,1172.25,4.205,83.32,48.44
22-11-2004,330.579987,448.8,1178,4.184,83.23,48.64
23-11-2004,331.920013,447.8,1179.25,4.188,82.99,48.94
24-11-2004,332.73999,449.3,1182,4.203,82.46,49.44
29-11-2004,330.519989,453.7,1176,4.322,81.96,49.76
30-11-2004,325.790009,451.3,1174,4.355,81.82,49.13
01-12-2004,321.619995,454,1189.75,4.369,81.56,45.49
02-12-2004,317.579987,450.4,1190.5,4.416,81.97,43.25
03-12-2004,319.679993,456,1189.25,4.256,80.98,42.54
06-12-2004,322.209991,454.2,1189.25,4.228,81.32,42.98
07-12-2004,319.070007,452,1177.75,4.226,81.26,41.46
08-12-2004,318.359985,437.2,1184,4.12,81.93,41.94
09-12-2004,318.769989,435.8,1188.5,4.176,82.06,42.53
10-12-2004,319.690002,433.9,1189.75,4.155,82.59,40.71
13-12-2004,325.029999,438.9,1200.25,4.153,82.32,41.01
14-12-2004,325.700012,435.9,1204,4.128,82.44,41.82
15-12-2004,327.970001,440.8,1204.75,4.078,81.76,44.19
16-12-2004,328.26001,436.9,1204.25,4.187,82.62,44.18
17-12-2004,329.089996,441.6,1190.45,4.203,82.23,46.28
20-12-2004,333.209991,442.4,1198.75,4.185,81.75,45.64
21-12-2004,335.570007,441.8,1208,4.168,82.06,45.76
22-12-2004,336.269989,440.3,1211,4.201,82.01,44.24
23-12-2004,335.890015,441.9,1211.75,4.218,81.55,44.18
27-12-2004,333.660004,445.2,1208.5,4.302,80.78,41.32
28-12-2004,335.700012,444.3,1215.5,4.296,80.8,41.77
29-12-2004,336.160004,436,1217,4.324,81.1,43.64
30-12-2004,336.859985,437.5,1214.75,4.259,80.6,43.45
03-01-2005,330.690002,428.7,1206.25,4.216,81.41,42.12
04-01-2005,328.459991,428.5,1191,4.295,82.7,43.91
05-01-2005,325.440002,426.6,1183.25,4.287,82.65,43.39
06-01-2005,325.940002,421,1188.25,4.263,83.24,45.56
07-01-2005,324.679993,418.9,1186.25,4.275,83.72,45.43
10-01-2005,327.299988,419.1,1191.75,4.273,83.36,45.33
11-01-2005,325.700012,421.9,1184,4.244,83.07,45.68
12-01-2005,327.130005,426.1,1187.5,4.238,82.18,46.37
13-01-2005,329.700012,424.7,1178,4.167,82.57,48.04
14-01-2005,332.290009,422.7,1183.75,4.22,83.13,48.38
18-01-2005,335.26001,423.2,1195.75,4.193,83.46,48.38
19-01-2005,334.579987,423,1183.5,4.175,83.64,47.55
20-01-2005,332.809998,422.4,1176.5,4.171,83.93,46.91
21-01-2005,331.700012,426.7,1168.5,4.144,83.34,48.53
24-01-2005,334.369995,426.9,1166.25,4.124,83.27,48.81
25-01-2005,331.790009,422,1169.75,4.2,84.07,49.64
26-01-2005,337.390015,426.9,1173.25,4.2,83.37,48.78
27-01-2005,339.440002,426.3,1174.75,4.228,83.47,48.84
28-01-2005,339.559998,425.8,1174.75,4.146,83.53,47.18
31-01-2005,343.459991,421.8,1181.75,4.132,83.64,48.2
01-02-2005,345.399994,420.8,1189.25,4.144,83.47,47.12
02-02-2005,347.869995,421.1,1193.25,4.145,83.55,46.69
03-02-2005,348.640015,416.6,1189.5,4.169,84.03,46.45
04-02-2005,352.790009,414,1202,4.083,84.45,46.48
07-02-2005,351.809998,413.6,1200.75,4.056,85.1,45.28
08-02-2005,353.190002,412.6,1202.25,4.023,85.14,45.4
09-02-2005,351.859985,412.9,1193,3.986,85.07,45.46
10-02-2005,353.200012,417.2,1196.5,4.091,84.57,47.1
11-02-2005,352.880005,420.5,1207,4.092,84.61,47.16
14-02-2005,355.790009,425.8,1206.25,4.077,84,47.44
15-02-2005,353.880005,425.9,1210.75,4.102,83.6,47.26
16-02-2005,356.690002,425.5,1210.5,4.16,83.72,48.33
17-02-2005,356.200012,427.3,1201,4.185,83.48,47.54
18-02-2005,352.369995,427.1,1202.25,4.264,83.52,48.35
22-02-2005,342.910004,434.5,1184.75,4.291,82.41,51.15
23-02-2005,345.380005,434.9,1192.75,4.271,82.67,51.17
24-02-2005,349.059998,434.5,1200.75,4.289,82.89,51.39
25-02-2005,356.059998,434.9,1212,4.27,82.65,51.49
28-02-2005,352.890015,436.5,1204,4.381,82.51,51.75
01-03-2005,353.079987,432.9,1210,4.371,82.76,51.68
02-03-2005,353.450012,432.8,1209.5,4.381,83.1,53.05
03-03-2005,354.899994,429.9,1210,4.383,83.31,53.57
04-03-2005,361.75,434.2,1224.25,4.315,82.53,53.78
07-03-2005,363.269989,435,1225.25,4.314,82.78,53.89
08-03-2005,360.799988,440.3,1220.5,4.397,81.97,54.59
09-03-2005,353.970001,442.1,1207,4.528,81.62,54.77
10-03-2005,356.600006,442.8,1209.5,4.469,81.55,53.54
11-03-2005,354.149994,446.2,1201,4.546,81.42,54.43
14-03-2005,360.820007,441.1,1207.75,4.514,81.84,54.95
15-03-2005,359.040009,440.9,1198.5,4.551,82.13,55.05
16-03-2005,356.570007,443.7,1187.75,4.508,81.58,56.46
17-03-2005,359.859985,438.7,1190,4.468,81.81,56.4
18-03-2005,359.200012,439.3,1190.7,4.511,82.1,56.72
21-03-2005,358.910004,431.1,1186.25,4.527,82.84,56.62
22-03-2005,351.890015,431.3,1174.25,4.647,83.35,56.03
23-03-2005,348.700012,425.2,1174.5,4.588,84.01,53.81
24-03-2005,353.970001,424.7,1175.5,4.599,84.11,54.84
28-03-2005,354.440002,425.9,1177.5,4.644,84.61,54.05
29-03-2005,349.649994,426,1170,4.581,84.3,54.23
30-03-2005,354.470001,426.9,1185.5,4.552,84.25,53.99
31-03-2005,358.329987,428.7,1184,4.488,84.05,55.4
01-04-2005,360.299988,425.9,1177.75,4.451,84.4,57.27
04-04-2005,361.179993,423.9,1179.75,4.462,84.78,57.01
05-04-2005,363.609985,424.5,1185.25,4.472,84.6,56.04
06-04-2005,362.350006,427.1,1189.25,4.426,84.68,55.85
07-04-2005,365.399994,426.5,1195.25,4.488,84.88,54.11
08-04-2005,362.01001,426.9,1183.5,4.474,84.41,53.32
11-04-2005,366.25,428.6,1183.75,4.438,84.12,53.71
12-04-2005,369.839996,427.6,1190,4.358,84.4,51.86
13-04-2005,367.26001,429.3,1176,4.366,84.4,50.22
14-04-2005,363.399994,424,1160.5,4.314,84.99,51.13
15-04-2005,356.640015,424.9,1143.5,4.247,84.5,50.49
18-04-2005,358.809998,427.5,1146.75,4.274,83.97,50.37
19-04-2005,363.700012,432.9,1155.75,4.217,83.71,52.29
20-04-2005,360.359985,435.3,1139.75,4.191,83.48,52.44
21-04-2005,364.940002,433,1161.5,4.302,83.71,54.2
22-04-2005,366.350006,434.3,1157.25,4.251,83.45,55.39
25-04-2005,369.549988,434.6,1164,4.255,83.79,54.57
26-04-2005,365.609985,437.9,1153.75,4.271,83.94,54.2
27-04-2005,368.23999,433,1157.25,4.229,84.1,51.61
28-04-2005,366.75,431.3,1143,4.148,84.36,51.77
29-04-2005,371.470001,435,1158.5,4.2,84.42,49.72
02-05-2005,373.190002,429.5,1163.5,4.194,84.45,50.92
03-05-2005,369.059998,426.7,1166,4.17,84.46,49.5
04-05-2005,369.480011,429,1175.25,4.192,83.95,50.13
05-05-2005,366.440002,429.8,1175,4.158,83.94,50.83
06-05-2005,364.880005,426.1,1171.25,4.264,84.62,50.96
09-05-2005,367.820007,426.2,1178.25,4.288,84.6,52.03
10-05-2005,365.25,427.2,1166.25,4.204,84.45,52.07
11-05-2005,366.679993,427.2,1172.5,4.206,84.95,50.45
12-05-2005,362.850006,421.6,1159.25,4.176,85.52,48.54
13-05-2005,355.420013,420.2,1156.75,4.121,86.1,48.67
16-05-2005,355.809998,418.9,1167,4.135,86.12,48.61
17-05-2005,360.880005,419.4,1175.25,4.121,86.2,48.97
18-05-2005,362.429993,421.5,1186.75,4.094,85.81,47.25
19-05-2005,364.549988,420.5,1191.25,4.119,86.1,46.92
20-05-2005,364.890015,417.4,1190.25,4.127,86.67,46.8
23-05-2005,363.230011,416.6,1196.25,4.062,86.37,49.16
24-05-2005,363.480011,417.5,1193.75,4.031,86.39,49.67
25-05-2005,362.480011,418.8,1192.5,4.09,86.35,50.98
26-05-2005,363.329987,418,1198,4.084,86.87,51.01
27-05-2005,365.029999,419.8,1200.25,4.071,86.41,51.85
31-05-2005,365.130005,416.3,1192.25,3.987,87.8,51.97
01-06-2005,368.540009,415.3,1201.25,3.89,88.14,54.6
02-06-2005,368.399994,422.7,1205.25,3.913,87.74,53.63
03-06-2005,369.140015,423.7,1198.5,3.981,88.04,55.03
06-06-2005,368.899994,426.5,1198,3.956,87.6,54.49
07-06-2005,370.130005,424.8,1199,3.907,87.48,53.76
08-06-2005,370.269989,424.7,1196,3.939,87.9,52.54
09-06-2005,370.98999,424.2,1201,3.952,88.05,54.28
10-06-2005,373.160004,427.4,1199,4.055,88.72,53.54
13-06-2005,374.429993,429.3,1202.5,4.094,89.26,55.62
14-06-2005,375.559998,427.5,1205,4.113,89.16,55
15-06-2005,373.940002,429.1,1206.5,4.111,88.55,55.57
16-06-2005,373.109985,436.2,1210.5,4.071,88.62,56.58
17-06-2005,377.690002,438.3,1222.68,4.076,87.56,58.47
20-06-2005,378.76001,438.4,1220,4.117,88.36,59.37
21-06-2005,378.859985,438.9,1221,4.047,88.04,58.9
22-06-2005,381.920013,438.1,1221,3.946,88.44,58.09
23-06-2005,383.420013,441.7,1204,3.957,89.02,59.42
24-06-2005,380.679993,440.5,1195.75,3.925,88.7,59.84
27-06-2005,382.190002,440.3,1196.25,3.907,88.29,60.54
28-06-2005,385.950012,436.4,1206.75,3.974,88.84,58.2
29-06-2005,385.350006,437.3,1203,3.988,88.97,57.26
30-06-2005,386.589996,435.9,1195.5,3.921,88.98,56.5
01-07-2005,390.359985,427.8,1200,4.055,90,58.75
05-07-2005,390.329987,422.9,1209,4.111,90.33,59.59
06-07-2005,383.170013,423.5,1198.5,4.074,90.25,61.28
07-07-2005,386.589996,423.3,1202.75,4.068,90.2,60.73
08-07-2005,390.410004,422.9,1216.5,4.099,90.15,59.63
11-07-2005,394.380005,425.5,1223.5,4.099,89.33,58.92
12-07-2005,396.359985,426.3,1225.5,4.148,88.28,60.62
13-07-2005,396.869995,423.9,1228,4.162,89.17,60.01
14-07-2005,392.679993,419.6,1231.75,4.181,89.27,57.8
15-07-2005,392.730011,420.7,1231.25,4.171,89.62,58.09
18-07-2005,392.019989,420.5,1226.5,4.226,89.52,57.32
19-07-2005,393.779999,419.7,1233.25,4.185,89.74,57.46
20-07-2005,395.980011,421.7,1236.5,4.16,89.2,56.72
21-07-2005,388.619995,425.4,1230,4.282,88.84,57.13
22-07-2005,392.920013,424.7,1237,4.222,89.52,58.65
25-07-2005,391.98999,425.7,1234,4.25,89.5,59
26-07-2005,392.23999,423.4,1235,4.228,89.92,59.2
27-07-2005,393.940002,424.7,1239.75,4.262,89.61,59.11
28-07-2005,397.26001,427.4,1247,4.193,89.23,59.94
29-07-2005,397.290009,429.9,1236.75,4.282,89.23,60.57
01-08-2005,392.559998,431.9,1237.5,4.316,88.7,61.57
02-08-2005,402.410004,431.9,1245,4.34,88.64,61.89
03-08-2005,405.269989,436.9,1247.75,4.296,87.85,60.86
04-08-2005,402.730011,437.9,1238,4.316,87.7,61.38
05-08-2005,395.910004,437.2,1229.75,4.392,87.95,62.31
08-08-2005,388.220001,434.7,1227.25,4.426,87.82,63.94
09-08-2005,392.559998,434.2,1234.25,4.392,87.8,63.07
10-08-2005,393.519989,436.5,1233.75,4.396,87.57,64.9
11-08-2005,397.220001,445.5,1238.5,4.328,86.98,65.8
12-08-2005,396.059998,445.9,1231,4.25,86.83,66.86
15-08-2005,397.140015,442.2,1237.5,4.287,87.22,66.27
16-08-2005,391.399994,446.1,1221.5,4.213,87.35,66.08
17-08-2005,390.609985,439.9,1221.5,4.273,87.93,63.25
18-08-2005,391.450012,439.5,1221,4.206,88.54,63.27
19-08-2005,394.48999,437.2,1223.75,4.211,88.49,65.35
22-08-2005,396.670013,438.1,1224,4.211,88.06,65.45
23-08-2005,398.940002,439.4,1221.5,4.184,88.01,65.71
24-08-2005,397.440002,437.3,1210,4.171,87.82,67.32
25-08-2005,402.109985,438.4,1213.5,4.161,87.56,67.49
26-08-2005,399.899994,437.4,1206,4.192,87.83,66.13
29-08-2005,402.910004,437,1214.5,4.174,88.18,67.2
30-08-2005,403.179993,431.2,1208.5,4.094,88.32,69.81
31-08-2005,407.459991,433.8,1221.5,4.014,87.54,68.94
01-09-2005,416.230011,442.3,1221.75,4.035,86.48,69.47
02-09-2005,414.230011,444.2,1219.75,4.044,86.25,67.57
06-09-2005,419.75,444.4,1234.25,4.101,86.54,65.96
07-09-2005,419.980011,444.9,1235.5,4.141,86.92,64.37
08-09-2005,415.929993,446.7,1232,4.147,87,64.49
09-09-2005,421.049988,449,1242,4.124,86.89,64.08
12-09-2005,420.570007,449.7,1240.25,4.176,87.7,63.34
13-09-2005,417.119995,446.1,1232.5,4.133,87.76,63.11
14-09-2005,419.779999,449.8,1228.5,4.17,87.69,65.09
15-09-2005,424.01001,455.5,1227.25,4.217,88.12,64.75
16-09-2005,428.850006,459.5,1232.79,4.279,88.04,63
19-09-2005,429.970001,466.7,1238,4.253,88.22,67.39
20-09-2005,427.269989,466.2,1227.5,4.244,88.38,66.23
21-09-2005,421.779999,468.9,1216,4.17,87.89,66.8
22-09-2005,418.380005,466.6,1219.75,4.187,88.36,66.5
23-09-2005,419.140015,463.5,1220.5,4.251,88.98,64.19
26-09-2005,422.920013,465.9,1221.5,4.296,88.9,65.82
27-09-2005,424.649994,462.6,1221.75,4.285,89.39,65.07
28-09-2005,429.040009,469.7,1222.75,4.259,89.28,66.35
29-09-2005,432.980011,472.3,1231.75,4.304,89.22,66.79
30-09-2005,432.380005,469,1234.25,4.332,89.35,66.24
03-10-2005,437.630005,466.1,1231.75,4.387,89.93,65.47
04-10-2005,429.350006,466.1,1216.75,4.371,89.9,63.9
05-10-2005,415.170013,466.1,1200.75,4.346,89.76,62.79
06-10-2005,408.679993,471.9,1197,4.395,88.47,61.36
07-10-2005,413.820007,474.7,1200,4.362,88.95,61.84
10-10-2005,406.029999,475.1,1190,4.362,89.23,61.8
11-10-2005,408.290009,477.1,1188.5,4.395,89.79,63.53
12-10-2005,400.230011,473.9,1178.5,4.445,89.45,64.12
13-10-2005,389.109985,471.1,1178,4.467,89.61,63.08
14-10-2005,394.059998,469.2,1190,4.481,89.18,62.63
17-10-2005,400.51001,474.1,1194.25,4.499,89.63,64.36
18-10-2005,392.140015,472.1,1181.5,4.477,90.1,63.2
19-10-2005,393.170013,463.5,1200.5,4.469,89.8,62.41
20-10-2005,380.980011,461,1179.5,4.435,89.76,61.03
21-10-2005,386.660004,467,1183.75,4.392,90.18,60.63
24-10-2005,397.329987,465,1202.5,4.448,89.95,60.32
25-10-2005,397.410004,472.8,1199,4.54,89.04,62.44
26-10-2005,392.109985,471.2,1196,4.589,89.31,60.66
27-10-2005,387.029999,473.8,1182.5,4.554,88.92,61.09
28-10-2005,396.01001,473,1199.75,4.569,89.46,61.22
31-10-2005,401.109985,465.1,1209.75,4.557,89.93,59.76
01-11-2005,390.540009,458.8,1206.25,4.569,89.92,59.85
02-11-2005,393.019989,462.8,1218,4.61,89.57,59.75
03-11-2005,394.220001,460.1,1223.75,4.653,90.34,61.78
04-11-2005,392.899994,456.3,1222,4.663,91.16,60.58
07-11-2005,394.600006,459,1222.75,4.628,91.17,59.47
08-11-2005,393.769989,460.9,1222.75,4.559,91.24,59.71
09-11-2005,395.859985,466.3,1223.75,4.645,91.39,58.93
10-11-2005,391.160004,466.6,1233.75,4.562,91.96,57.8
11-11-2005,388.029999,468.3,1238,4.579,91.89,57.53
14-11-2005,386.480011,468.2,1237.25,4.61,92.04,57.69
15-11-2005,388.179993,468.1,1232.5,4.563,91.98,56.98
16-11-2005,391.450012,478.3,1234.75,4.478,92.26,57.88
17-11-2005,397.529999,486.2,1245.25,4.465,91.81,56.34
18-11-2005,396.459991,485.6,1250.25,4.496,91.87,56.14
21-11-2005,397.690002,489,1257,4.463,91.94,57.7
22-11-2005,398.51001,492.6,1262,4.431,91.4,58.84
23-11-2005,401.850006,492.1,1268.5,4.478,91.43,58.71
28-11-2005,401.970001,498.3,1261,4.41,90.9,57.36
29-11-2005,403.570007,499.1,1259.25,4.482,91.59,56.5
30-11-2005,400.149994,494.6,1251,4.49,91.51,57.32
01-12-2005,403.269989,502.5,1264.5,4.519,91.77,58.47
02-12-2005,403.029999,503.3,1266,4.515,91.88,59.32
05-12-2005,404.23999,508.9,1263.5,4.575,91.45,59.91
06-12-2005,404.059998,510.2,1265.5,4.488,91.39,59.94
07-12-2005,401.089996,514.3,1258,4.517,91.86,59.21
08-12-2005,406.579987,519.3,1256.75,4.468,91.22,60.66
09-12-2005,409.820007,527,1259.25,4.533,91.21,59.39
12-12-2005,407.779999,528.4,1261,4.553,90.31,61.3
13-12-2005,412.839996,521,1269,4.525,90.34,61.37
14-12-2005,416.690002,506.5,1273.75,4.464,89.78,60.85
15-12-2005,417.890015,503.9,1269.5,4.462,90.03,59.99
16-12-2005,417.820007,503.4,1274.84,4.439,89.67,58.06
19-12-2005,412.140015,503.6,1267.5,4.446,89.864,57.34
20-12-2005,413.220001,494.6,1268,4.466,90.51,57.98
21-12-2005,408.23999,493,1270,4.496,90.69,58.56
22-12-2005,410.880005,502.7,1275.5,4.435,90.46,58.28
23-12-2005,411.649994,503,1276.5,4.376,90.55,58.43
27-12-2005,409.019989,508,1264,4.344,90.92,58.16
28-12-2005,407.049988,514.2,1265.25,4.38,91.05,59.82
29-12-2005,406.630005,515.7,1260,4.36,90.85,60.32
30-12-2005,405.109985,517.1,1254.75,4.395,90.96,61.04
03-01-2006,413.549988,530.7,1274.75,4.37,89.57,63.14
04-01-2006,414.440002,533.9,1280.5,4.348,88.91,63.42
05-01-2006,410.910004,526.3,1281.25,4.358,89.08,62.79
06-01-2006,415.149994,539.7,1291.75,4.383,88.62,64.21
09-01-2006,413.209991,549.1,1295,4.373,89,63.5
10-01-2006,413.799988,544.3,1296,4.43,89.07,63.37
11-01-2006,412.51001,548.8,1299.75,4.458,88.75,63.94
12-01-2006,412.809998,548.3,1293.5,4.408,89.23,63.94
13-01-2006,415.850006,556.1,1292.75,4.357,88.66,63.92
17-01-2006,421.290009,553.4,1289.5,4.33,89.08,66.31
18-01-2006,420.829987,543.7,1283.75,4.338,89.08,65.73
19-01-2006,424.309998,558.4,1288.25,4.377,89.21,66.83
20-01-2006,421.309998,553.5,1264.75,4.355,88.78,68.35
23-01-2006,421.73999,558.3,1269.25,4.361,87.77,68.1
24-01-2006,425.019989,557.7,1270.5,4.394,87.88,67.06
25-01-2006,418.619995,562.2,1271,4.481,88.16,65.85
26-01-2006,414.769989,559.7,1277.75,4.525,88.46,66.26
27-01-2006,416.070007,558.7,1289.25,4.515,89.19,67.76
30-01-2006,413.709991,565.8,1288.5,4.531,89.28,68.35
31-01-2006,413.839996,570.8,1283.5,4.519,88.81,67.92
01-02-2006,414.459991,569.4,1287.25,4.561,89.37,66.56
02-02-2006,408.269989,572.5,1272,4.563,89.25,64.68
03-02-2006,405.369995,567.4,1265.5,4.529,89.74,65.37
06-02-2006,407.579987,570.2,1268.75,4.547,90.18,65.11
07-02-2006,404.5,551,1257.5,4.571,90.13,63.09
08-02-2006,403.269989,550.1,1268.25,4.591,90.32,62.55
09-02-2006,405.339996,564.5,1265.75,4.549,90.18,62.62
10-02-2006,405.079987,550.2,1268.25,4.59,90.47,61.84
13-02-2006,403.970001,539,1265.75,4.585,90.43,61.24
14-02-2006,403.190002,545.9,1278.25,4.612,90.44,59.57
15-02-2006,403.420013,539.7,1282.25,4.6,90.65,57.65
16-02-2006,406.359985,546,1291.75,4.588,90.62,58.46
17-02-2006,409.660004,551.8,1289,4.539,90.56,59.88
21-02-2006,411.140015,553.9,1285.25,4.571,90.46,61.1
22-02-2006,412.470001,553.9,1292.25,4.527,90.62,61.01
23-02-2006,410.390015,548.4,1290.25,4.563,90.35,60.54
24-02-2006,411.980011,558.8,1293,4.577,90.58,62.91
27-02-2006,416.549988,554.7,1294,4.594,90.6,61
28-02-2006,412.839996,561.6,1282.5,4.557,90.08,61.41
01-03-2006,411.820007,563.5,1292,4.589,90.18,61.97
02-03-2006,411.660004,568.2,1291.5,4.632,89.5,63.36
03-03-2006,411.880005,566,1286.5,4.684,89.63,63.67
06-03-2006,400.910004,554.9,1279.5,4.754,89.88,62.41
07-03-2006,399.299988,552.7,1277.5,4.728,90.79,61.58
08-03-2006,400.26001,542.5,1279.5,4.732,90.63,60.02
09-03-2006,397.75,545.5,1272,4.73,90.78,60.47
10-03-2006,399.929993,539.9,1283,4.763,90.88,59.96
13-03-2006,400.809998,546.1,1285.5,4.773,90.792,61.77
14-03-2006,405.600006,551.7,1298.5,4.698,89.57,63.1
15-03-2006,407.190002,553.1,1303.75,4.731,89.27,62.17
16-03-2006,410.070007,554.4,1306.25,4.648,88.66,63.58
17-03-2006,408.109985,554.1,1310.16,4.676,88.53,62.77
20-03-2006,403.429993,555.2,1315.5,4.662,88.76,60.42
21-03-2006,399.079987,552.4,1307.5,4.725,89.26,60.57
22-03-2006,401.299988,550.9,1314.5,4.705,89.35,61.77
23-03-2006,400.600006,550.1,1311.75,4.737,90.12,63.91
24-03-2006,399.73999,560,1312.75,4.675,89.69,64.26
27-03-2006,396.190002,567,1311,4.709,89.69,64.16
28-03-2006,393.920013,566.6,1302.5,4.794,89.92,66.07
29-03-2006,397.079987,573,1310,4.808,89.9,66.45
30-03-2006,392.660004,586.7,1307.5,4.861,89.06,67.15
31-03-2006,389.01001,581.8,1303.25,4.853,89.39,66.63
03-04-2006,390.369995,589.4,1305.75,4.866,89.3,66.74
04-04-2006,394.75,586,1314.75,4.868,88.52,66.23
05-04-2006,398.630005,587.9,1319,4.847,88.3,67.07
06-04-2006,393.089996,595.2,1317.5,4.901,88.63,67.94
07-04-2006,386.119995,588.4,1304,4.986,89.31,67.39
10-04-2006,388.220001,597.6,1305.5,4.957,89.43,68.74
11-04-2006,384.420013,595.2,1294,4.924,89.15,68.98
12-04-2006,384.910004,597.5,1295.5,4.982,89.31,68.62
13-04-2006,382.48999,596.5,1294.25,5.053,89.37,69.32
17-04-2006,382.839996,615.4,1293,5.009,88.36,70.4
18-04-2006,392.079987,620,1313.5,4.987,87.94,71.35
19-04-2006,393.290009,632.6,1315.25,5.028,87.5,72.17
20-04-2006,395.869995,619.8,1317,5.047,87.96,71.95
21-04-2006,398.359985,632.2,1317,5.016,87.77,75.17
24-04-2006,401.440002,620.6,1314.5,4.985,87.21,73.33
25-04-2006,396.809998,631,1309.5,5.073,87.09,72.88
26-04-2006,392.390015,638.8,1309,5.111,86.99,71.93
27-04-2006,396.970001,633.3,1315,5.073,86.4,70.97
28-04-2006,397.459991,651.8,1316,5.057,85.88,71.88
01-05-2006,394.019989,657.5,1308.25,5.143,85.78,73.7
02-05-2006,403.440002,664.7,1318,5.114,85.56,74.61
03-05-2006,402.070007,665.9,1312.25,5.148,85.63,72.28
04-05-2006,402.119995,674.2,1317,5.161,85.15,69.94
05-05-2006,411.049988,682.2,1329,5.106,84.92,70.19
08-05-2006,407.899994,677.8,1327.25,5.119,85.06,69.77
09-05-2006,405.899994,699.4,1329.25,5.13,84.63,70.69
10-05-2006,408.700012,703.7,1327.75,5.13,84.31,72.13
11-05-2006,404.200012,719.8,1311.75,5.162,84.07,73.32
12-05-2006,400.070007,710.3,1294.25,5.2,83.83,72.04
15-05-2006,401.51001,683.6,1297.25,5.161,84.39,69.41
16-05-2006,400.01001,691.5,1295,5.103,84.01,69.53
17-05-2006,392.619995,690.5,1269,5.151,84.71,68.69
18-05-2006,393.25,679.6,1263,5.063,84.41,69.45
19-05-2006,396.75,656.7,1270.75,5.064,84.73,68.53
22-05-2006,399.549988,657,1262,5.044,84.23,69.23
23-05-2006,393.859985,673,1252.5,5.016,84.23,71.76
24-05-2006,395.649994,637,1261,5.042,84.87,69.86
25-05-2006,399.359985,648.4,1276,5.076,84.59,71.32
26-05-2006,404.160004,650.9,1282.75,5.056,85.19,71.37
30-05-2006,400.390015,653.9,1260,5.078,84.18,72.03
31-05-2006,406.170013,642.5,1272,5.123,84.65,71.29
01-06-2006,411.420013,627.6,1285.75,5.104,84.74,70.34
02-06-2006,415.899994,635.5,1288.25,4.994,84,72.33
05-06-2006,411.769989,643.2,1269.5,5.026,84.08,72.6
06-06-2006,410.859985,629.4,1265.75,5.004,84.68,72.5
07-06-2006,408.51001,627.4,1256,5.024,84.95,70.82
08-06-2006,409.630005,609.1,1255.5,5,85.89,70.35
09-06-2006,412.230011,608.2,1251,4.977,85.71,71.63
12-06-2006,412.73999,606.8,1236.5,4.983,85.82,70.36
13-06-2006,406.720001,562.5,1222,4.969,86.44,68.56
14-06-2006,403.950012,562.3,1230.75,5.07,86.15,69.14
15-06-2006,410.609985,566.5,1257,5.1,86.06,69.5
16-06-2006,410.769989,578,1252.09,5.135,85.94,69.88
19-06-2006,404.48999,568.8,1248.5,5.139,86.453,68.98
20-06-2006,406.399994,576.9,1252.5,5.157,85.76,68.94
21-06-2006,406.450012,587.5,1261.75,5.159,85.34,70.33
22-06-2006,404.329987,582.2,1256,5.214,86.01,70.84
23-06-2006,406.170013,584.8,1255.5,5.228,86.45,70.87
26-06-2006,407.98999,584.8,1260.25,5.239,86.1,71.8
27-06-2006,406.549988,581.6,1249.75,5.208,86.1,71.92
28-06-2006,408.630005,578.3,1257.75,5.253,86.27,72.19
29-06-2006,412.850006,586.5,1282.5,5.2,85.5,73.52
30-06-2006,413.950012,613.5,1279.5,5.145,84.9,73.93
05-07-2006,415.690002,627.3,1279.75,5.227,85.25,75.19
06-07-2006,413.839996,634.1,1282.75,5.183,85.03,75.14
07-07-2006,416.649994,632.8,1275,5.132,84.64,74.09
10-07-2006,418.859985,624.1,1277,5.13,85.16,73.61
11-07-2006,421.529999,641.2,1282.25,5.108,85.03,74.16
12-07-2006,418.299988,649.4,1268.25,5.106,85.6,74.95
13-07-2006,417.329987,652.9,1247.5,5.067,85.51,76.7
14-07-2006,418.119995,666.6,1242.25,5.067,85.78,77.03
17-07-2006,419.109985,650.6,1240.5,5.069,86.68,75.3
18-07-2006,420.25,628.3,1245.75,5.136,86.73,73.54
19-07-2006,426.279999,641.6,1262.5,5.055,86.18,72.66
20-07-2006,427.420013,631.7,1254.25,5.03,85.94,73.08
21-07-2006,428.019989,619.6,1244.75,5.049,85.67,74.43
24-07-2006,432.049988,612.7,1267.5,5.049,86.08,75.05
25-07-2006,433.730011,617.6,1271.5,5.069,86.41,73.75
26-07-2006,435.850006,621.6,1273.25,5.038,85.66,73.94
27-07-2006,432.589996,632.4,1272.25,5.04,85.63,74.54
28-07-2006,435.019989,634.8,1284.25,4.994,85.19,73.24
31-07-2006,433.420013,634.2,1281.75,4.988,85.09,74.4
01-08-2006,438.209991,646.3,1276.75,4.981,84.82,74.91
02-08-2006,438.049988,651.6,1284.25,4.965,84.83,75.81
03-08-2006,435.01001,644.9,1287.25,4.963,84.8,75.46
04-08-2006,434.049988,644,1286,4.899,84.38,74.76
07-08-2006,430.369995,647.8,1282.25,4.923,84.53,76.98
08-08-2006,433.440002,645.7,1276.75,4.925,84.48,76.31
09-08-2006,433.880005,650.5,1271.5,4.941,84.5,76.35
10-08-2006,433.920013,634.9,1275.5,4.939,84.95,74
11-08-2006,432.959991,633.5,1272.25,4.975,85.39,74.35
14-08-2006,434.690002,628.5,1273.25,4.999,85.47,73.53
15-08-2006,438.200012,622.5,1287.75,4.935,85.05,73.05
16-08-2006,433.959991,628.7,1299,4.865,84.77,71.89
17-08-2006,432.589996,615.4,1301,4.869,84.93,70.06
18-08-2006,438.130005,612.1,1307,4.847,84.98,71.14
21-08-2006,438.720001,625.7,1302.25,4.817,84.53,72.45
22-08-2006,441.929993,624.6,1302,4.811,85.08,72.63
23-08-2006,437.410004,623.7,1297.75,4.821,84.97,71.76
24-08-2006,438.880005,619.5,1296,4.805,85.17,72.36
25-08-2006,439.26001,622,1297.5,4.785,85.3,72.51
28-08-2006,442.029999,615.3,1303.75,4.793,85.16,70.61
29-08-2006,442.160004,610.7,1305,4.785,84.81,69.71
30-08-2006,437.170013,617.7,1305,4.753,84.9,70.03
31-08-2006,442.549988,625.9,1305.5,4.732,85.02,70.26
01-09-2006,441.390015,624.4,1312.5,4.724,84.89,69.19
05-09-2006,438.119995,638.5,1314.5,4.785,84.97,68.6
06-09-2006,434.730011,633.5,1302.75,4.799,85.04,67.5
07-09-2006,434.640015,617,1296.25,4.793,85.48,67.32
08-09-2006,434.100006,609.6,1299.25,4.777,85.96,66.25
11-09-2006,431.730011,590,1300.5,4.805,85.85,65.61
12-09-2006,428.059998,587,1313.75,4.775,85.91,63.76
13-09-2006,429.809998,589.1,1317.5,4.765,85.83,63.97
14-09-2006,426.799988,579.3,1318,4.793,85.66,63.22
15-09-2006,425.940002,576.4,1323.12,4.796,86.01,63.33
18-09-2006,425.200012,586.2,1334.25,4.81,85.925,63.8
19-09-2006,426.109985,576.8,1330.5,4.739,85.61,61.66
20-09-2006,424.26001,580,1336.5,4.733,85.44,60.46
21-09-2006,423.029999,582.2,1330.25,4.642,84.83,61.59
22-09-2006,422.73999,589.4,1326,4.591,84.87,60.55
25-09-2006,428.649994,589.9,1335.75,4.544,84.96,61.45
26-09-2006,429.790009,591.2,1346.75,4.587,85.32,61.01
27-09-2006,434.820007,597.3,1347.75,4.604,85.32,62.96
28-09-2006,432.899994,605,1347.25,4.618,85.42,62.76
29-09-2006,428.399994,598.6,1345.4,4.633,85.68,62.91
02-10-2006,430.570007,597.7,1340.5,4.612,85.28,61.03
03-10-2006,431.290009,576.3,1343.25,4.618,85.43,58.68
04-10-2006,432.950012,562,1358.25,4.563,85.56,59.41
05-10-2006,432.690002,571,1360.75,4.61,85.66,60.03
06-10-2006,429.140015,572.4,1358.75,4.696,86.2,59.76
09-10-2006,428.880005,578.4,1359.25,4.704,86.25,59.96
10-10-2006,432.609985,571.9,1360.75,4.758,86.77,58.52
11-10-2006,433.109985,572.3,1359,4.782,86.89,57.59
12-10-2006,434.700012,576.3,1370.75,4.776,86.71,57.86
13-10-2006,435.160004,588.8,1373.5,4.802,86.87,58.57
16-10-2006,436.679993,594.7,1376,4.782,86.77,59.94
17-10-2006,439.329987,589.7,1371.75,4.772,86.64,58.93
18-10-2006,442.809998,588.9,1372.5,4.76,86.67,57.65
19-10-2006,444.890015,599,1374.25,4.79,86.02,58.5
20-10-2006,447.459991,593,1375,4.792,86.06,56.82
23-10-2006,449.160004,579.7,1380.75,4.834,86.5,58.81
24-10-2006,448.670013,584.4,1384.75,4.826,86.42,59.35
25-10-2006,452.299988,587.6,1389.25,4.767,86.18,61.4
26-10-2006,450.440002,596.8,1393,4.723,85.71,60.36
27-10-2006,447.480011,598.2,1384.75,4.677,85.34,60.75
30-10-2006,447.040009,604.7,1383.25,4.675,85.38,58.36
31-10-2006,448.290009,604.1,1383.25,4.604,85.11,58.73
01-11-2006,452.649994,616.6,1373,4.57,85.1,58.71
02-11-2006,449.170013,625.4,1371.25,4.6,85.18,57.88
03-11-2006,445.76001,626.9,1368.5,4.723,85.54,59.14
06-11-2006,443.359985,625.8,1383.75,4.697,85.56,60.02
07-11-2006,442.609985,625.7,1389,4.667,85.24,58.93
08-11-2006,446.98999,616.4,1391.5,4.641,85.24,59.83
09-11-2006,447.420013,635,1384,4.623,85.03,61.16
10-11-2006,449.829987,628.4,1384.75,4.593,84.88,59.59
13-11-2006,449.200012,624.2,1388,4.613,85.19,58.58
14-11-2006,450.140015,623.8,1397.75,4.568,85.08,58.28
15-11-2006,448.390015,622.5,1401.5,4.625,85.21,58.76
16-11-2006,449.529999,620.6,1405,4.672,85.38,56.26
17-11-2006,449.959991,621.5,1404.75,4.605,85.29,55.81
20-11-2006,448.320007,621.2,1405.25,4.601,85.28,58.8
21-11-2006,449.390015,628.2,1406.25,4.578,85.12,60.17
22-11-2006,450.26001,628.7,1408.5,4.562,84.53,59.24
27-11-2006,446.839996,640.4,1383.5,4.534,83.41,60.32
28-11-2006,449.329987,637.2,1388.5,4.505,83.11,60.99
29-11-2006,454.579987,635.5,1402.25,4.524,83.35,62.46
30-11-2006,455.869995,646.9,1403,4.462,82.85,63.13
01-12-2006,457.660004,644.7,1400.5,4.439,82.42,63.43
04-12-2006,460.769989,645.2,1410.75,4.429,82.42,62.44
05-12-2006,462.190002,642.3,1416.75,4.446,82.4,62.43
06-12-2006,458.820007,630.5,1414.75,4.489,82.73,62.19
07-12-2006,457.130005,631.9,1408.75,4.487,82.77,62.49
08-12-2006,455.910004,626.1,1410,4.55,83.3,62.03
11-12-2006,457.380005,630,1414.5,4.522,83.09,61.22
12-12-2006,458.869995,627,1412.75,4.493,82.96,61.02
13-12-2006,460.649994,627.9,1414.25,4.587,83.38,61.37
14-12-2006,461.630005,626.6,1426,4.601,83.67,62.51
15-12-2006,460.25,615,1428.74,4.599,84.07,63.43
18-12-2006,456.76001,614,1434.75,4.585,84.19,62.21
19-12-2006,459.790009,621.6,1436.25,4.593,83.16,63.15
20-12-2006,457.609985,620.6,1435.25,4.599,83.25,63.72
21-12-2006,456.390015,618.2,1429.75,4.549,83.26,62.66
22-12-2006,455.380005,619.1,1420.25,4.628,83.67,62.41
26-12-2006,457.959991,623.7,1428.75,4.604,83.82,61.1
27-12-2006,459.350006,627.2,1437,4.654,83.69,60.34
28-12-2006,458.089996,634.1,1433.75,4.686,83.56,60.53
29-12-2006,456.769989,635.2,1428.5,4.7,83.43,61.05
02-01-2007,,635.2,1428.5,4.684,82.97,61.05
03-01-2007,457.679993,627.1,1424.75,4.664,83.68,58.32
04-01-2007,455.559998,623.9,1427.5,4.608,84.09,55.59
05-01-2007,447.649994,604.9,1416.5,4.648,84.4,56.31
08-01-2007,447.100006,607.5,1422.5,4.658,84.37,56.09
09-01-2007,448.279999,613.1,1420.5,4.662,84.52,55.64
10-01-2007,448.899994,611.6,1424.5,4.69,84.85,54.02
11-01-2007,448.190002,612.4,1431,4.739,85.09,51.88
12-01-2007,445.160004,625.5,1440.75,4.783,84.82,52.99
16-01-2007,446.220001,624.6,1438.75,4.753,84.85,51.21
17-01-2007,446.709991,632.1,1438.75,4.785,84.76,52.24
18-01-2007,446.269989,627.1,1433.25,4.749,84.73,50.48
19-01-2007,448.119995,635.5,1436.75,4.783,84.68,51.99
22-01-2007,447.390015,633.3,1431,4.761,84.84,51.13
23-01-2007,449.519989,645.2,1435.5,4.81,84.48,55.04
24-01-2007,453.279999,647.6,1446.25,4.814,84.74,55.37
25-01-2007,450.619995,647.8,1429.25,4.879,84.95,54.23
26-01-2007,451.700012,644.5,1427.5,4.877,85.11,55.42
29-01-2007,451.200012,643.1,1426.25,4.894,84.94,54.01
30-01-2007,453.589996,644.2,1434,4.875,84.86,56.97
31-01-2007,454.540009,652,1443,4.814,84.43,58.14
01-02-2007,458.01001,657.4,1450.75,4.843,84.46,57.3
02-02-2007,461.459991,646.2,1453,4.827,84.79,59.02
05-02-2007,466.040009,650.9,1453.75,4.81,84.92,58.74
06-02-2007,469.640015,653.6,1453.25,4.769,84.64,58.88
07-02-2007,469.799988,652.3,1455.75,4.749,84.61,57.71
08-02-2007,472.570007,658,1454,4.74,84.54,59.71
09-02-2007,473.540009,667.5,1443,4.786,84.75,59.89
12-02-2007,473.119995,662.6,1438,4.81,85,57.81
13-02-2007,475.100006,663.9,1449.5,4.816,84.59,59.06
14-02-2007,477.070007,667.4,1458.5,4.742,84.06,58
15-02-2007,475.040009,667.3,1459.5,4.71,83.91,57.99
16-02-2007,474.929993,668.8,1459,4.696,83.99,59.39
20-02-2007,477.26001,657.1,1461.75,4.68,84.08,58.07
21-02-2007,474.890015,680.2,1460.5,4.694,84.11,60.07
22-02-2007,476.690002,679.4,1459.25,4.734,84.22,60.95
23-02-2007,481.059998,683.1,1453.75,4.672,83.99,61.14
26-02-2007,493.709991,686.5,1452.5,4.631,83.84,61.39
27-02-2007,479.480011,683.9,1395.25,4.513,83.38,61.46
28-02-2007,479.190002,669.4,1409,4.577,83.5,61.79
01-03-2007,480.690002,662.3,1405,4.554,83.59,62
02-03-2007,474.070007,641.5,1385.75,4.503,83.64,61.64
05-03-2007,468.709991,636.7,1372.25,4.495,84.11,60.07
06-03-2007,474.769989,643.8,1395.5,4.534,84.01,60.69
07-03-2007,474.709991,650.6,1393.25,4.493,83.73,61.82
08-03-2007,475.040009,653.4,1404.75,4.518,84.06,61.64
09-03-2007,476.230011,650,1405,4.591,84.21,60.05
12-03-2007,481.019989,648.4,1407,4.559,83.85,58.91
13-03-2007,473.869995,647.6,1379.75,4.491,83.72,57.93
14-03-2007,476.600006,640.9,1389.5,4.54,83.58,58.16
15-03-2007,481.480011,645.7,1391.5,4.544,83.66,57.55
16-03-2007,478.559998,652.6,1396.12,4.549,83.23,57.11
19-03-2007,484.399994,653.1,1415.75,4.569,83.298,56.59
20-03-2007,491.070007,657.9,1423.5,4.555,82.81,56.73
21-03-2007,496.769989,659,1445,4.54,82.49,59.61
22-03-2007,497.309998,663.4,1445,4.589,82.81,61.69
23-03-2007,499.559998,656.7,1447,4.617,83,62.28
26-03-2007,502.809998,663.4,1445.25,4.607,82.8,62.91
27-03-2007,501.630005,662.1,1440.5,4.605,82.72,62.93
28-03-2007,501.459991,666.5,1429.5,4.624,82.76,64.08
29-03-2007,503.369995,661.5,1431.5,4.642,82.81,66.03
30-03-2007,500.179993,663,1431.25,4.648,82.66,65.87
02-04-2007,510.200012,665.7,1433.25,4.646,82.62,65.94
03-04-2007,510.100006,664,1447.25,4.67,82.91,64.64
04-04-2007,508.230011,672.1,1448.5,4.654,82.71,64.38
05-04-2007,510.339996,674.2,1452.75,4.684,82.45,64.28
09-04-2007,513.599976,671.9,1454.5,4.751,82.885,61.51
10-04-2007,515.320007,676.5,1456,4.726,82.48,61.89
11-04-2007,513.169983,676.8,1448.5,4.737,82.44,62.01
12-04-2007,511.200012,675.1,1455.5,4.74,82.16,63.85
13-04-2007,510.220001,685.4,1461.25,4.765,81.925,63.63
16-04-2007,512.630005,690.1,1475.5,4.737,81.87,63.61
17-04-2007,516.719971,688.2,1479,4.684,81.63,63.1
18-04-2007,517.539978,689.1,1480.25,4.656,81.52,63.13
19-04-2007,515.559998,684.3,1480.25,4.67,81.47,61.83
20-04-2007,520.559998,692,1493,4.674,81.45,63.38
23-04-2007,523.900024,690.6,1488.25,4.646,81.55,65.89
24-04-2007,526.559998,684.2,1488.5,4.624,81.36,64.58
25-04-2007,531.080017,684.1,1500.75,4.658,81.25,65.84
26-04-2007,527.330017,674.9,1502.75,4.7,81.57,65.06
27-04-2007,524.380005,678.7,1502,4.699,81.35,66.46
30-04-2007,519.25,680.5,1488.5,4.628,81.3,65.71
01-05-2007,524.530029,674.4,1492.75,4.642,81.43,64.4
02-05-2007,527.27002,672.3,1501,4.65,81.59,63.68
03-05-2007,525.289978,681.8,1508.25,4.682,81.82,63.19
04-05-2007,526.23999,687.2,1514.25,4.644,81.62,61.93
07-05-2007,530.809998,688,1514.25,4.632,81.54,61.47
08-05-2007,528.159973,685.1,1512.25,4.638,81.81,62.26
09-05-2007,529.52002,680.3,1515.5,4.672,81.89,61.55
10-05-2007,522.309998,665.1,1499.25,4.642,82.18,61.81
11-05-2007,526.539978,670.6,1512.25,4.676,82.02,62.37
14-05-2007,528.320007,668.5,1508.75,4.7,81.97,62.46
15-05-2007,529.900024,673,1508.5,4.708,81.66,63.17
16-05-2007,533.539978,660.2,1518,4.716,82.05,62.55
17-05-2007,529.950012,656.2,1515.25,4.76,82.23,64.86
18-05-2007,533.380005,661,1528,4.806,82.11,64.94
21-05-2007,535.719971,662.9,1528,4.788,82.26,66.27
22-05-2007,533.700012,659.1,1525.25,4.832,82.31,64.97
23-05-2007,527.840027,661.9,1525.5,4.849,82.22,65.77
24-05-2007,513.51001,653,1511.5,4.845,82.34,64.18
25-05-2007,512.630005,655.1,1517.25,4.865,82.27,65.2
29-05-2007,515.859985,657.1,1522.5,4.888,82.24,63.15
30-05-2007,520.039978,653.1,1534,4.87,82.35,63.49
31-05-2007,521.789978,661,1533,4.892,82.25,64.01
01-06-2007,519.289978,671.2,1539.5,4.956,82.29,65.08
04-06-2007,518.25,670.7,1540.25,4.929,82,66.21
05-06-2007,510.559998,669.6,1533.75,4.997,81.86,65.61
06-06-2007,503.910004,669.3,1516.5,4.968,81.84,65.96
07-06-2007,487.459991,660.1,1489.25,5.141,82.29,66.93
08-06-2007,491.320007,645.5,1508,5.107,82.69,64.76
11-06-2007,494.980011,654.3,1510.5,5.168,82.71,65.97
12-06-2007,488.160004,648.5,1493,5.289,82.89,65.35
13-06-2007,498.130005,648.2,1515.5,5.202,83.01,66.26
14-06-2007,500.209991,651.6,1524.75,5.225,83.15,67.65
15-06-2007,508.079987,654.5,1534.09,5.169,82.86,68
18-06-2007,502.809998,655.8,1546,5.14,82.784,69.09
19-06-2007,503.100006,660.7,1549,5.088,82.31,69.1
20-06-2007,490.200012,656.1,1527,5.136,82.27,68.19
21-06-2007,494.049988,650.6,1535.75,5.186,82.49,68.65
22-06-2007,485.369995,653.5,1520.5,5.136,82.11,69.14
25-06-2007,488.48999,651.3,1513.5,5.086,82.11,69.18
26-06-2007,487.839996,642.1,1497.75,5.084,82.05,67.77
27-06-2007,496.109985,641.7,1519,5.087,82.06,68.97
28-06-2007,496.25,647.5,1517.25,5.11,82.1,69.57
29-06-2007,498.170013,648.1,1515.5,5.027,81.69,70.68
02-07-2007,508.959991,656.5,1531,4.989,81.17,71.09
03-07-2007,508.320007,652.9,1536.25,5.045,81.2,71.41
05-07-2007,506.790009,648.4,1534.5,5.144,81.31,71.81
06-07-2007,505.160004,652.7,1542.5,5.187,81.26,72.81
09-07-2007,506.459991,660.5,1542.5,5.134,81.21,72.19
10-07-2007,500.48999,662.5,1520,5.029,80.65,72.81
11-07-2007,503.01001,660.3,1531,5.09,80.525,72.56
12-07-2007,510.350006,666.7,1555.75,5.13,80.45,72.5
13-07-2007,515.5,665.8,1560,5.097,80.39,73.93
16-07-2007,507.429993,665,1559.75,5.043,80.34,74.15
17-07-2007,507.01001,664.7,1558.75,5.055,80.37,74.02
18-07-2007,511.440002,672.6,1554.75,5.035,80.25,75.05
19-07-2007,520.77002,677.2,1559.75,5.02,80.27,75.92
20-07-2007,511.850006,683.9,1545,4.952,80.15,75.57
23-07-2007,514.599976,680.8,1549,4.954,80.22,74.89
24-07-2007,496.839996,684.2,1522.5,4.909,79.93,73.56
25-07-2007,497.890015,673.3,1524.75,4.902,80.52,75.88
26-07-2007,482.980011,662.5,1488,4.806,80.3,74.95
27-07-2007,474.790009,660,1458,4.763,80.81,77.02
30-07-2007,478.420013,664.1,1480.75,4.808,80.72,76.83
31-07-2007,479.359985,666.9,1462,4.733,80.66,78.21
01-08-2007,489.459991,663.6,1470,4.794,80.75,76.53
02-08-2007,494.589996,664.6,1481.75,4.771,80.605,76.86
03-08-2007,476.75,672.5,1443,4.678,80.06,75.48
06-08-2007,493.320007,671.5,1467.75,4.739,80.14,72.06
07-08-2007,503.190002,670.6,1482.5,4.782,80.37,72.42
08-08-2007,506.730011,674.5,1504,4.883,80.225,72.15
09-08-2007,493.149994,661.4,1458,4.78,80.66,71.59
10-08-2007,491.320007,670.3,1451,4.812,80.595,71.47
13-08-2007,493.5,669.7,1455,4.766,80.97,71.62
14-08-2007,482.390015,668.6,1434.25,4.724,81.43,72.38
15-08-2007,475.630005,668.9,1414.5,4.728,81.76,73.33
16-08-2007,474.359985,648.3,1424.5,4.702,81.72,71
17-08-2007,487.390015,656.9,1450,4.689,81.36,71.98
20-08-2007,488.119995,656.7,1449,4.63,81.38,71.12
21-08-2007,491.450012,656.7,1450.25,4.596,81.47,69.47
22-08-2007,496.079987,659.1,1468.75,4.649,81.22,69.26
23-08-2007,495.690002,658.9,1466.5,4.651,81.11,69.83
24-08-2007,498.799988,668,1483.5,4.614,80.61,71.09
27-08-2007,482.809998,666.8,1469.75,4.571,80.71,71.97
28-08-2007,477.01001,664.4,1438.25,4.506,80.72,71.73
29-08-2007,487.869995,666.3,1465.5,4.565,80.64,73.51
30-08-2007,483.089996,665,1461.5,4.512,80.76,73.36
31-08-2007,484.790009,673,1476.75,4.527,80.745,74.04
04-09-2007,493.869995,682.5,1489.5,4.553,80.85,75.08
05-09-2007,488.140015,681.7,1476.5,4.465,80.57,75.73
06-09-2007,493.75,695.6,1479.5,4.519,80.45,76.3
07-09-2007,485.230011,700.8,1459.75,4.385,79.91,76.7
10-09-2007,486.589996,703.3,1455.25,4.322,79.81,77.49
11-09-2007,492.119995,712.2,1472.75,4.374,79.67,78.23
12-09-2007,493.23999,711.9,1476.25,4.416,79.34,79.91
13-09-2007,495.339996,709.5,1485,4.466,79.48,80.09
14-09-2007,497.529999,709.6,1485,4.456,79.62,79.1
17-09-2007,494.929993,715.8,1477,4.466,79.652,80.57
18-09-2007,504.869995,715.8,1520,4.47,79.06,81.51
19-09-2007,511.5,722,1528.75,4.544,79.19,81.93
20-09-2007,505.559998,732.4,1519.75,4.7,78.48,83.32
21-09-2007,508.26001,731.4,1533.38,4.628,78.48,81.62
24-09-2007,509.160004,732.1,1531.75,4.638,78.42,80.95
25-09-2007,508.630005,731.6,1529,4.63,78.195,79.53
26-09-2007,512.039978,728.3,1536.25,4.626,78.4,80.3
27-09-2007,508.570007,732.7,1544.5,4.569,78.245,82.88
28-09-2007,501.540009,742.8,1538,4.594,77.625,81.66
01-10-2007,508.809998,747.2,1556.5,4.549,77.81,80.24
02-10-2007,508.059998,729.8,1554.5,4.527,78.2,80.05
03-10-2007,507.51001,729.3,1550.75,4.561,78.46,79.94
04-10-2007,512.419983,737.8,1552.25,4.516,78.38,81.44
05-10-2007,514.940002,741.3,1570.75,4.642,78.235,81.22
08-10-2007,513.929993,732.8,1562.75,4.652,78.55,79.02
09-10-2007,520.890015,737.4,1576.25,4.654,78.41,80.26
10-10-2007,516.090027,740.4,1573.25,4.655,78.3,81.3
11-10-2007,517.830017,751.3,1565.25,4.644,78,83.08
12-10-2007,519.390015,748.7,1574.5,4.687,78.16,83.69
15-10-2007,514.080017,757.1,1560.25,4.681,78.025,86.13
16-10-2007,512.890015,757,1547.5,4.657,78.19,87.61
17-10-2007,511.950012,757.5,1552.5,4.554,78.04,87.4
18-10-2007,510.399994,764.1,1546.75,4.499,77.52,89.47
19-10-2007,498.660004,764,1505.75,4.397,77.37,88.6
22-10-2007,501.859985,755.8,1513.5,4.413,78.025,87.56
23-10-2007,501.980011,759,1525.5,4.413,77.525,85.27
24-10-2007,505.049988,761.6,1522,4.347,77.53,87.1
25-10-2007,513.97998,767.3,1525,4.385,77.23,90.46
26-10-2007,522.599976,783.9,1542.5,4.403,76.98,91.86
29-10-2007,526.409973,789.1,1547,4.385,76.79,93.53
30-10-2007,526.460022,784.3,1536,4.387,76.73,90.38
31-10-2007,534.950012,792,1554.9,4.473,76.46,94.53
01-11-2007,523.140015,790.7,1515.75,4.348,76.56,93.49
02-11-2007,525.840027,805.7,1517.5,4.318,76.3,95.93
05-11-2007,529.580017,808.1,1505.5,4.338,76.39,93.98
06-11-2007,529.190002,820.8,1525,4.38,76.03,96.7
07-11-2007,516.630005,831,1482.75,4.301,75.41,96.37
08-11-2007,526.890015,835.2,1475.5,4.289,75.455,95.46
09-11-2007,524.27002,832.5,1455,4.21,75.39,96.32
12-11-2007,516.039978,805.8,1440.25,4.213,75.915,94.62
13-11-2007,518.309998,797.2,1483.25,4.269,75.9,91.17
14-11-2007,517.609985,813,1478,4.254,75.81,94.09
15-11-2007,517.559998,785.9,1458,4.14,76.07,93.43
16-11-2007,520.049988,785.7,1460.25,4.175,75.84,95.1
19-11-2007,520.450012,776.8,1437.5,4.077,75.8,94.64
20-11-2007,527.940002,790.3,1446,4.094,75.21,98.03
21-11-2007,521.869995,797.6,1417.75,4.016,75.09,97.29
23-11-2007,523.75,824,1442,4.006,74.86,98.18
26-11-2007,520.119995,826,1409.25,3.845,74.86,97.7
27-11-2007,523.359985,813.7,1426.5,3.951,75.08,94.42
28-11-2007,529.669983,800.1,1470.5,4.046,75.105,90.62
29-11-2007,529.25,795.3,1471.5,3.929,75.62,91.01
30-11-2007,532.25,782.2,1483.75,3.949,76.17,88.71
03-12-2007,537.52002,788.3,1475.5,3.852,75.93,89.31
04-12-2007,542.340027,801.3,1463.25,3.902,75.725,88.32
05-12-2007,550.130005,797.5,1487,3.955,76.45,87.49
06-12-2007,549.080017,801.2,1507.5,4.017,76.42,90.23
07-12-2007,550.659973,794.4,1507.25,4.109,76.34,88.28
10-12-2007,552.73999,807.7,1518.75,4.162,76.1,87.86
11-12-2007,539.830017,811.4,1478,3.973,76.26,90.02
12-12-2007,540.929993,813.5,1490.25,4.091,76.16,94.39
13-12-2007,547.049988,799,1488,4.213,76.585,92.25
14-12-2007,539.320007,793.3,1468,4.242,77.44,91.27
17-12-2007,533.109985,794.8,1446.5,4.151,77.465,90.63
18-12-2007,540.640015,803,1455.75,4.122,77.43,90.49
19-12-2007,536.809998,801.1,1454,4.034,77.62,91.24
20-12-2007,536.719971,799.2,1464,4.054,77.81,91.06
21-12-2007,540.320007,811.6,1474.95,4.172,77.74,93.31
24-12-2007,539.080017,812.8,1506.5,4.214,77.56,94.13
26-12-2007,538,826,1509.75,4.285,77.18,95.97
27-12-2007,532.969971,828.6,1489.75,4.203,76.6,96.62
28-12-2007,537.169983,839.6,1485.5,4.077,76.235,96
31-12-2007,532.530029,834.9,1477.25,4.035,76.7,95.98
02-01-2008,525.690002,857,1458.5,3.905,76.01,99.62
03-01-2008,528.51001,866.4,1458.75,3.894,75.92,99.18
04-01-2008,532.080017,863.1,1423,3.875,75.82,97.91
07-01-2008,546.789978,859.6,1421.5,3.837,76.2,95.09
08-01-2008,543.789978,878,1397,3.78,76.12,96.33
09-01-2008,550.059998,879.5,1411.5,3.825,76.46,95.67
10-01-2008,547.640015,891.7,1421,3.889,76,93.71
11-01-2008,543.460022,896.1,1407.75,3.791,76.04,92.69
14-01-2008,545.700012,901.6,1420.25,3.772,75.7,94.2
15-01-2008,539.5,901,1388,3.681,75.66,91.9
16-01-2008,531.23999,880.6,1376,3.74,76.36,90.84
17-01-2008,511.410004,879.5,1339.75,3.63,76.3,90.13
18-01-2008,503.920013,880.8,1325.25,3.637,76.5,90.57
22-01-2008,486.940002,889.6,1309.25,3.415,76.54,89.85
23-01-2008,503.769989,882.5,1341.5,3.605,76.575,86.99
24-01-2008,491.98999,905.5,1352.25,3.704,75.87,89.41
25-01-2008,484.140015,910.5,1334,3.557,76.115,90.71
28-01-2008,490.899994,927.1,1354.5,3.583,75.7,90.99
29-01-2008,492.839996,925.1,1362,3.679,75.665,91.64
30-01-2008,491.76001,920.6,1350.5,3.647,75.14,92.33
31-01-2008,502.679993,922.7,1379.5,3.597,75.285,91.75
01-02-2008,510.049988,908.7,1397,3.596,75.565,88.96
04-02-2008,516.960022,904.9,1378.75,3.644,75.47,90.02
05-02-2008,499.109985,885.9,1343.25,3.568,76.285,88.41
06-02-2008,498.660004,900.7,1330,3.598,76.3,87.14
07-02-2008,496.959991,906.1,1340.25,3.772,77.12,88.11
08-02-2008,494.390015,918.4,1330.25,3.65,76.82,91.77
11-02-2008,497.899994,922.9,1338.25,3.618,76.735,93.59
12-02-2008,502.679993,907.4,1349.75,3.662,76.45,92.78
13-02-2008,504.049988,906.5,1363.75,3.736,76.53,93.27
14-02-2008,498.790009,907.4,1351,3.822,76.24,95.46
15-02-2008,500.410004,902.8,1351.25,3.765,76.21,95.5
19-02-2008,499.850006,926.6,1355.5,3.908,76.075,100.01
20-02-2008,499.950012,934.6,1359,3.892,76.22,100.74
21-02-2008,491.869995,946.1,1347,3.786,75.65,98.23
22-02-2008,497.540009,944.7,1355.5,3.805,75.575,98.81
25-02-2008,500.779999,937.6,1371.5,3.91,75.585,99.23
26-02-2008,504.630005,946.1,1382.75,3.858,74.79,100.88
27-02-2008,496.040009,958.2,1380.5,3.852,74.265,99.64
28-02-2008,492.399994,964.5,1365.75,3.672,73.775,102.59
29-02-2008,477.5,972.1,1331.25,3.519,73.75,101.84
03-03-2008,482.779999,981.5,1332,3.554,73.735,102.45
04-03-2008,489.970001,963.9,1327,3.63,73.695,99.52
05-03-2008,491.600006,986.2,1335.5,3.681,73.49,104.52
06-03-2008,480.609985,975,1308,3.594,73.04,105.47
07-03-2008,478.859985,972.2,1292.75,3.541,73.045,105.15
10-03-2008,474.829987,969.9,1275.5,3.466,73.02,107.9
11-03-2008,488.730011,974.2,1324,3.6,73.29,108.75
12-03-2008,482.160004,978.8,1309.5,3.44,72.43,109.92
13-03-2008,482,992.3,1313.25,3.526,72.08,110.33
14-03-2008,477.75,998.2,1291.5,3.466,71.675,110.21
17-03-2008,478.23999,1001.4,1278.5,3.297,71.304,105.68
18-03-2008,486.809998,1003.2,1332.5,3.503,72.04,109.42
19-03-2008,475.320007,944.7,1298.5,3.33,72.04,104.48
20-03-2008,477.720001,919.6,1302.64,3.341,73.23,101.84
24-03-2008,476.179993,918.3,1351.5,3.558,73.43,100.86
25-03-2008,475.01001,934.6,1351.5,3.513,72.69,101.22
26-03-2008,476.26001,949,1335.5,3.464,71.88,105.9
27-03-2008,477.970001,948.8,1329.75,3.524,72.04,107.58
28-03-2008,473.429993,930.6,1319,3.441,72.105,105.62
31-03-2008,479,916.2,1324,3.421,72.165,101.58
01-04-2008,493.179993,882.9,1370.5,3.558,72.965,100.98
02-04-2008,497.079987,895.2,1371,3.604,72.67,104.83
03-04-2008,495.170013,905,1373.5,3.594,72.485,103.83
04-04-2008,498.290009,909,1372,3.47,72.36,106.23
07-04-2008,498.420013,922.7,1372.25,3.547,72.5,109.09
08-04-2008,500.119995,914,1371,3.564,72.53,108.5
09-04-2008,500.730011,933.6,1360.25,3.481,72.12,110.87
10-04-2008,498.73999,928.3,1362.75,3.545,72.42,110.11
11-04-2008,500.140015,923.6,1335.5,3.479,72.065,110.14
14-04-2008,500.440002,925.4,1331.25,3.513,72.13,111.76
15-04-2008,504.369995,928.7,1336,3.606,72.29,113.79
16-04-2008,514.320007,945.1,1371,3.714,71.645,114.93
17-04-2008,514.130005,939.8,1372.25,3.725,71.925,114.86
18-04-2008,515.950012,912.2,1388,3.708,72.255,116.69
21-04-2008,513.97998,914.7,1388.25,3.731,71.88,117.48
22-04-2008,511.890015,922.3,1380.75,3.699,71.54,119.37
23-04-2008,516.349976,906.2,1378.5,3.737,72.05,118.3
24-04-2008,512.960022,886.8,1386,3.835,72.775,116.06
25-04-2008,515.47998,887.2,1397,3.872,73.03,118.52
28-04-2008,513.419983,892.9,1397.5,3.831,72.8,118.75
29-04-2008,510.790009,874.2,1391.25,3.825,73.105,115.63
30-04-2008,510.519989,862.8,1386,3.734,72.72,113.46
01-05-2008,516.840027,848.9,1411.5,3.769,73.48,112.52
02-05-2008,523.27002,856.1,1415.75,3.859,73.69,116.32
05-05-2008,516.299988,872.3,1408.25,3.873,73.375,119.97
06-05-2008,514.950012,876,1420.75,3.922,73.175,121.84
07-05-2008,506.670013,869.6,1395.25,3.849,73.69,123.53
08-05-2008,508.880005,880.6,1392,3.782,73.665,123.69
09-05-2008,508.790009,884.5,1389,3.779,73.225,125.96
12-05-2008,513.23999,883.7,1404.75,3.799,73.12,124.23
13-05-2008,510.26001,868.5,1404.75,3.913,73.435,125.8
14-05-2008,513.960022,865.4,1407.75,3.919,73.565,124.22
15-05-2008,512.940002,879,1424.5,3.82,73.49,124.12
16-05-2008,515.809998,899,1425.75,3.854,72.96,126.29
19-05-2008,521.880005,905,1429.75,3.835,73.175,127.05
20-05-2008,524.070007,919.5,1417.5,3.78,72.52,129.07
21-05-2008,523.299988,928,1393,3.807,72.08,133.17
22-05-2008,524.619995,917.9,1393.25,3.923,72.4,130.81
23-05-2008,514.609985,925.6,1373.5,3.85,71.97,132.19
27-05-2008,517.570007,907.7,1384.75,3.921,72.42,128.85
28-05-2008,519.179993,900.5,1391.5,3.999,72.625,131.03
29-05-2008,522.47998,877.2,1397.75,4.079,73.105,126.62
30-05-2008,521.650024,887.3,1400.5,4.067,72.95,127.35
02-06-2008,515.880005,892.9,1385.5,3.967,72.99,127.76
03-06-2008,513.320007,881.6,1378.5,3.894,73.3,124.31
04-06-2008,518.650024,879.9,1377.5,3.982,73.505,122.3
05-06-2008,524.359985,871.8,1405.25,4.044,73.075,127.79
06-06-2008,511.359985,895.4,1359.5,3.928,72.43,138.54
09-06-2008,518.650024,894.7,1363.5,4.025,72.875,134.35
10-06-2008,519.549988,867.9,1356.25,4.097,73.74,131.31
11-06-2008,515.109985,879.7,1335.75,4.075,73.235,136.38
12-06-2008,515.440002,869.2,1341,4.215,73.88,136.74
13-06-2008,524.049988,870.3,1357.5,4.261,74.17,134.86
16-06-2008,523.299988,883.6,1357.75,4.279,73.685,134.61
17-06-2008,524.179993,884.3,1351,4.199,73.925,134.01
18-06-2008,521.880005,890.9,1337,4.142,73.84,136.68
19-06-2008,526.859985,901.7,1340,4.209,73.87,131.93
20-06-2008,518.849976,901.3,1339.28,4.168,73.38,134.62
23-06-2008,523.659973,884.8,1318.25,4.166,73.815,136.74
24-06-2008,522.200012,889.2,1315.5,4.103,73.6,137
25-06-2008,524.820007,880,1322.5,4.103,73.29,134.55
26-06-2008,510.529999,913.1,1284.5,4.031,72.79,139.64
27-06-2008,506.98999,929.3,1280,3.969,72.67,140.21
30-06-2008,520.849976,926.2,1281,3.975,72.8,140
01-07-2008,522.27002,942.5,1286.25,4.008,72.67,140.97
02-07-2008,518.52002,944.8,1262.75,3.959,72.335,143.57
03-07-2008,515.320007,931.9,1265,3.99,73.075,145.29
07-07-2008,511.230011,927.3,1251.75,3.909,72.97,141.37
08-07-2008,513.450012,921.9,1273.75,3.888,73.315,136.04
09-07-2008,518.030029,927.3,1248,3.817,72.87,136.05
10-07-2008,520.950012,940.9,1254.5,3.8,72.765,141.65
11-07-2008,517.869995,959.5,1239.75,3.973,72.345,145.08
14-07-2008,511.920013,972.7,1228.25,3.863,72.17,145.18
15-07-2008,508.079987,977.7,1211.5,3.828,72.13,138.74
16-07-2008,497.399994,961.8,1241,3.938,72.335,134.6
17-07-2008,489.440002,970,1253.5,3.997,72.495,129.29
18-07-2008,493.399994,957.3,1260.5,4.089,72.425,128.88
21-07-2008,499.059998,963.1,1261.5,4.04,72.22,131.04
22-07-2008,498.220001,948,1274.25,4.105,72.675,127.95
23-07-2008,485.76001,922.4,1282.5,4.12,73.04,124.44
24-07-2008,482.980011,922,1253.75,3.999,73.125,125.49
25-07-2008,479.299988,926.6,1253.75,4.103,73.075,123.26
28-07-2008,478.660004,927.6,1235,4.007,72.86,124.73
29-07-2008,481.269989,916.4,1261.75,4.044,73.505,122.19
30-07-2008,488.579987,902.9,1284.75,4.05,73.51,126.77
31-07-2008,484.880005,913.9,1267,3.958,73.42,124.08
01-08-2008,469.529999,909,1260.25,3.942,73.6,125.1
04-08-2008,462.540009,900.1,1248.75,3.97,73.62,121.41
05-08-2008,468.589996,878.6,1283,4.022,74.055,119.17
06-08-2008,466.549988,875.6,1287.75,4.06,74.41,118.58
07-08-2008,464.350006,870.7,1268,3.928,74.725,120.02
08-08-2008,471.179993,857.8,1292.25,3.935,76.01,115.2
11-08-2008,475.049988,821.5,1305,3.998,76.315,114.45
12-08-2008,465.480011,808.2,1291.5,3.901,76.32,113.01
13-08-2008,469.899994,825,1284.5,3.939,76.385,116
14-08-2008,464.869995,808.2,1293.75,3.897,76.835,115.01
15-08-2008,467.269989,786,1299.75,3.844,77.35,113.77
18-08-2008,469.040009,799.7,1282,3.818,77.27,112.87
19-08-2008,470.529999,811.1,1268.5,3.837,76.985,114.53
20-08-2008,474.209991,810.3,1273.75,3.805,77.095,114.98
21-08-2008,479.049988,833,1275.5,3.833,76.33,121.18
22-08-2008,479.98999,827.4,1292.25,3.874,76.895,114.59
25-08-2008,475.170013,819.8,1266.5,3.786,76.905,115.11
26-08-2008,480.309998,822.2,1271.75,3.78,77.345,116.27
27-08-2008,483.230011,828.1,1282,3.765,77.195,118.15
28-08-2008,486.140015,830.9,1298,3.784,77.255,115.59
29-08-2008,477.519989,829.3,1282.5,3.825,77.5,115.46
02-09-2008,471.079987,805,1276.5,3.738,78.14,109.71
03-09-2008,463.299988,802.7,1275.25,3.705,78.165,109.35
04-09-2008,457.109985,797.9,1236.5,3.628,78.685,107.89
05-09-2008,448.529999,797.6,1241,3.699,79,106.23
08-09-2008,460.679993,797.5,1267,3.695,79.655,106.34
09-09-2008,444.209991,787.1,1226.5,3.574,79.29,103.26
10-09-2008,447.730011,757.9,1233.25,3.637,79.875,102.58
11-09-2008,453.309998,741.3,1251,3.648,80.15,100.87
12-09-2008,459.109985,760.3,1257.25,3.722,78.975,101.18
15-09-2008,445.339996,783.1,1195,3.39,78.79,95.71
16-09-2008,447.5,776.5,1214.25,3.439,79.53,91.15
17-09-2008,423.670013,846.6,1160.75,3.421,78.09,97.16
18-09-2008,438.910004,892.7,1198.25,3.549,78.065,97.88
19-09-2008,451.660004,860.6,1279.31,3.816,77.94,104.55
22-09-2008,441.269989,903.9,1213.75,3.846,76.375,120.92
23-09-2008,435.540009,885.5,1187,3.805,76.65,106.61
24-09-2008,436.339996,889,1193,3.812,76.88,105.73
25-09-2008,449.01001,877.7,1213.5,3.854,77.11,108.02
26-09-2008,445.109985,882.9,1214.5,3.858,77.045,106.89
29-09-2008,423.630005,888.2,1118.75,3.574,77.53,96.37
30-09-2008,428.450012,874.2,1169,3.829,79.36,100.64
01-10-2008,429.309998,880.7,1168.5,3.746,79.535,98.53
02-10-2008,415.519989,839,1124.5,3.631,80.64,93.97
03-10-2008,411.709991,828.9,1108.25,3.603,80.58,93.88
06-10-2008,389.070007,862.7,1053.25,3.462,81.95,87.81
07-10-2008,376.690002,878.4,1005.75,3.506,81.22,90.06
08-10-2008,367.589996,903.1,981,3.648,81.045,88.95
09-10-2008,344.309998,883.1,912.5,3.785,81.365,86.59
10-10-2008,324.570007,855.4,891,3.876,83.31,77.7
13-10-2008,370.579987,838.9,1016.75,4.085,82.215,81.19
14-10-2008,368.790009,836.3,1002.25,4.081,81.64,78.63
15-10-2008,337.649994,835.5,903.25,3.955,82.345,74.54
16-10-2008,350.609985,801.5,941,3.969,82.78,69.85
17-10-2008,354.600006,785.1,933.5,3.938,82.835,71.85
20-10-2008,384.190002,787.6,990.5,3.861,83.475,74.25
21-10-2008,370.559998,766.1,959.25,3.737,84.415,70.89
22-10-2008,348.100006,733.3,902.75,3.598,85.79,66.75
23-10-2008,365.679993,713.3,915.25,3.678,85.79,67.84
24-10-2008,353.700012,729.1,866,3.682,86.95,64.15
27-10-2008,340.940002,741.7,834.75,3.693,87.61,63.22
28-10-2008,378.690002,739.3,938.75,3.847,87.6,62.73
29-10-2008,366.890015,752.8,927,3.858,85.635,67.5
30-10-2008,384.619995,737.2,961.5,3.972,85.255,65.96
31-10-2008,378.420013,716.8,967.25,3.97,86.345,67.81
03-11-2008,378.869995,725.4,969.5,3.912,86.985,63.91
04-11-2008,389.920013,756,1003.25,3.732,85.37,70.53
05-11-2008,374.190002,741.3,958,3.704,85.13,65.3
06-11-2008,358.299988,731.2,904.5,3.691,86.46,60.77
07-11-2008,375.769989,733.2,936.25,3.793,86.45,61.04
10-11-2008,363.790009,745.6,921.5,3.759,86.39,62.41
11-11-2008,363.98999,732,893,,87.69,59.33
12-11-2008,353.660004,717.7,853.5,3.656,88.05,56.16
13-11-2008,379.709991,704.9,907.75,3.856,87.405,58.24
14-11-2008,366.350006,742.4,861.5,3.731,86.785,57.04
17-11-2008,365.329987,741.9,851,3.658,87.14,54.95
18-11-2008,366,732.6,866.5,3.529,87.75,54.39
19-11-2008,353.820007,735.9,812.5,3.337,87.565,53.62
20-11-2008,335.730011,748.6,748.25,3.008,88.295,49.62
21-11-2008,366.339996,791.7,792,3.223,88.415,49.93
24-11-2008,370.399994,819.4,848,3.329,86.28,54.5
25-11-2008,373.070007,818.4,853.25,3.111,85.06,50.77
26-11-2008,376.720001,808.5,886.25,2.989,85.735,54.44
28-11-2008,382.23999,816.2,895.25,2.92,86.705,54.43
01-12-2008,358.019989,774.6,815.75,2.729,86.9,49.28
02-12-2008,364.600006,781.3,849,2.693,86.82,46.96
03-12-2008,371.799988,768.8,868.5,2.657,87.165,46.79
04-12-2008,353,763.8,847.5,2.553,86.545,43.67
05-12-2008,361.440002,750.5,872.5,2.7,87.19,40.81
08-12-2008,364.859985,767.4,904.75,2.743,85.6,43.71
09-12-2008,358.480011,772.4,889.5,2.652,85.875,42.07
10-12-2008,365.779999,807.1,895.75,2.689,85.55,43.52
11-12-2008,363.329987,824.9,875,2.609,83.89,47.98
12-12-2008,365.649994,818.9,886,2.576,83.63,46.28
15-12-2008,359.829987,835.4,873.25,2.519,82.263,44.51
16-12-2008,372.350006,841.7,913.5,2.264,81.595,43.6
17-12-2008,362.029999,867.5,904.25,2.2,80.075,40.06
18-12-2008,365.459991,859.6,895.5,2.085,80.615,36.22
19-12-2008,364.230011,836.4,889.74,2.131,82.435,33.87
22-12-2008,362.640015,846.2,871.25,2.173,82.08,39.91
23-12-2008,355.420013,837.2,858.5,2.183,82.185,38.98
24-12-2008,358.040009,847.1,865,2.188,81.975,35.35
26-12-2008,359.429993,870.4,869,2.137,81.69,37.71
29-12-2008,358.579987,874.6,870.5,2.104,81.525,40.02
30-12-2008,363.829987,869.3,888.25,2.056,81.78,39.03
31-12-2008,370.76001,883.6,900,2.22,82.15,44.6
02-01-2009,378.820007,878.8,925.5,2.361,82.805,46.34
05-01-2009,382,857.2,927.5,2.485,83.575,48.81
06-01-2009,379.529999,865.4,930.5,2.45,83.72,48.58
07-01-2009,372.309998,841.1,905.25,2.498,83.115,42.63
08-01-2009,373.51001,853.9,906.75,2.445,82.335,41.7
09-01-2009,370.790009,854.3,885.5,2.393,83.455,40.83
12-01-2009,370.940002,820.3,868,2.309,83.745,37.59
13-01-2009,363.230011,820.1,868.5,2.297,84.995,37.78
14-01-2009,359.5,808.2,839.75,2.206,85.17,37.28
15-01-2009,361.920013,806.7,839.25,2.211,85.155,35.4
16-01-2009,369.790009,839.3,848.5,2.342,84.835,36.51
20-01-2009,362.140015,854.6,806,2.382,86.865,38.74
21-01-2009,366.26001,849.6,836.75,2.546,86.515,43.55
22-01-2009,365.540009,858.2,825.5,2.599,86.13,43.67
23-01-2009,366.190002,895.3,823.5,2.615,86.19,46.47
26-01-2009,375.850006,908.5,830.75,2.646,85.205,45.73
27-01-2009,377.529999,899.2,839.25,2.529,84.93,41.58
28-01-2009,380.619995,888.1,871.5,2.672,85.21,42.16
29-01-2009,378.929993,905.1,842.75,2.864,85.755,41.44
30-01-2009,369.700012,927.3,822.5,2.851,86.46,41.68
02-02-2009,372.130005,906.7,821.25,2.717,86.48,40.08
03-02-2009,376.410004,892,831.5,2.893,85.43,40.78
04-02-2009,379.369995,901.6,829.75,2.939,86.075,40.32
05-02-2009,381.339996,913.6,840.5,2.919,86.36,41.17
06-02-2009,384.820007,913.9,867.75,2.988,85.645,40.17
09-02-2009,381.089996,892.4,865,2.993,85.05,39.56
10-02-2009,370.040009,913.7,827,2.819,86.135,37.55
11-02-2009,369.429993,943.8,831.5,2.757,86.125,35.94
12-02-2009,366.529999,948.5,835.5,2.788,86.905,33.98
13-02-2009,365.369995,941.5,820,2.895,86.325,37.51
17-02-2009,347.769989,967,785.5,2.651,87.92,34.93
18-02-2009,342.200012,977.7,779.5,2.766,88.33,34.62
19-02-2009,344.309998,976.1,779.5,2.857,87.75,39.48
20-02-2009,335.890015,1001.8,769.5,2.792,86.7,38.94
23-02-2009,327.350006,994.6,745,2.755,87.43,38.44
24-02-2009,339.920013,969.1,768.75,2.806,87.05,39.96
25-02-2009,334.230011,965.7,761.5,2.925,88.12,42.5
26-02-2009,328.329987,941.8,752,3,87.875,45.22
27-02-2009,323.970001,941.5,734.25,3.021,88.15,44.76
02-03-2009,312.51001,939,705.5,2.864,89.07,40.15
03-03-2009,302.570007,912.9,689.5,2.886,89.02,41.65
04-03-2009,307.350006,906,708.5,2.978,88.7,45.38
05-03-2009,296.26001,927,686,2.813,89.2,43.61
06-03-2009,296.890015,942.1,687.75,2.873,88.55,45.52
09-03-2009,290.679993,917.7,676,2.861,89,47.07
10-03-2009,297.920013,895.6,716,3.012,88.94,45.71
11-03-2009,295.549988,910.4,720.5,2.91,87.885,42.33
12-03-2009,300.230011,923.7,751.5,2.863,87.665,47.03
13-03-2009,303.910004,929.8,757.75,2.896,87.455,46.25
16-03-2009,312.559998,921.6,757.25,2.957,86.89,47.35
17-03-2009,317.920013,916.4,778.75,3.012,87.345,49.16
18-03-2009,326.559998,888.7,795.5,2.547,84.98,48.14
19-03-2009,329.329987,958.3,784.25,2.611,83.64,51.61
20-03-2009,327.369995,955.8,789.4,2.633,84.34,51.06
23-03-2009,340.48999,952.1,817.25,2.654,83.95,53.8
24-03-2009,333.269989,923.3,803.5,2.71,84.33,53.98
25-03-2009,333.130005,935.4,808.25,2.793,84.295,52.77
26-03-2009,337.369995,939.6,827.25,2.744,84.61,54.34
27-03-2009,331.269989,923,816,2.763,85.58,52.38
30-03-2009,324.160004,915.5,784.25,2.723,86.3,48.41
31-03-2009,329.369995,922.6,794.75,2.668,85.895,49.66
01-04-2009,330.040009,926.1,809.25,2.652,85.96,48.39
02-04-2009,334.480011,907.4,835.5,2.779,84.89,52.64
03-04-2009,337.309998,895.6,840.5,2.895,84.555,52.51
06-04-2009,332.76001,871.5,830.5,2.932,85.075,51.05
07-04-2009,331.25,882.2,814,2.9,85.665,49.15
08-04-2009,336.829987,884.8,822.5,2.86,85.71,49.38
09-04-2009,336.779999,882.2,852.5,2.928,86.075,52.24
13-04-2009,331.399994,894.7,854,2.863,84.93,50.05
14-04-2009,327.190002,890.9,840.25,2.79,84.925,49.41
15-04-2009,331.440002,892.8,848.5,2.772,85.36,49.25
16-04-2009,331.809998,879.3,861.5,2.84,85.5,49.98
17-04-2009,332.869995,867.4,866.75,2.951,86.295,50.33
20-04-2009,328.390015,887,833,2.849,86.98,45.88
21-04-2009,330.309998,882.1,847.75,2.902,86.89,46.51
22-04-2009,326.109985,891.8,837,2.94,86.485,48.85
23-04-2009,327.670013,905.9,848.75,2.929,85.755,49.62
24-04-2009,326.950012,913.6,866.5,2.998,84.92,51.55
27-04-2009,329.980011,907.4,856.75,2.914,85.92,50.14
28-04-2009,332.100006,892.8,851.75,3.02,85.325,49.92
29-04-2009,334.369995,899.8,869,3.107,84.655,50.97
30-04-2009,334.200012,890.7,870,3.119,84.775,51.12
01-05-2009,343.029999,887.6,876,3.157,84.705,53.2
04-05-2009,347.339996,901.6,902.75,3.15,84.115,54.47
05-05-2009,346.040009,903.7,903.5,3.169,84.295,53.84
06-05-2009,344.079987,910.5,917.25,3.155,83.94,56.34
07-05-2009,345.440002,915,907,3.34,84.105,56.71
08-05-2009,350.459991,914.4,924.75,3.289,82.64,58.63
11-05-2009,347.290009,913,909,3.176,82.795,58.5
12-05-2009,350.130005,923.5,906.75,3.178,82.42,58.85
13-05-2009,340.070007,925.5,885.25,3.112,82.625,58.02
14-05-2009,338.890015,928,889.5,3.092,82.37,58.62
15-05-2009,329.799988,930.9,883,3.134,83.15,56.34
18-05-2009,330.23999,921.3,907,3.241,82.755,59.03
19-05-2009,336.01001,926.3,906.5,3.245,82.055,59.65
20-05-2009,330.679993,937,900,3.195,81.08,62.04
21-05-2009,327.179993,950.8,888.75,3.368,80.64,61.05
22-05-2009,329.279999,958.5,885,3.45,80.055,61.67
26-05-2009,338.269989,953.1,908.75,3.547,80.205,62.45
27-05-2009,331.359985,953.2,892.5,3.738,80.415,63.45
28-05-2009,338.399994,961.5,905,3.612,80.5,65.08
29-05-2009,340.98999,978.8,918,3.461,79.43,66.31
01-06-2009,352.220001,978.6,939,3.68,79.16,68.58
02-06-2009,347.970001,983.2,942.5,3.613,78.47,68.55
03-06-2009,342.160004,964.5,931.75,3.536,79.535,66.12
04-06-2009,344.880005,981.2,940.5,3.716,79.45,68.81
05-06-2009,344.600006,961.7,940.5,3.84,80.73,68.44
08-06-2009,342.48999,951.7,938.75,3.897,80.97,68.09
09-06-2009,340.820007,954,939.5,3.868,79.825,70.01
10-06-2009,346.079987,954,940.5,3.947,80.34,71.33
11-06-2009,353.540009,961.3,942,3.862,79.43,72.68
12-06-2009,358.309998,940.1,944.75,3.803,80.175,72.04
15-06-2009,350.359985,926.9,923.5,3.715,80.861,70.62
16-06-2009,348.980011,931.6,912,3.663,81.13,70.47
17-06-2009,348.01001,935.4,909.75,3.69,80.575,71.03
18-06-2009,355.769989,934,917.75,3.83,81.01,71.37
19-06-2009,351.630005,935.6,926.15,3.773,80.63,69.55
22-06-2009,351.820007,920.6,888.5,3.685,81.14,66.93
23-06-2009,349.100006,923.9,890.25,3.625,80.175,69.24
24-06-2009,352.369995,934.1,898,3.689,80.88,68.67
25-06-2009,358.119995,939.1,916.5,3.544,80.69,70.23
26-06-2009,355.790009,940.7,914,3.529,80.105,69.16
29-06-2009,359.950012,940.4,921.25,3.481,80.115,71.49
30-06-2009,357.809998,927.1,915.5,3.537,80.425,69.89
01-07-2009,361.649994,941,919.25,3.548,79.875,69.31
02-07-2009,350.690002,930.7,893.25,3.502,80.38,66.73
06-07-2009,353.899994,924,895.5,3.51,80.695,64.05
07-07-2009,346.450012,928.8,879.25,3.454,80.865,62.93
08-07-2009,345.25,909,873.75,3.306,81.005,60.14
09-07-2009,347.209991,915.9,879,3.413,80.05,60.41
10-07-2009,346.26001,912.2,874.25,3.304,80.43,59.89
13-07-2009,352.089996,922.2,895.5,3.36,80.3,59.69
14-07-2009,354.450012,922.5,901.5,3.474,80.37,59.52
15-07-2009,361.660004,939.1,927.25,3.614,79.46,61.54
16-07-2009,362.279999,935.1,935.75,3.573,79.37,62.02
17-07-2009,359.649994,937.2,937,3.649,79.505,63.56
20-07-2009,363.380005,948.5,949,3.612,79.05,63.98
21-07-2009,367.070007,946.6,953.5,3.484,79.09,64.72
22-07-2009,364.660004,953,949.5,3.544,78.86,65.4
23-07-2009,373.850006,954.5,969,3.658,78.97,67.16
24-07-2009,378.859985,952.8,977.75,3.66,78.895,68.05
27-07-2009,378.559998,953.3,980,3.725,78.755,68.38
28-07-2009,370.600006,939,976,3.686,79,67.23
29-07-2009,369.230011,927.2,975,3.664,79.785,63.35
30-07-2009,373.649994,934.9,982.25,3.615,79.405,66.94
31-07-2009,369.470001,953.7,984.5,3.482,78.45,69.45
03-08-2009,372.859985,956.6,1000.75,3.637,77.75,71.58
04-08-2009,370.570007,967.5,1004.75,3.687,77.88,71.42
05-08-2009,367.440002,964.2,1000.75,3.762,77.605,71.97
06-08-2009,367.649994,960.7,995,3.756,78.155,71.94
07-08-2009,371.220001,957.3,1006.5,3.854,79.105,70.93
10-08-2009,372.519989,945,1007.5,3.772,79.385,70.6
11-08-2009,371.089996,945.8,993,3.672,79.285,69.45
12-08-2009,373.01001,950.7,1002.25,3.711,78.9,70.16
13-08-2009,372.359985,954.7,1013.5,3.597,78.58,70.52
14-08-2009,373.070007,947,1005.75,3.572,79.005,67.51
17-08-2009,367.48999,934.3,978.25,3.472,79.4,66.75
18-08-2009,368.299988,937.7,989.5,3.517,79.035,69.19
19-08-2009,370.529999,943.3,997,3.455,78.545,72.42
20-08-2009,373.079987,940.3,1004.75,3.428,78.45,72.54
21-08-2009,380.839996,953.2,1025.25,3.569,78.1,73.89
24-08-2009,381.5,942.3,1024.5,3.474,78.33,74.37
25-08-2009,379.390015,944.5,1026,3.438,78.295,72.05
26-08-2009,378.160004,944.3,1026.75,3.435,78.72,71.43
27-08-2009,377.410004,945.5,1029.25,3.453,78.055,72.49
28-08-2009,377.079987,957,1027.5,3.449,78.385,72.74
31-08-2009,373.350006,951.7,1019.75,3.401,78.22,69.96
01-09-2009,370.73999,954.7,996.5,3.37,78.805,68.05
02-09-2009,367.26001,976.6,994.25,3.309,78.435,68.05
03-09-2009,368.679993,995.8,1001.75,3.348,78.52,67.96
04-09-2009,369.619995,994.9,1014,3.445,78.165,68.02
08-09-2009,370.619995,997.9,1025,3.481,77.34,71.1
09-09-2009,370.480011,995.3,1032.5,3.475,77.1,71.31
10-09-2009,371.200012,995.4,1041.75,3.354,76.83,71.94
11-09-2009,369.73999,1004.9,1041.5,3.349,76.64,69.29
14-09-2009,375.890015,999.9,1048,3.423,76.732,68.86
15-09-2009,378.709991,1005,1050.25,3.447,76.785,70.93
16-09-2009,384.230011,1018.9,1068,3.475,76.475,72.51
17-09-2009,381.670013,1012.3,1067.5,3.385,76.43,72.47
18-09-2009,382.920013,1009.2,1071.57,3.469,76.67,72.04
21-09-2009,381.459991,1003.7,1060.5,3.482,77,69.71
22-09-2009,380.48999,1014.2,1067.25,3.443,76.35,71.55
23-09-2009,378.670013,1013,1059,3.415,76.295,68.97
24-09-2009,378.459991,997.5,1044.25,3.383,77.115,65.89
25-09-2009,377,990.2,1041,3.322,77.015,66.02
28-09-2009,379.910004,992.5,1059,3.281,77.27,66.84
29-09-2009,380.269989,993.1,1054.75,3.292,77.36,66.71
30-09-2009,377.230011,1008,1053,3.305,76.86,70.61
01-10-2009,370.179993,999.5,1027.5,3.181,77.415,70.82
02-10-2009,367.25,1003.2,1021.75,3.219,77.215,69.95
05-10-2009,371.559998,1016.7,1036.5,3.219,76.835,70.41
06-10-2009,374.790009,1038.6,1048.5,3.259,76.495,70.88
07-10-2009,373.790009,1043.3,1053.5,3.186,76.665,69.57
08-10-2009,374.959991,1055.4,1063.75,3.248,76.13,71.69
09-10-2009,377.170013,1047.8,1068,3.384,76.62,71.77
12-10-2009,379.25,1056.7,1071.5,3.386,76.29,73.27
13-10-2009,376.859985,1064.2,1068.75,3.352,76.165,74.15
14-10-2009,377.799988,1063.9,1087.75,3.423,75.725,75.18
15-10-2009,381.170013,1049.8,1089.75,3.464,75.66,77.58
16-10-2009,382.029999,1050.7,1082,3.412,75.77,78.53
19-10-2009,387.700012,1057.3,1091,3.387,75.505,79.61
20-10-2009,381.920013,1057.8,1089.5,3.341,75.73,79.09
21-10-2009,382.429993,1063.7,1078,3.393,75.11,81.37
22-10-2009,383.679993,1057.8,1090.75,3.421,75.24,81.19
23-10-2009,377.429993,1055.6,1077,3.494,75.6,80.5
26-10-2009,372.709991,1042.1,1066.5,3.558,76.195,78.68
27-10-2009,370.399994,1034.7,1060.5,3.452,76.28,79.55
28-10-2009,366.049988,1029.9,1038.5,3.415,76.585,77.46
29-10-2009,369.929993,1046.4,1061.5,3.495,76.065,79.87
30-10-2009,363.040009,1039.7,1033,3.388,76.475,77
02-11-2009,362.660004,1053.4,1039,3.424,76.46,78.13
03-11-2009,361.799988,1084.3,1041.75,3.469,76.57,79.6
04-11-2009,364.320007,1086.7,1047,3.52,75.825,80.4
05-11-2009,370.040009,1088.7,1063.25,3.527,75.865,79.62
06-11-2009,369.929993,1095.1,1066.25,3.501,75.94,77.43
09-11-2009,376.279999,1100.8,1091.75,3.484,75.135,79.43
10-11-2009,377.200012,1101.9,1092,3.478,75.11,79.05
11-11-2009,375.98999,1114,1096.25,3.444,75.26,79.28
12-11-2009,370.690002,1106,1087.25,3.444,75.695,76.94
13-11-2009,373.570007,1116.1,1091.5,3.423,75.425,76.35
16-11-2009,378.320007,1138.6,1106.25,3.349,74.92,78.9
17-11-2009,377.079987,1138.8,1107.5,3.323,75.465,79.14
18-11-2009,375.660004,1140.7,1108.5,3.366,75.265,79.58
19-11-2009,370.700012,1141.4,1094.25,3.342,75.37,77.46
20-11-2009,371.839996,1146.4,1090,3.369,75.73,76.72
23-11-2009,376.730011,1164.3,1103.75,3.353,75.17,77.56
24-11-2009,378.209991,1165.5,1103,3.304,75.125,76.02
25-11-2009,381.98999,1186.9,1109,3.268,74.325,77.96
27-11-2009,375.709991,1174.2,1089.5,3.207,75.04,76.05
30-11-2009,379.200012,1181.1,1094.75,3.198,74.935,77.28
01-12-2009,385.200012,1199.1,1108.5,3.284,74.415,78.37
02-12-2009,390.390015,1212,1108,3.314,74.705,76.6
03-12-2009,391.940002,1217.4,1098,3.379,74.67,76.46
04-12-2009,389.769989,1168.8,1108,3.478,75.97,75.47
07-12-2009,392.48999,1163.4,1103.75,3.429,75.81,73.93
08-12-2009,391.279999,1142.8,1090,3.384,76.33,72.62
09-12-2009,393.5,1120.4,1095.5,3.433,76.055,70.67
10-12-2009,398.730011,1125.7,1102,3.501,76.07,70.54
11-12-2009,405.089996,1119.4,1108,3.554,76.585,69.87
14-12-2009,406.720001,1123.3,1113.5,3.552,76.414,69.51
15-12-2009,405.5,1122.4,1108.75,3.594,77.3,70.69
16-12-2009,403.380005,1135.5,1110.5,3.598,77.335,72.66
17-12-2009,401.160004,1106.8,1099,3.482,78.09,72.65
18-12-2009,402.480011,1110.8,1102.38,3.546,78.195,73.36
21-12-2009,403.679993,1095.4,1108.25,3.68,78.42,72.47
22-12-2009,400.970001,1086,1113.5,3.758,78.61,74.4
23-12-2009,400.790009,1093.3,1115.5,3.754,78.23,76.67
24-12-2009,403.369995,1104.1,1122,3.805,78.175,78.05
28-12-2009,404.019989,1107.2,1123,3.848,78.015,78.77
29-12-2009,403.519989,1097,1121.75,3.803,78.185,78.87
30-12-2009,404.119995,1091.5,1122,3.793,78.275,79.28
31-12-2009,398.01001,1095.2,1110.75,3.837,78.22,79.36
04-01-2010,399.48999,1117.7,1128.75,3.823,77.83,81.51
05-01-2010,395.369995,1118.1,1132.25,3.763,77.85,81.77
06-01-2010,398.359985,1135.9,1133,3.829,77.655,83.18
07-01-2010,396.609985,1133.1,1137.5,3.827,78.105,82.66
08-01-2010,396.309998,1138.2,1141.5,3.836,77.655,82.75
11-01-2010,400.470001,1150.7,1142.5,3.824,77.16,82.52
12-01-2010,398.279999,1128.9,1134,3.717,77.12,80.79
13-01-2010,401.589996,1136.4,1141.5,3.793,76.99,79.65
14-01-2010,399.549988,1142.6,1145.25,3.742,76.885,79.39
15-01-2010,398.070007,1130.1,1132.25,3.676,77.48,78
19-01-2010,403.880005,1139.7,1145.75,3.698,77.65,79.02
20-01-2010,399.559998,1112.3,1134,3.653,78.5,77.62
21-01-2010,393.309998,1102.7,1111,3.595,78.515,76.08
22-01-2010,383.98999,1089.2,1091,3.601,78.43,74.54
25-01-2010,386.140015,1095.2,1092.5,3.63,78.35,75.26
26-01-2010,387.600006,1097.9,1087.25,3.621,78.61,74.71
27-01-2010,385.450012,1084.4,1094.5,3.65,78.87,73.67
28-01-2010,380.619995,1083.6,1079.25,3.642,79.1,73.64
29-01-2010,378.25,1083,1070.5,3.588,79.65,72.89
01-02-2010,381.119995,1104.3,1086.25,3.656,79.42,74.43
02-02-2010,384.269989,1117.4,1097.25,3.64,79.18,77.23
03-02-2010,380.600006,1111.4,1096.5,3.707,79.55,76.98
04-02-2010,370.600006,1062.4,1061.75,3.61,80.075,73.14
05-02-2010,369.450012,1052.2,1059.75,3.571,80.595,71.19
08-02-2010,365.630005,1065.7,1056,3.562,80.44,71.89
09-02-2010,369.48999,1076.7,1066.25,3.647,79.99,73.75
10-02-2010,367.440002,1075.8,1063.25,3.69,80.14,74.52
11-02-2010,367.380005,1094.2,1076.6,3.721,80.1,75.28
12-02-2010,364.549988,1089.5,1079,3.695,80.41,74.13
16-02-2010,371.549988,1119.3,1093.25,3.663,79.755,77.01
17-02-2010,370.290009,1119.5,1099.5,3.735,80.475,77.33
18-02-2010,372.170013,1118,1105.5,3.807,80.465,79.06
19-02-2010,377.100006,1121.3,1106.25,3.776,80.72,79.81
22-02-2010,374.220001,1112.6,1107.5,3.797,80.585,80.16
23-02-2010,371.350006,1102.7,1097.25,3.689,80.91,78.86
24-02-2010,371.709991,1096.5,1103.5,3.695,80.915,80
25-02-2010,369.820007,1107.8,1102.25,3.632,80.86,78.17
26-02-2010,367.390015,1118.3,1103.5,3.619,80.44,79.66
01-03-2010,372.209991,1117.8,1114.5,3.608,80.705,78.7
02-03-2010,373.980011,1136.9,1117.5,3.608,80.575,79.68
03-03-2010,373.559998,1142.7,1118.5,3.621,80.02,80.87
04-03-2010,374.209991,1132.6,1122.25,3.606,80.585,80.21
05-03-2010,378.200012,1134.8,1136.5,3.682,80.46,81.5
08-03-2010,377.540009,1123.6,1137,3.721,80.455,81.87
09-03-2010,376.410004,1122,1140.5,3.7,80.605,81.49
10-03-2010,377.450012,1107.8,1145.75,3.721,80.465,82.09
11-03-2010,378.790009,1108,1150.5,3.729,80.315,82.11
12-03-2010,376.799988,1101.5,1151.25,3.703,79.84,81.24
15-03-2010,378.790009,1105.1,1150.25,3.697,80.175,79.8
16-03-2010,382.769989,1122.2,1159.5,3.653,79.995,81.7
17-03-2010,384.01001,1124,1165.75,3.642,79.85,82.93
18-03-2010,382.119995,1127.4,1166,3.682,80.44,82.2
19-03-2010,381.799988,1107.4,1172.95,3.693,80.975,80.68
22-03-2010,379.410004,1099.3,1162,3.661,80.883,81.25
23-03-2010,380.970001,1103.5,1169.5,3.687,81.118,81.91
24-03-2010,377.429993,1088.6,1164.5,3.854,82.106,80.61
25-03-2010,375.209991,1092.7,1162.75,3.881,82.405,80.53
26-03-2010,376.359985,1104.2,1163.5,3.851,81.978,80
29-03-2010,380.269989,1110.3,1168.75,3.866,81.624,82.17
30-03-2010,379.359985,1104.5,1169.5,3.858,81.738,82.37
31-03-2010,378.820007,1113.3,1165.25,3.833,81.291,83.76
01-04-2010,383.019989,1125.1,1173.75,3.87,80.972,84.87
05-04-2010,384.920013,1132.9,1183,3.99,81.254,86.62
06-04-2010,387.690002,1135.1,1185.75,3.956,81.57,86.84
07-04-2010,384.220001,1152.3,1179,3.863,81.612,85.88
08-04-2010,382.649994,1152.2,1183.75,3.89,81.701,85.39
09-04-2010,384.920013,1161.1,1192.5,3.881,81.241,84.92
12-04-2010,386.140015,1161.6,1192.5,3.838,80.692,84.34
13-04-2010,384.339996,1152.8,1193,3.82,80.625,84.05
14-04-2010,383.980011,1159,1206.5,3.865,80.291,85.84
15-04-2010,383.630005,1159.7,1208.5,3.836,80.585,85.51
16-04-2010,379.459991,1136.3,1190.25,3.77,80.944,83.24
19-04-2010,379.790009,1135.2,1195.5,3.803,81.105,81.45
20-04-2010,384.26001,1138.6,1205.5,3.797,81.141,83.45
21-04-2010,384.420013,1148.2,1200.5,3.738,81.266,83.68
22-04-2010,384.880005,1142.3,1201.75,3.77,81.682,83.7
23-04-2010,388.519989,1153.1,1212.25,3.817,81.498,85.12
26-04-2010,386.869995,1153.5,1208.25,3.809,81.615,84.2
27-04-2010,380.140015,1161.7,1181,3.693,82.31,82.44
28-04-2010,384.350006,1171.3,1190,3.767,82.535,83.22
29-04-2010,384.649994,1168.4,1205.25,3.73,82.161,85.17
30-04-2010,387.950012,1180.1,1183.5,3.659,81.991,86.15
03-05-2010,392.76001,1182.7,1198.5,3.692,82.399,86.19
04-05-2010,385.170013,1168.6,1172.5,3.598,83.421,82.74
05-05-2010,382.320007,1174.6,1164,3.546,84.2,79.97
06-05-2010,372.040009,1196.9,1122.5,3.405,85.047,77.11
07-05-2010,370.850006,1210,1107,3.42,84.659,75.11
10-05-2010,381.649994,1200.4,1156.5,3.544,84.335,76.8
11-05-2010,382.399994,1219.9,1152.25,3.527,84.613,76.37
12-05-2010,384.839996,1242.7,1169.75,3.571,84.967,75.65
13-05-2010,382.73999,1228.8,1156.75,3.537,85.342,74.4
14-05-2010,379.820007,1227.4,1135.25,3.455,86.231,71.61
17-05-2010,379.48999,1227.7,1134.5,3.491,86.377,70.08
18-05-2010,375.48999,1214.3,1118.75,3.353,87.315,69.41
19-05-2010,371.390015,1192.6,1110,3.37,86.54,69.87
20-05-2010,359.829987,1187.8,1070,3.216,85.706,68.01
21-05-2010,361.790009,1175.7,1084.5,3.236,85.537,70.04
24-05-2010,358.5,1193.8,1071,3.198,86.337,70.21
25-05-2010,355.98999,1197.8,1073,3.16,86.888,68.75
26-05-2010,354.589996,1213.3,1061.25,3.192,87.244,71.51
27-05-2010,361.790009,1211.9,1101,3.357,86.282,74.55
28-05-2010,361.190002,1212.2,1088.5,3.303,86.582,73.97
01-06-2010,353.019989,1224.8,1069.5,3.263,86.725,72.58
02-06-2010,360.5,1220.6,1096.75,3.347,86.877,72.86
03-06-2010,364.309998,1208.3,1103.5,3.369,87.214,74.61
04-06-2010,354.269989,1216.2,1066,3.208,88.315,71.51
07-06-2010,356.48999,1239.3,1048,3.146,88.463,71.44
08-06-2010,361.109985,1244,1059.25,3.189,88.473,71.99
09-06-2010,358.5,1228.5,1055.5,3.178,87.935,74.38
10-06-2010,368.320007,1220.8,1083.75,3.325,87.166,75.48
11-06-2010,367.769989,1228.9,1089.25,3.233,87.517,73.78
14-06-2010,369.350006,1223.3,1090.5,3.262,86.504,75.12
15-06-2010,377.230011,1233.2,1113.5,3.306,86.29,76.94
16-06-2010,379.440002,1229.3,1114,3.264,86.386,77.67
17-06-2010,382.640015,1247.5,1116.25,3.194,85.982,76.79
18-06-2010,383.359985,1257.2,1118.83,3.225,85.976,77.18
21-06-2010,380.269989,1239.7,1110.5,3.243,86.239,77.82
22-06-2010,371.429993,1239.9,1090.5,3.165,86.408,77.21
23-06-2010,367.109985,1234.1,1087.5,3.124,86.048,76.35
24-06-2010,365.470001,1245.5,1070.5,3.143,86.017,76.51
25-06-2010,366.209991,1255.8,1074.75,3.11,85.579,78.86
28-06-2010,367.920013,1238.2,1071,3.023,85.922,78.25
29-06-2010,360.320007,1242,1035.25,2.953,86.34,75.94
30-06-2010,357.73999,1245.5,1026.5,2.935,86.281,75.63
01-07-2010,356.459991,1206.3,1021.75,2.954,84.984,72.95
02-07-2010,356.269989,1207.4,1014.25,2.984,84.67,72.14
06-07-2010,360.369995,1194.8,1024.25,2.936,84.306,71.98
07-07-2010,372.029999,1198.6,1059.25,2.986,84.038,74.07
08-07-2010,375.809998,1195.8,1067,3.034,84.036,75.44
09-07-2010,377.970001,1209.6,1072.5,3.056,84.152,76.09
12-07-2010,379.459991,1198.5,1076.5,3.066,84.407,74.95
13-07-2010,380.5,1213.3,1089.75,3.124,83.821,77.15
14-07-2010,381.299988,1206.8,1091,3.05,83.598,77.04
15-07-2010,383.75,1208.1,1090.5,2.997,82.743,76.62
16-07-2010,377.649994,1188,1063,2.925,82.658,76.01
19-07-2010,382.75,1181.7,1063.75,2.961,82.705,76.54
20-07-2010,386.049988,1191.5,1080,2.954,82.929,77.44
21-07-2010,380.76001,1191.6,1064,2.882,83.593,76.56
22-07-2010,386.769989,1195.5,1087.75,2.932,82.782,79.3
23-07-2010,386.76001,1187.7,1100.5,3,82.629,78.98
26-07-2010,388.779999,1183,1109.5,2.996,82.242,78.98
27-07-2010,395.339996,1158,1111,3.049,82.328,77.5
28-07-2010,393.119995,1160.4,1102,2.99,82.31,76.99
29-07-2010,387.339996,1168.4,1097,2.988,81.754,78.36
30-07-2010,385.529999,1181.7,1098.25,2.905,81.655,78.95
02-08-2010,393.890015,1183.4,1121.75,2.963,81.055,81.34
03-08-2010,392.329987,1185.2,1118.25,2.909,80.684,82.55
04-08-2010,392.529999,1193.7,1124.5,2.953,80.992,82.47
05-08-2010,392.630005,1197.2,1123.5,2.906,80.93,82.01
06-08-2010,393.720001,1203.4,1119.5,2.822,80.496,80.7
09-08-2010,395.019989,1200.7,1125.5,2.829,80.789,81.48
10-08-2010,396.73999,1196.2,1119.75,2.768,80.924,80.25
11-08-2010,388.230011,1197.5,1085,2.687,82.428,78.02
12-08-2010,386.579987,1214.8,1079.25,2.753,82.767,75.74
13-08-2010,387.700012,1214.9,1076,2.679,83.038,75.39
16-08-2010,387.51001,1224.5,1077,2.573,82.635,75.24
17-08-2010,391.23999,1226.6,1089,2.641,82.324,75.77
18-08-2010,388.850006,1229.7,1086.75,2.638,82.31,75.42
19-08-2010,383.75,1233.8,1071.25,2.575,82.54,74.43
20-08-2010,385.630005,1227.2,1070.25,2.614,83.16,73.46
23-08-2010,387.799988,1226.9,1065.5,2.602,83.228,73.1
24-08-2010,389,1231.8,1049.75,2.488,83.206,71.63
25-08-2010,387.26001,1239.5,1054.5,2.539,83.331,72.52
26-08-2010,385.369995,1235.4,1044.75,2.481,82.983,73.36
27-08-2010,392.459991,1236,1063.75,2.647,82.968,75.17
30-08-2010,387.209991,1237.1,1045,2.53,83.226,74.7
31-08-2010,388.970001,1248.3,1048.25,2.47,83.254,71.92
01-09-2010,397.359985,1246.3,1081.75,2.58,82.549,73.91
02-09-2010,396.869995,1251.5,1089.5,2.625,82.501,75.02
03-09-2010,399.519989,1249.2,1103.5,2.702,82.124,74.6
07-09-2010,397.440002,1257.3,1091.25,2.598,82.844,74.09
08-09-2010,395.820007,1255.6,1099.25,2.654,82.58,74.67
09-09-2010,398.600006,1248.9,1102.5,2.762,82.69,74.25
10-09-2010,394.73999,1244.5,1109.75,2.795,82.701,76.45
13-09-2010,396.109985,1245.1,1121.25,2.746,82.092,77.19
14-09-2010,395.26001,1269.7,1120.75,2.683,81.339,76.8
15-09-2010,392.410004,1266.7,1125.75,2.723,81.751,76.02
16-09-2010,390.920013,1271.9,1127.75,2.764,81.501,74.57
17-09-2010,391.119995,1275.6,1131.15,2.739,81.641,73.66
20-09-2010,397.019989,1279,1136.5,2.704,81.582,74.86
21-09-2010,395.140015,1272.4,1134.75,2.576,80.673,73.52
22-09-2010,397.26001,1290.2,1129.75,2.555,80.064,74.71
23-09-2010,393.619995,1294.3,1120.5,2.553,80.247,75.18
24-09-2010,399.929993,1296,1143.25,2.61,79.599,76.49
27-09-2010,400.579987,1296.7,1137.75,2.531,79.554,76.52
28-09-2010,400.950012,1306.6,1141.75,2.467,79.212,76.18
29-09-2010,399.390015,1308.5,1141,2.505,78.905,77.86
30-09-2010,398.230011,1307.8,1136.75,2.512,78.938,79.97
01-10-2010,400.369995,1316.1,1142.25,2.513,78.313,81.58
04-10-2010,398.880005,1315.4,1134.75,2.479,78.658,81.47
05-10-2010,403.019989,1338.9,1154.75,2.474,77.967,82.82
06-10-2010,401.619995,1346.4,1155.75,2.401,77.62,83.23
07-10-2010,402.209991,1333.9,1156.5,2.385,77.642,81.67
08-10-2010,403.910004,1344.2,1160.5,2.396,77.563,82.66
11-10-2010,404.01001,1353.3,1162.25,2.389,77.664,82.21
12-10-2010,402.980011,1345.7,1164.5,2.433,77.588,81.67
13-10-2010,405.690002,1369.5,1174.25,2.429,77.287,83.01
14-10-2010,405.170013,1376.7,1173.5,2.509,76.881,82.69
15-10-2010,406.230011,1371.1,1175,2.567,77.268,81.25
18-10-2010,410.369995,1371.2,1178.25,2.515,77.137,83.08
19-10-2010,407.890015,1335.1,1163.75,2.481,78.421,79.49
20-10-2010,411.329987,1343.3,1174.7,2.481,77.414,81.77
21-10-2010,409.76001,1324.7,1175.75,2.542,77.634,80.56
22-10-2010,406.829987,1324.4,1180.75,2.561,77.685,81.69
25-10-2010,405.200012,1338.3,1182.75,2.565,77.303,82.52
26-10-2010,404.26001,1338,1182.75,2.645,77.91,82.55
27-10-2010,402.839996,1322.2,1178.75,2.722,78.377,81.94
28-10-2010,403.980011,1342.1,1179.25,2.659,77.503,82.18
29-10-2010,404.859985,1357.1,1179.75,2.603,77.457,81.43
01-11-2010,401.75,1350.2,1183,2.625,77.481,82.95
02-11-2010,406.649994,1356.4,1192.75,2.587,76.892,83.9
03-11-2010,405.160004,1337.1,1197.25,2.579,76.623,84.69
04-11-2010,409.720001,1382.7,1218.5,2.493,76,86.49
05-11-2010,409.600006,1397.3,1222,2.539,76.691,86.85
08-11-2010,406.76001,1402.8,1220,2.558,77.164,87.06
09-11-2010,406.470001,1409.8,1211,2.663,77.584,86.72
10-11-2010,403.480011,1399.1,1214,2.639,77.77,87.81
11-11-2010,404.410004,1403.1,1211,2.656,78.356,87.81
12-11-2010,401.059998,1365.4,1195.5,2.789,78.231,84.88
15-11-2010,401.859985,1368.4,1195.75,2.967,78.673,84.86
16-11-2010,397.290009,1338.3,1174.75,2.845,79.333,82.34
17-11-2010,397.029999,1336.8,1177.5,2.882,79.21,80.44
18-11-2010,399.369995,1352.9,1197.75,2.901,78.729,81.85
19-11-2010,398,1352.2,1198.25,2.873,78.594,81.51
22-11-2010,398.410004,1357.7,1198,2.806,78.768,81.74
23-11-2010,393.75,1377.5,1178.25,2.782,79.762,81.25
24-11-2010,395.25,1372.9,1196.5,2.912,79.939,83.86
26-11-2010,392.640015,1362.3,1183.25,2.87,80.433,83.76
29-11-2010,391.350006,1366,1186.5,2.826,80.902,85.73
30-11-2010,391.399994,1385,1179.5,2.797,81.271,84.11
01-12-2010,396.230011,1387.3,1204.5,2.966,80.762,86.75
02-12-2010,397.670013,1388.5,1222.75,2.996,80.336,88
03-12-2010,399.029999,1405.4,1223.5,3.007,79.407,89.19
06-12-2010,397.350006,1415.3,1222,2.929,79.599,89.38
07-12-2010,395.690002,1408.3,1223.25,3.135,79.864,88.69
08-12-2010,394.179993,1382.5,1228.75,3.272,80.008,88.28
09-12-2010,395.450012,1392.1,1233,3.213,80.085,88.37
10-12-2010,397.390015,1384.3,1241,3.323,80.066,87.79
13-12-2010,399.540009,1397.3,1241.25,3.277,79.64,88.61
14-12-2010,400.399994,1403.6,1241.75,3.473,79.69,88.28
15-12-2010,396.700012,1385.5,1237,3.538,80.582,88.62
16-12-2010,400.51001,1370.4,1243.5,3.434,80.549,87.7
17-12-2010,401.660004,1378.6,1242.35,3.332,80.752,88.02
20-12-2010,403.75,1385.5,1241.25,3.34,80.972,88.81
21-12-2010,403.429993,1388.2,1250.75,3.303,81.069,89.82
22-12-2010,405.399994,1386.8,1254.5,3.348,81.073,90.48
23-12-2010,405.730011,1380,1253,3.397,80.832,91.51
27-12-2010,405.859985,1382.4,1253.25,3.327,80.679,91
28-12-2010,406.920013,1405.2,1254,3.482,80.67,91.49
29-12-2010,405.549988,1413.1,1255.75,3.355,80.102,91.12
30-12-2010,404.75,1405.6,1254.5,3.367,79.798,89.84
31-12-2010,404.98999,1421.1,1253,3.288,79.288,91.38
03-01-2011,406.579987,1422.6,1265.25,3.334,79.384,91.55
04-01-2011,408.519989,1378.5,1265.25,3.338,79.699,89.38
05-01-2011,406.200012,1373.4,1271.75,3.463,80.538,90.3
06-01-2011,406.429993,1371.4,1270.25,3.399,81.093,88.38
07-01-2011,407.720001,1368.5,1267.5,3.328,81.321,88.03
10-01-2011,405.410004,1373.7,1265.5,3.287,81.163,89.25
11-01-2011,406.100006,1384,1270.5,3.34,81.135,91.11
12-01-2011,408.630005,1385.7,1283.5,3.367,80.25,91.86
13-01-2011,409.339996,1386.9,1281.25,3.299,79.406,91.4
14-01-2011,410.869995,1360.4,1289.5,3.331,79.366,91.54
18-01-2011,411.779999,1368.1,1294.75,3.37,79.16,91.38
19-01-2011,411.309998,1370.2,1278.5,3.337,78.811,90.86
20-01-2011,413.709991,1346.5,1276.25,3.451,78.984,88.86
21-01-2011,413.339996,1341,1279.75,3.408,78.37,89.11
24-01-2011,415.589996,1344.5,1288.5,3.406,78.193,87.87
25-01-2011,414.579987,1332.3,1287.5,3.33,78.145,86.19
26-01-2011,413.390015,1333,1293.5,3.421,78.035,87.33
27-01-2011,414.420013,1318.4,1295.75,3.389,77.854,85.64
28-01-2011,408.940002,1340.7,1271.5,3.329,78.28,89.34
31-01-2011,409.350006,1333.8,1282.5,3.374,77.865,92.19
01-02-2011,413.570007,1339.6,1302.75,3.435,77.193,90.77
02-02-2011,411.98999,1331.5,1300,3.479,77.278,90.86
03-02-2011,413.619995,1352.3,1303.3,3.547,77.867,90.54
04-02-2011,411.01001,1348.3,1307.25,3.638,78.157,89.03
07-02-2011,413.829987,1347.6,1315.75,3.64,78.122,87.48
08-02-2011,413.779999,1363.4,1321.75,3.737,78.094,86.94
09-02-2011,413.559998,1364.8,1319.25,3.652,77.721,86.71
10-02-2011,414.369995,1361.9,1318.75,3.702,78.327,86.73
11-02-2011,413.339996,1359.9,1327.25,3.638,78.565,85.58
14-02-2011,409.76001,1364.6,1327.75,3.625,78.717,84.81
15-02-2011,410.709991,1373.6,1326.25,3.604,78.66,84.32
16-02-2011,409.190002,1374.7,1333,3.623,78.277,84.99
17-02-2011,411.230011,1384.7,1337.75,3.576,78.065,86.36
18-02-2011,411.130005,1388.2,1342.5,3.582,77.72,86.2
22-02-2011,410.339996,1400.5,1314.5,3.459,77.823,93.57
23-02-2011,409.369995,1413.4,1305.5,3.483,77.444,98.1
24-02-2011,408.320007,1415.3,1302.75,3.45,77.096,97.28
25-02-2011,410.880005,1408.7,1318.75,3.416,77.3,97.88
28-02-2011,415.609985,1409.3,1326,3.422,76.921,96.97
01-03-2011,411.570007,1430.7,1301,3.403,77.083,99.63
02-03-2011,411.450012,1437.2,1305.75,3.471,76.689,102.23
03-03-2011,414.950012,1416,1329.75,3.559,76.495,101.91
04-03-2011,412.559998,1428.2,1320.25,3.492,76.416,104.42
07-03-2011,413.220001,1434.1,1309,3.516,76.514,105.44
08-03-2011,417.109985,1426.9,1320,3.551,76.8,105.02
09-03-2011,421.820007,1429.3,1315.5,3.469,76.719,104.38
10-03-2011,416.570007,1412.2,1294.25,3.362,77.274,102.7
11-03-2011,417.98999,1421.5,1306,3.402,76.77,101.16
14-03-2011,412.040009,1424.6,1295.5,3.365,76.462,101.19
15-03-2011,404.399994,1392.6,1280,3.307,76.656,97.18
16-03-2011,397.220001,1396,1258.75,3.192,76.986,97.98
17-03-2011,398.429993,1404,1273.75,3.257,76.34,101.42
18-03-2011,400.179993,1415.9,1287.71,3.268,75.971,101.07
21-03-2011,406.230011,1426.2,1293,3.332,75.655,102.33
22-03-2011,406.350006,1427.5,1288.25,3.328,75.673,104
23-03-2011,406.040009,1437.9,1292,3.354,76.046,105.75
24-03-2011,407.839996,1434.8,1305.25,3.407,75.888,105.6
25-03-2011,408.070007,1426.1,1310,3.442,76.485,105.4
28-03-2011,406.070007,1419.8,1302.25,3.441,76.376,103.98
29-03-2011,409.51001,1416,1316.5,3.491,76.502,104.79
30-03-2011,414.25,1423.8,1324,3.444,76.357,104.27
31-03-2011,413.059998,1438.9,1321,3.47,76.072,106.72
01-04-2011,415.799988,1428.1,1327.75,3.45,76.083,107.94
04-04-2011,415.160004,1432.2,1329.25,3.425,76.159,108.47
05-04-2011,413.880005,1451.8,1326.75,3.487,76.111,108.34
06-04-2011,417.049988,1457.7,1329,3.549,75.757,108.83
07-04-2011,415.279999,1458.5,1328.5,3.549,75.81,110.3
08-04-2011,414.450012,1473.4,1323.75,3.583,75.273,112.79
11-04-2011,408.51001,1467.4,1319.5,3.587,75.282,109.92
12-04-2011,407.670013,1452.9,1308.25,3.492,75.065,106.25
13-04-2011,409.450012,1454.9,1308.75,3.458,75.19,107.11
14-04-2011,411.880005,1471.7,1310.25,3.496,74.888,108.11
15-04-2011,416.070007,1485.3,1318.75,3.413,75.028,109.66
18-04-2011,412.5,1492.3,1301,3.38,75.73,107.12
19-04-2011,412.480011,1494.5,1308.5,3.365,75.249,108.15
20-04-2011,417.700012,1498.3,1328.25,3.408,74.567,111.45
21-04-2011,418.369995,1503.2,1331,3.394,74.18,112.29
25-04-2011,418.48999,1508.6,1330.75,3.366,74.181,112.28
26-04-2011,422.779999,1503,1341,3.309,74.025,112.21
27-04-2011,425.76001,1516.7,1351,3.357,73.691,112.76
28-04-2011,428.420013,1530.8,1355,3.316,73.311,112.86
29-04-2011,429.059998,1556,1359.75,3.29,73.107,113.93
02-05-2011,428.549988,1556.7,1357.75,3.281,73.139,113.52
03-05-2011,432.179993,1540.1,1352,3.251,73.315,111.05
04-05-2011,430.940002,1514.9,1343,3.221,73.213,109.24
05-05-2011,427.910004,1480.9,1335,3.152,74.375,99.8
06-05-2011,429.809998,1491.2,1334.5,3.15,75.08,97.18
09-05-2011,431.170013,1502.9,1342.75,3.157,74.9,102.55
10-05-2011,437.320007,1516.6,1353.75,3.213,74.782,103.88
11-05-2011,436.23999,1501.1,1338.75,3.156,75.517,98.21
12-05-2011,439.540009,1506.6,1347.5,3.226,75.417,98.97
13-05-2011,436.910004,1493.4,1334,3.169,75.938,99.65
16-05-2011,436.589996,1490.4,1325.5,3.147,75.651,97.37
17-05-2011,440.410004,1479.8,1325.5,3.114,75.545,96.91
18-05-2011,439.380005,1495.6,1338.5,3.184,75.632,100.1
19-05-2011,439.920013,1492.2,1341.75,3.173,75.277,98.44
20-05-2011,439.820007,1508.8,1327.75,3.147,75.579,99.49
23-05-2011,434.529999,1515.3,1315.25,3.129,76.234,97.7
24-05-2011,434.149994,1523.2,1313.5,3.116,76.023,99.59
25-05-2011,433.450012,1526.6,1316.5,3.132,76.03,101.32
26-05-2011,432.839996,1522.8,1326.5,3.059,75.632,100.23
27-05-2011,433.540009,1536.3,1330,3.072,75.018,100.59
31-05-2011,436.369995,1535.9,1344,3.059,74.696,102.7
01-06-2011,431.519989,1542.4,1312,2.944,74.731,100.29
02-06-2011,429.970001,1532,1312.5,3.031,74.375,100.4
03-06-2011,427.209991,1541.7,1296.25,2.991,73.807,100.22
06-06-2011,424.980011,1546.5,1285,2.997,73.999,99.01
07-06-2011,425.380005,1543.3,1284.75,3,73.528,99.09
08-06-2011,426.089996,1538.1,1277,2.946,73.939,100.74
09-06-2011,426.75,1542.1,1287.5,2.997,74.201,101.93
10-06-2011,423.829987,1528.6,1269.25,2.973,74.798,99.29
13-06-2011,424.450012,1515,1271.5,2.984,74.596,97.3
14-06-2011,426.630005,1523.8,1290,3.099,74.692,99.37
15-06-2011,420.880005,1525.6,1265.5,2.967,76.072,94.81
16-06-2011,424.329987,1529.3,1269,2.926,76.224,94.95
17-06-2011,426.790009,1538.6,1279.4,2.944,75.461,93.01
20-06-2011,429.170013,1541.5,1273.75,2.956,75.5,93.26
21-06-2011,429.799988,1546,1288,2.98,74.931,93.4
22-06-2011,427.369995,1552.9,1279.75,2.98,75.188,95.41
23-06-2011,423.429993,1520.1,1277,2.914,75.904,91.02
24-06-2011,423.98999,1500.5,1264,2.871,76.21,91.16
27-06-2011,427.079987,1496,1276.25,2.932,75.828,90.61
28-06-2011,429.230011,1499.7,1294.5,3.034,75.49,92.89
29-06-2011,431.290009,1509.9,1304.25,3.121,75.074,94.77
30-06-2011,433.480011,1502.3,1315.5,3.16,74.635,95.42
01-07-2011,439.029999,1482.3,1334.75,3.182,74.674,94.94
05-07-2011,436.369995,1512.3,1336.75,3.119,74.985,96.89
06-07-2011,437.01001,1528.7,1335.75,3.11,75.44,96.65
07-07-2011,438.799988,1530.2,1351.75,3.138,75.257,98.67
08-07-2011,436.75,1541.2,1341.75,3.03,75.514,96.2
11-07-2011,431.380005,1548.8,1318.5,2.924,76.374,95.15
12-07-2011,433.059998,1561.9,1310.75,2.877,76.234,97.43
13-07-2011,432.380005,1585.2,1312.25,2.884,75.547,98.05
14-07-2011,430.609985,1589,1306.75,2.953,75.562,95.69
15-07-2011,432.019989,1589.8,1315,2.908,75.52,97.24
18-07-2011,427.76001,1602.1,1300.5,2.92,75.793,95.93
19-07-2011,431.890015,1600.9,1321.25,2.878,75.513,97.5
20-07-2011,434.609985,1596.7,1321.25,2.931,75.094,98.14
21-07-2011,441.329987,1586.8,1342.5,3.014,74.231,99.13
22-07-2011,439.230011,1601.3,1341,2.964,74.412,99.87
25-07-2011,440.089996,1612,1333.5,3.004,74.254,99.2
26-07-2011,438.619995,1616.6,1326.25,2.955,73.629,99.59
27-07-2011,438.140015,1615,1299,2.982,74.273,97.4
28-07-2011,435.429993,1613.4,1296.75,2.955,74.391,97.44
29-07-2011,431.170013,1628.3,1288.5,2.792,74.036,95.7
01-08-2011,432.549988,1619,1279.75,2.753,74.456,94.89
02-08-2011,425.309998,1641.9,1247.25,2.613,74.666,93.79
03-08-2011,424.940002,1663.4,1254.5,2.615,74.199,91.93
04-08-2011,410.630005,1656.2,1198.75,2.407,75.36,86.63
05-08-2011,414.720001,1648.8,1197.75,2.563,74.802,86.88
08-08-2011,391.019989,1710.2,1111.25,2.316,74.938,81.31
09-08-2011,404.48999,1740,1171.75,2.275,74.724,79.3
10-08-2011,396.98999,1781.3,1123.5,2.095,74.769,82.89
11-08-2011,413.089996,1748.8,1168.5,2.333,74.81,85.72
12-08-2011,411.209991,1740.2,1176.75,2.26,74.743,85.38
15-08-2011,425.980011,1755.5,1198.5,2.308,73.929,87.88
16-08-2011,424.269989,1782.4,1192.25,2.225,74.093,86.65
17-08-2011,427.570007,1791.2,1190,2.167,73.758,87.58
18-08-2011,419.890015,1818.9,1143.5,2.068,74.315,82.38
19-08-2011,416.670013,1848.9,1124,2.067,74.106,82.26
22-08-2011,415.109985,1888.7,1123.25,2.109,74.168,84.12
23-08-2011,423.209991,1858.3,1158.5,2.158,73.961,85.44
24-08-2011,431.279999,1754.1,1172,2.294,74.087,85.16
25-08-2011,424.549988,1759.8,1157.5,2.234,74.362,85.3
26-08-2011,423.679993,1794.1,1176,2.19,73.869,85.37
29-08-2011,432.23999,1788.4,1208,2.264,73.777,87.27
30-08-2011,432.619995,1826.7,1204.75,2.176,73.996,88.9
31-08-2011,435.059998,1828.5,1217.75,2.234,74.173,88.81
01-09-2011,432.470001,1826,1201.25,2.132,74.557,88.93
02-09-2011,426.720001,1873.7,1169.25,1.994,74.839,86.45
06-09-2011,424.23999,1869.9,1164.5,1.982,76.057,86.02
07-09-2011,428.929993,1814.2,1199,2.041,75.566,89.34
08-09-2011,429.220001,1854.4,1185.75,1.977,76.352,89.05
09-09-2011,419.890015,1856.4,1158,1.915,77.3,87.24
12-09-2011,423.429993,1809.9,1163.25,1.948,77.666,88.19
13-09-2011,425.440002,1826.8,1171.5,1.992,76.997,90.21
14-09-2011,429.480011,1823.5,1188.5,1.992,76.875,88.91
15-09-2011,434.899994,1778.5,1211.25,2.083,76.267,89.4
16-09-2011,439.290009,1812.1,1216.74,2.057,76.593,87.96
19-09-2011,437.579987,1776.4,1197.75,1.956,77.435,85.7
20-09-2011,443.51001,1806.6,1196,1.937,77.528,86.89
21-09-2011,435.73999,1805.5,1155.75,1.856,77.859,85.92
22-09-2011,427.549988,1739.2,1123.5,1.72,79.1,80.51
23-09-2011,431.549988,1637.5,1129.75,1.83,79.228,79.85
26-09-2011,435.839996,1592.5,1158.5,1.904,79.063,80.24
27-09-2011,436.269989,1650.6,1169.5,1.98,78.028,84.45
28-09-2011,431.809998,1616.3,1148.75,1.987,78.429,81.21
29-09-2011,438.559998,1615.5,1156.25,2.002,78.603,82.14
30-09-2011,433.380005,1620.4,1126,1.917,79.075,79.2
03-10-2011,423.579987,1656,1086.25,1.749,79.937,77.61
04-10-2011,422.100006,1614.7,1113.5,1.817,80.104,75.67
05-10-2011,422.269989,1640.3,1135,1.891,79.385,79.68
06-10-2011,430.029999,1651.9,1157.5,1.992,79.088,82.59
07-10-2011,431.339996,1634.5,1155,2.075,79.149,82.98
10-10-2011,440.470001,1669.6,1191,2.07,77.811,85.41
11-10-2011,435.929993,1659.7,1189.5,2.159,77.908,85.81
12-10-2011,435.019989,1681.3,1198.25,2.212,77.274,85.57
13-10-2011,434.529999,1667.3,1198,2.182,77.284,84.23
14-10-2011,438.76001,1681.8,1219.25,2.251,76.907,86.8
17-10-2011,438.140015,1675.5,1194,2.155,77.428,86.38
18-10-2011,442.01001,1651.7,1223,2.175,77.412,88.34
19-10-2011,442.410004,1646,1206.5,2.157,77.416,86.11
20-10-2011,445.299988,1611.9,1210,2.187,77.236,85.3
21-10-2011,452.660004,1635.1,1235.25,2.216,76.628,87.4
24-10-2011,450.670013,1651.5,1247,2.234,76.262,91.27
25-10-2011,444.690002,1699.6,1224.5,2.114,76.321,93.17
26-10-2011,447.609985,1722.7,1237.5,2.207,76.473,90.2
27-10-2011,457.200012,1746.7,1282.5,2.385,75.011,93.96
28-10-2011,453.690002,1746.2,1281,2.324,75.216,93.32
31-10-2011,450.140015,1724.2,1249.25,2.116,76.306,93.19
01-11-2011,441.76001,1711,1224.5,1.991,77.39,92.19
02-11-2011,448.690002,1728.7,1234.25,1.989,77.181,92.51
03-11-2011,453.570007,1764.2,1255.75,2.073,76.856,94.07
04-11-2011,451.170013,1755.3,1251,2.038,77.162,94.26
07-11-2011,453.390015,1790.3,1257.5,2.02,77.141,95.52
08-11-2011,454.940002,1798.4,1273.25,2.079,76.751,96.8
09-11-2011,444.320007,1790.9,1225.5,1.966,78.167,95.74
10-11-2011,447.059998,1758.9,1237.5,2.057,77.973,97.78
11-11-2011,452.910004,1787.5,1261.5,2.057,77.131,98.99
14-11-2011,447.209991,1777.8,1252.5,2.045,77.753,98.14
15-11-2011,448.700012,1781.7,1254,2.049,78.062,99.37
16-11-2011,442.329987,1773.8,1231,2,78.206,102.59
17-11-2011,439.809998,1719.8,1214.75,1.965,78.489,98.82
18-11-2011,442.01001,1724.7,1214,2.005,78.255,97.41
21-11-2011,436.380005,1678.3,1190.75,1.965,78.463,96.92
22-11-2011,430.450012,1702.2,1182.75,1.922,78.435,98.01
23-11-2011,423.959991,1695.7,1160,1.888,79.351,96.17
25-11-2011,426.01001,1685.5,1153.5,1.965,79.831,96.77
28-11-2011,432.200012,1710.8,1191,1.97,79.436,98.21
29-11-2011,437.100006,1713.4,1196.5,1.988,79.151,99.79
30-11-2011,448.839996,1745.5,1246,2.071,78.491,100.36
01-12-2011,448.070007,1735.3,1243.5,2.086,78.433,100.2
02-12-2011,443.630005,1747,1243.5,2.033,78.731,100.96
05-12-2011,447.48999,1730.7,1255,2.033,78.671,100.99
06-12-2011,448.350006,1727.9,1255,2.086,78.571,101.28
07-12-2011,447.329987,1740.9,1264,2.033,78.552,100.49
08-12-2011,440.98999,1709.8,1236,1.97,78.912,98.34
09-12-2011,446.929993,1712.8,1258.75,2.063,78.681,99.41
12-12-2011,442.709991,1664.2,1235.25,2.017,79.58,97.77
13-12-2011,445.029999,1659.9,1226.25,1.963,80.289,100.14
14-12-2011,440.769989,1584.3,1212.5,1.904,80.622,94.95
15-12-2011,446.839996,1574.6,1218,1.911,80.341,93.87
16-12-2011,446.149994,1595.6,1225.05,1.851,80.249,93.53
19-12-2011,442,1594.4,1199,1.81,80.207,93.88
20-12-2011,451.720001,1615.6,1236,1.927,80.273,97.22
21-12-2011,458.709991,1611.9,1236.25,1.97,80.35,98.67
22-12-2011,459.660004,1608.9,1249,1.953,80.306,99.53
23-12-2011,462.940002,1604.7,1260.25,2.021,80.236,99.68
27-12-2011,466.579987,1594.2,1260.25,2.002,80.135,101.34
28-12-2011,463.279999,1562.9,1244.5,1.921,80.883,99.36
29-12-2011,467.119995,1539.9,1257.5,1.899,80.911,99.65
30-12-2011,464.679993,1565.8,1252.5,1.876,80.522,98.83
03-01-2012,455.720001,1599.7,1272,1.956,79.912,102.96
04-01-2012,453.019989,1611.9,1273,1.984,80.425,103.22
05-01-2012,453.880005,1619.4,1273,1.996,81.25,101.81
06-01-2012,451.200012,1616.1,1274.25,1.958,81.597,101.56
09-01-2012,452.579987,1607.5,1275.5,1.956,81.388,101.31
10-01-2012,453.200012,1631,1286,1.963,81.101,102.24
11-01-2012,451.579987,1639.2,1288.25,1.905,81.614,100.87
12-01-2012,451.540009,1647.3,1291.75,1.926,81.036,99.1
13-01-2012,450.899994,1630.4,1289,1.871,81.791,98.7
17-01-2012,451.690002,1655.2,1289.25,1.858,81.429,100.71
18-01-2012,451.75,1659.5,1302.25,1.898,80.822,100.59
19-01-2012,447.23999,1654.1,1310.5,1.982,80.405,100.39
20-01-2012,448.540009,1663.7,1310.75,2.025,80.406,98.46
23-01-2012,449.76001,1678,1311,2.058,79.934,99.58
24-01-2012,446.269989,1664.2,1311.5,2.063,80.026,98.95
25-01-2012,453.48999,1699.8,1320.25,2.002,79.717,99.4
26-01-2012,454.040009,1726.3,1315.25,1.94,79.513,99.7
27-01-2012,447.970001,1731.8,1312.5,1.891,79.011,99.56
30-01-2012,446.559998,1731,1309,1.846,79.302,98.78
31-01-2012,448.839996,1737.8,1308.25,1.795,79.417,98.48
01-02-2012,450.910004,1747.1,1319.75,1.83,79.033,97.61
02-02-2012,449.839996,1756.8,1322.75,1.823,79.11,96.36
03-02-2012,451.359985,1737.9,1339,1.924,79.057,97.84
06-02-2012,449.950012,1722.8,1339,1.901,79.186,96.91
07-02-2012,452.059998,1746.4,1344.75,1.977,78.675,98.41
08-02-2012,452.480011,1729.3,1347,1.982,78.734,98.71
09-02-2012,451.019989,1739,1348.25,2.036,78.652,99.84
10-02-2012,450.450012,1723.3,1340.5,1.984,79.226,98.67
13-02-2012,449.410004,1723,1349,1.978,79.045,100.91
14-02-2012,450.320007,1715.9,1347.75,1.938,79.694,100.74
15-02-2012,447.910004,1726.3,1342.25,1.933,79.783,101.8
16-02-2012,452.640015,1726.8,1354.75,1.984,79.455,102.31
17-02-2012,452.600006,1724.5,1359.75,2,79.456,103.24
21-02-2012,452.279999,1757.1,1360,2.061,79.136,105.84
22-02-2012,452.339996,1770,1356,2.002,79.303,106.28
23-02-2012,450.75,1784.9,1363,1.996,78.886,107.83
24-02-2012,453.339996,1775.1,1363.25,1.977,78.401,109.77
27-02-2012,452.76001,1773.6,1367.25,1.925,78.578,108.56
28-02-2012,451.089996,1787,1371.5,1.941,78.3,106.55
29-02-2012,451.540009,1709.9,1364.5,1.974,78.794,107.07
01-03-2012,453.200012,1721.1,1374.5,2.03,78.834,108.84
02-03-2012,453.75,1708.8,1368.75,1.979,79.462,106.7
05-03-2012,454.51001,1703,1364.5,2.007,79.365,106.72
06-03-2012,452.529999,1671.4,1342,1.95,79.926,104.7
07-03-2012,452.179993,1683.3,1352.75,1.972,79.763,106.16
08-03-2012,453.200012,1698.1,1366.5,2.016,79.179,106.58
09-03-2012,454.950012,1710.9,1372.5,2.03,80.084,107.4
12-03-2012,459.920013,1699.2,1372.5,2.037,79.913,106.34
13-03-2012,461.179993,1693.7,1396.25,2.126,80.21,106.71
14-03-2012,454.890015,1642.5,1394.25,2.274,80.536,105.43
15-03-2012,454.660004,1659.1,1401.75,2.279,80.136,105.11
16-03-2012,453.600006,1655.5,1405.11,2.298,79.734,107.06
19-03-2012,451.670013,1666.9,1404,2.375,79.712,108.09
20-03-2012,453.359985,1646.7,1400,2.363,79.825,105.61
21-03-2012,452.630005,1650,1397.5,2.296,79.896,107.27
22-03-2012,452.790009,1642.3,1389,2.282,79.998,105.35
23-03-2012,452.76001,1662.3,1394,2.233,79.576,106.87
26-03-2012,456.100006,1685.5,1415,2.253,79.179,107.03
27-03-2012,458.230011,1684.8,1406.5,2.187,79.222,107.33
28-03-2012,454.179993,1657.9,1400.25,2.201,79.299,105.41
29-03-2012,456.040009,1652.2,1398.25,2.159,79.357,102.78
30-03-2012,458.929993,1669.3,1403.25,2.214,79.138,103.02
02-04-2012,461.179993,1677.5,1412.5,2.18,78.963,105.23
03-04-2012,461.269989,1670,1408.75,2.293,79.641,104.01
04-04-2012,461.230011,1612.3,1393.25,2.223,79.949,101.47
05-04-2012,458.75,1628.5,1390.25,2.18,80.293,103.31
09-04-2012,455.799988,1642.5,1375,2.047,79.919,102.46
10-04-2012,449.839996,1659.5,1357,1.986,80.098,101.02
11-04-2012,451.019989,1659,1364,2.037,79.993,102.7
12-04-2012,453.390015,1679.5,1386,2.056,79.449,103.64
13-04-2012,452.100006,1659.1,1365,1.989,80.055,102.83
16-04-2012,456.23999,1648.7,1364,1.982,79.732,102.93
17-04-2012,458.980011,1650.3,1383.5,1.996,79.627,104.2
18-04-2012,458.059998,1638.8,1378.25,1.975,79.674,102.67
19-04-2012,456.51001,1640.6,1372.5,1.968,79.707,102.27
20-04-2012,460.75,1642.1,1375.25,1.959,79.313,103.05
23-04-2012,458.619995,1631.9,1362.75,1.94,79.536,103.11
24-04-2012,461.700012,1643,1370,1.974,79.326,103.55
25-04-2012,464.859985,1641.4,1387.25,1.988,79.111,104.12
26-04-2012,468.01001,1659.6,1396.75,1.947,79.001,104.55
27-04-2012,469.459991,1664,1398.5,1.937,78.757,104.93
30-04-2012,470.529999,1663.4,1393.5,1.919,78.848,104.87
01-05-2012,472.959991,1661.7,1400.5,1.945,78.935,106.16
02-05-2012,470.01001,1653.4,1397.5,1.928,79.201,105.22
03-05-2012,467.200012,1634.2,1386,1.933,79.293,102.54
04-05-2012,467.880005,1644.7,1362.5,1.879,79.587,98.49
07-05-2012,467.450012,1638.6,1365.75,1.873,79.715,97.94
08-05-2012,467.399994,1604,1358.5,1.842,79.849,97.01
09-05-2012,467.01001,1593.7,1351,1.826,80.232,96.81
10-05-2012,471.790009,1595.1,1357.5,1.874,80.257,97.08
11-05-2012,472.01001,1583.6,1350,1.841,80.404,96.13
14-05-2012,470.230011,1560.6,1334,1.769,80.748,94.78
15-05-2012,467.940002,1556.8,1328.25,1.77,81.38,93.98
16-05-2012,467.279999,1536.2,1322.5,1.759,81.524,92.81
17-05-2012,464.089996,1574.5,1301.25,1.69,81.54,92.56
18-05-2012,464.160004,1591.6,1290.75,1.723,81.424,91.48
21-05-2012,465.640015,1588.4,1315.75,1.743,81.232,92.57
22-05-2012,467.899994,1576.3,1314.75,1.777,81.648,91.66
23-05-2012,465.299988,1548.1,1315.75,1.733,82.235,89.9
24-05-2012,466.910004,1557.3,1322.5,1.783,82.487,90.66
25-05-2012,467.350006,1568.8,1315,1.746,82.523,90.86
29-05-2012,469.450012,1548.6,1333.5,1.748,82.581,90.76
30-05-2012,465.839996,1563.4,1308.5,1.619,83.086,87.82
31-05-2012,468.040009,1562.6,1309.25,1.563,83.129,86.53
01-06-2012,464.309998,1620.5,1274,1.459,82.973,83.23
04-06-2012,465.779999,1612.2,1273,1.524,82.661,83.98
05-06-2012,467.450012,1615.2,1285,1.573,82.913,84.29
06-06-2012,473.290009,1632.8,1315.5,1.661,82.379,85.02
07-06-2012,476.75,1586.6,1316.75,1.644,82.106,84.82
08-06-2012,478.480011,1590.1,1328.75,1.632,82.562,84.1
11-06-2012,476.570007,1595.5,1307,1.586,82.548,82.7
12-06-2012,477.75,1612.7,1326.75,1.664,82.449,83.32
13-06-2012,477.369995,1618.1,1315.5,1.599,82.057,82.62
14-06-2012,480.790009,1618.4,1333,1.642,81.988,83.91
15-06-2012,483.049988,1627,1336.47,1.586,81.605,84.03
18-06-2012,484.019989,1625.7,1341,1.574,81.854,83.27
19-06-2012,483.089996,1622.2,1350.5,1.62,81.586,84.03
20-06-2012,477.470001,1614.8,1350.75,1.65,81.734,81.8
21-06-2012,471.579987,1564.5,1318.25,1.62,82.488,78.2
22-06-2012,472.059998,1566,1326.75,1.676,82.442,79.76
25-06-2012,470.209991,1587.5,1306.5,1.604,82.662,79.21
26-06-2012,471.75,1574,1315.5,1.628,82.539,79.36
27-06-2012,477.320007,1577.5,1325.5,1.621,82.81,80.21
28-06-2012,477.959991,1549.7,1322.5,1.584,83.007,77.69
29-06-2012,481.359985,1603.5,1356.5,1.643,81.753,84.96
02-07-2012,484.5,1597.2,1357.5,1.587,82.008,83.75
03-07-2012,482.890015,1621.3,1368,1.628,81.872,87.66
05-07-2012,480.410004,1608.9,1361.5,1.599,82.942,87.22
06-07-2012,478.429993,1578.4,1351.75,1.549,83.561,84.45
09-07-2012,477.25,1588.6,1349.25,1.513,83.351,85.99
10-07-2012,478.350006,1579.3,1335.5,1.502,83.559,83.91
11-07-2012,480.709991,1575.2,1336.25,1.515,83.728,85.81
12-07-2012,480.730011,1564.9,1329.25,1.478,83.809,86.08
13-07-2012,485.670013,1591.6,1351.75,1.491,83.474,87.1
16-07-2012,484.459991,1591.2,1347.5,1.471,83.218,88.43
17-07-2012,485.549988,1589.1,1358.5,1.508,83.168,89.22
18-07-2012,487.339996,1570.4,1367.25,1.494,83.196,89.87
19-07-2012,487.980011,1580.1,1372,1.511,82.98,92.66
20-07-2012,489.339996,1582.5,1358.25,1.458,83.573,91.44
23-07-2012,485.869995,1577.1,1343.75,1.438,83.815,88.14
24-07-2012,481.809998,1576,1329.5,1.391,84.145,88.5
25-07-2012,481.079987,1608,1335,1.397,83.641,88.97
26-07-2012,489.630005,1615,1354.75,1.438,82.859,89.39
27-07-2012,494.399994,1617.9,1382.5,1.545,82.765,90.13
30-07-2012,496.559998,1619.7,1380.5,1.5,82.868,89.78
31-07-2012,492.619995,1610.5,1374.5,1.47,82.71,88.06
01-08-2012,489.25,1603.7,1370.5,1.524,83.178,88.91
02-08-2012,485.600006,1587.4,1362,1.478,83.451,87.13
03-08-2012,491.079987,1606,1389,1.568,82.446,91.4
06-08-2012,489.290009,1612.9,1390,1.565,82.304,92.2
07-08-2012,484.160004,1609.7,1397,1.628,82.25,93.67
08-08-2012,483.190002,1612.9,1398.25,1.651,82.439,93.35
09-08-2012,483.75,1617.1,1400.5,1.695,82.71,93.36
10-08-2012,485.140015,1619.7,1402.5,1.659,82.631,92.87
13-08-2012,482.98999,1609.6,1402.5,1.666,82.486,92.73
14-08-2012,483.540009,1599.4,1401.5,1.733,82.527,93.43
15-08-2012,481.369995,1603.7,1403.5,1.817,82.711,94.33
16-08-2012,479.820007,1616.1,1413,1.835,82.417,95.6
17-08-2012,478.910004,1616.3,1415.25,1.814,82.663,96.01
20-08-2012,479.01001,1620.1,1414.75,1.81,82.5,95.97
21-08-2012,475.929993,1639.9,1412.5,1.802,81.92,96.68
22-08-2012,475.130005,1637.4,1412.25,1.695,81.497,97.26
23-08-2012,470.170013,1669.6,1400,1.675,81.359,96.27
24-08-2012,472.5,1669.8,1409.75,1.687,81.603,96.15
27-08-2012,473.559998,1672.4,1408.25,1.652,81.691,95.47
28-08-2012,472.859985,1666.5,1407.75,1.637,81.381,96.33
29-08-2012,470.649994,1659.8,1407.25,1.652,81.564,95.49
30-08-2012,468.450012,1653.5,1397,1.628,81.713,94.62
31-08-2012,468.209991,1684.6,1405,1.548,81.216,96.47
04-09-2012,468.779999,1692.9,1406,1.574,81.316,95.3
05-09-2012,466.429993,1690.8,1403.5,1.596,81.235,95.36
06-09-2012,472.529999,1702.6,1431,1.676,81.033,95.53
07-09-2012,471.859985,1737.5,1438.25,1.668,80.234,96.42
10-09-2012,471.230011,1728.7,1426.5,1.654,80.343,96.54
11-09-2012,469.910004,1731.8,1430.5,1.7,79.836,97.17
12-09-2012,467.890015,1730.6,1439.5,1.758,79.723,97.01
13-09-2012,475.290009,1769.1,1457.25,1.721,79.237,98.31
14-09-2012,472.130005,1769.8,1465.75,1.869,78.841,99
17-09-2012,469.26001,1767.7,1460.75,1.843,78.843,96.62
18-09-2012,467.679993,1768.4,1459.25,1.812,79.346,95.29
19-09-2012,468.589996,1769,1459.5,1.774,79.127,91.98
20-09-2012,471.019989,1767.7,1460.5,1.765,79.478,91.87
21-09-2012,471.350006,1775.5,1467.17,1.754,79.398,92.89
24-09-2012,475.600006,1762.1,1451.5,1.715,79.577,91.93
25-09-2012,474.339996,1763.8,1437.25,1.671,79.608,91.37
26-09-2012,474.959991,1750.6,1427,1.609,79.948,89.98
27-09-2012,473.880005,1777.6,1441,1.656,79.592,91.85
28-09-2012,475.75,1771.1,1434.25,1.633,80.025,92.19
01-10-2012,474.109985,1780.5,1437,1.618,79.909,92.48
02-10-2012,475.950012,1772.7,1441,1.62,79.83,91.89
03-10-2012,478.820007,1777.3,1444.75,1.616,80.064,88.14
04-10-2012,481.480011,1794.1,1455.75,1.673,79.44,91.71
05-10-2012,479.929993,1778.6,1455.5,1.732,79.428,89.88
08-10-2012,480.369995,1773.5,1449.75,,79.622,89.33
09-10-2012,479.579987,1763,1436,1.713,80.069,92.39
10-10-2012,478.329987,1763.2,1426.25,1.68,80.017,91.25
11-10-2012,478.570007,1768.8,1428.5,1.668,79.86,92.07
12-10-2012,475.480011,1758,1421.5,1.656,79.74,91.86
15-10-2012,478.359985,1736,1435.5,1.668,79.806,91.85
16-10-2012,480.410004,1744.7,1449.25,1.722,79.464,92.09
17-10-2012,485.850006,1751.5,1457,1.822,79.059,92.12
18-10-2012,487.359985,1743.3,1451.5,1.831,79.425,92.1
19-10-2012,483.76001,1722.8,1424,1.766,79.688,90.05
22-10-2012,481.73999,1725.1,1430,1.815,79.736,88.73
23-10-2012,477.470001,1708.3,1406.75,1.761,80.08,86.67
24-10-2012,474.100006,1700.5,1405.25,1.794,80.015,85.73
25-10-2012,475.799988,1712,1408.25,1.812,80.118,86.05
26-10-2012,475.48999,1710.9,1407.5,1.749,80.156,86.28
29-10-2012,,1707.7,1407.5,1.721,80.318,85.54
30-10-2012,,1710.5,1407.5,,79.987,85.68
31-10-2012,479.399994,1717.5,1406.75,1.694,79.987,86.24
01-11-2012,472.929993,1714.1,1423.25,1.73,80.136,87.09
02-11-2012,469.779999,1674.1,1405.5,1.717,80.683,84.86
05-11-2012,462.429993,1682.2,1412,1.679,80.843,85.65
06-11-2012,462.26001,1714.1,1425.25,1.751,80.715,88.71
07-11-2012,452.299988,1713.2,1389,1.644,80.867,84.44
08-11-2012,451.220001,1725.4,1375.25,1.618,80.886,85.09
09-11-2012,448.109985,1730.3,1375.75,1.613,81.098,86.07
12-11-2012,443.98999,1730.3,1378.25,,81.106,85.57
13-11-2012,445.829987,1724.2,1371,1.595,81.14,85.38
14-11-2012,441.429993,1729.5,1353,1.589,81.1,86.32
15-11-2012,438.049988,1713.3,1351.25,1.595,81.138,85.45
16-11-2012,443.079987,1714.3,1359.75,1.584,81.31,86.67
19-11-2012,444.109985,1734,1382.5,1.613,80.922,89.28
20-11-2012,442.799988,1723.2,1386.25,1.668,81,86.75
21-11-2012,441.049988,1727.9,1388.25,1.68,80.966,87.38
23-11-2012,440.589996,1751.3,1405.25,1.693,80.236,88.28
26-11-2012,445.880005,1749.5,1403.25,1.666,80.266,87.74
27-11-2012,446.179993,1742.2,1397.5,1.639,80.43,87.18
28-11-2012,447.670013,1716.5,1407,1.633,80.354,86.49
29-11-2012,449.929993,1727.2,1415.75,1.62,80.209,88.07
30-11-2012,454.119995,1710.9,1414.5,1.616,80.163,88.91
03-12-2012,451.040009,1719.6,1407,1.622,79.872,89.09
04-12-2012,448.299988,1694.4,1405.5,1.605,79.634,88.5
05-12-2012,454.690002,1692.4,1408.25,1.591,79.764,87.88
06-12-2012,453.470001,1700.3,1413,1.586,80.253,86.26
07-12-2012,453.640015,1704,1416,1.623,80.402,85.93
10-12-2012,453.51001,1713,1420.25,1.618,80.33,85.56
11-12-2012,454.070007,1708.2,1431.5,1.656,80.054,85.79
12-12-2012,453.429993,1716.6,1427.25,1.702,79.81,86.77
13-12-2012,451.48999,1695.6,1418,1.732,79.913,85.89
14-12-2012,451.100006,1695.8,1415,1.704,79.56,86.73
17-12-2012,457.190002,1697,1432.5,1.773,79.513,87.2
18-12-2012,461.339996,1669.5,1445.75,1.821,79.387,87.93
19-12-2012,458.140015,1666.5,1437.25,1.807,79.313,89.51
20-12-2012,460.140015,1644.9,1445.5,1.8,79.31,90.13
21-12-2012,457.630005,1659.1,1433.59,1.77,79.712,88.66
24-12-2012,455.950012,1658.6,1419.75,1.776,79.745,88.61
26-12-2012,452.019989,1659.8,1413.5,1.749,79.704,90.98
27-12-2012,450.980011,1662.6,1410.75,1.734,79.719,90.87
28-12-2012,446.700012,1654.9,1384,1.701,79.785,90.8
31-12-2012,453.089996,1674.8,1420,1.756,79.871,91.82
02-01-2013,461.459991,1687.9,1457,1.835,79.948,93.12
03-01-2013,461.570007,1673.7,1453.5,1.911,80.515,92.92
04-01-2013,464.619995,1648.1,1457.75,1.903,80.61,93.09
07-01-2013,459.369995,1645.5,1455.75,1.901,80.369,93.19
08-01-2013,458.459991,1661.5,1452.25,1.864,80.445,93.15
09-01-2013,456.970001,1654.8,1455.75,1.86,80.677,93.1
10-01-2013,458.690002,1677.3,1467,1.899,79.817,93.82
11-01-2013,458.959991,1660,1467.25,1.866,79.611,93.56
14-01-2013,458.190002,1668.9,1464.25,1.848,79.54,94.14
15-01-2013,459.369995,1683.4,1465.25,1.836,79.832,93.28
16-01-2013,457.410004,1682.7,1465.5,1.819,79.854,94.24
17-01-2013,458.600006,1690.4,1475.75,1.884,79.711,95.49
18-01-2013,462.880005,1686.6,1479,1.84,80.116,95.56
22-01-2013,466.359985,1692.8,1489.5,1.843,79.973,96.24
23-01-2013,465.170013,1686.3,1490.25,1.828,79.99,95.23
24-01-2013,467.269989,1669.5,1491.75,1.852,80.007,95.95
25-01-2013,470.049988,1656.4,1495.75,1.949,79.82,95.88
28-01-2013,469.25,1652.4,1497,1.965,79.868,96.44
29-01-2013,472.880005,1660.7,1505,1.999,79.624,97.57
30-01-2013,473.049988,1679.9,1495.25,1.992,79.326,97.94
31-01-2013,474,1660.6,1493.25,1.985,79.226,97.49
01-02-2013,474.529999,1669.4,1506.75,2.025,79.135,97.77
04-02-2013,471.359985,1675.3,1493.5,1.957,79.573,96.17
05-02-2013,472.519989,1672.4,1506,2.005,79.533,96.64
06-02-2013,473.390015,1677.7,1506.75,1.964,79.767,96.62
07-02-2013,474.529999,1670.4,1505.25,1.959,80.257,95.83
08-02-2013,474.459991,1666,1512.5,1.95,80.316,95.72
11-02-2013,474.829987,1648.2,1513,1.964,80.389,97.03
12-02-2013,476.670013,1648.7,1516.25,1.979,80.163,97.51
13-02-2013,475.609985,1644.2,1517.25,2.028,80.167,97.01
14-02-2013,471.019989,1634.7,1518.5,1.998,80.538,97.31
15-02-2013,472.380005,1608.8,1517,2.005,80.576,95.86
19-02-2013,476.880005,1603.6,1528,2.028,80.545,96.66
20-02-2013,475.630005,1577.6,1507,2.01,81.155,94.46
21-02-2013,472.559998,1578.2,1501,1.974,81.551,92.84
22-02-2013,477.910004,1572.4,1514.5,1.962,81.585,93.13
25-02-2013,472.339996,1586.2,1487.25,1.865,81.777,93.11
26-02-2013,473.910004,1615.2,1492.5,1.886,81.94,92.63
27-02-2013,478.890015,1595.2,1515.75,1.9,81.672,92.76
28-02-2013,480.410004,1577.7,1513.25,1.881,82.003,92.05
01-03-2013,481.390015,1571.9,1516.5,1.845,82.358,90.68
04-03-2013,485.779999,1572.1,1525.75,1.879,82.255,90.12
05-03-2013,488.25,1574.6,1537,1.898,82.147,90.82
06-03-2013,488.200012,1574.6,1539,1.939,82.507,90.43
07-03-2013,486.890015,1574.8,1542.75,1.995,82.123,91.56
08-03-2013,488.480011,1576.6,1549.5,2.049,82.731,91.95
11-03-2013,490.149994,1577.8,1556,2.061,82.58,92.06
12-03-2013,488.049988,1591.5,1552.5,2.019,82.595,92.54
13-03-2013,490.019989,1588.3,1556,2.023,82.902,92.52
14-03-2013,491.790009,1590.6,1562.25,2.037,82.623,93.03
15-03-2013,495.179993,1592.5,1557.08,1.991,82.256,93.45
18-03-2013,492.220001,1604.6,1546.75,1.955,82.574,93.74
19-03-2013,494.269989,1611.3,1542.25,1.904,83.211,92.16
20-03-2013,498.089996,1607.5,1549,1.958,82.948,92.96
21-03-2013,496.399994,1613.8,1539,1.915,82.905,92.45
22-03-2013,497.359985,1606.2,1552,1.927,82.529,93.71
25-03-2013,496.660004,1604.6,1547,1.92,82.995,94.81
26-03-2013,500.929993,1595.8,1557.25,1.911,83.048,96.34
27-03-2013,502.619995,1606.2,1556.75,1.845,83.411,96.58
28-03-2013,508.399994,1594.8,1562.75,1.852,83.175,97.23
01-04-2013,507.589996,1600,1556,1.835,82.899,97.07
02-04-2013,509.160004,1575.1,1564.5,1.862,83.092,97.19
03-04-2013,507.470001,1552.8,1548.5,1.816,82.861,94.45
04-04-2013,512.039978,1551.8,1554.5,1.766,82.795,93.26
05-04-2013,514.72998,1575.4,1546,1.714,82.603,92.7
08-04-2013,518.25,1572,1559.25,1.745,82.869,93.36
09-04-2013,517.330017,1586.2,1563.25,1.752,82.414,94.2
10-04-2013,521.25,1558.3,1582.75,1.805,82.634,94.64
11-04-2013,522.390015,1564.3,1587.75,1.791,82.325,93.51
12-04-2013,523.320007,1501,1582,1.721,82.406,91.29
15-04-2013,516.309998,1360.6,1543.5,1.688,82.507,88.71
16-04-2013,522.320007,1386.8,1568.75,1.722,81.823,88.72
17-04-2013,519.440002,1382.2,1546,1.698,82.791,86.68
18-04-2013,520.969971,1392,1534,1.686,82.681,87.73
19-04-2013,528.030029,1395.3,1547.5,1.705,82.846,88.01
22-04-2013,527.890015,1421,1556,1.695,82.824,88.76
23-04-2013,529.820007,1408.6,1573.5,1.706,83.186,89.18
24-04-2013,531.73999,1423.4,1574,1.703,83.026,91.43
25-04-2013,532.109985,1461.8,1581.75,1.71,82.84,93.64
26-04-2013,532.030029,1453.6,1576.5,1.665,82.571,93
29-04-2013,536.25,1467.4,1588.25,1.667,82.202,94.5
30-04-2013,537.320007,1472.2,1592.25,1.673,81.807,93.46
01-05-2013,532.159973,1446.3,1577.25,1.632,81.522,91.03
02-05-2013,530.950012,1467.7,1592.25,1.624,82.282,93.99
03-05-2013,529.299988,1464.3,1608.5,1.74,82.195,95.61
06-05-2013,522.02002,1468.1,1613.5,1.764,82.378,96.16
07-05-2013,526.48999,1449,1620.5,1.78,82.335,95.62
08-05-2013,520.26001,1473.9,1628.75,1.767,81.951,96.62
09-05-2013,512.690002,1468.8,1624.5,1.813,82.875,96.39
10-05-2013,513.710022,1436.8,1629.5,1.9,83.231,96.04
13-05-2013,510.410004,1434.5,1630.75,1.917,83.365,95.17
14-05-2013,512.830017,1424.7,1648,1.982,83.713,94.21
15-05-2013,516.289978,1396.5,1654.25,1.94,83.961,94.3
16-05-2013,511.869995,1387.1,1648,1.879,83.722,95.16
17-05-2013,516.700012,1364.9,1663,1.954,84.387,96.02
20-05-2013,514.700012,1384.3,1664.5,1.965,83.842,96.71
21-05-2013,515.48999,1377.8,1665.5,1.93,83.955,96.16
22-05-2013,507.459991,1367.6,1655.5,2.037,84.459,94.28
23-05-2013,504.51001,1392,1650,2.016,83.803,94.25
24-05-2013,499.209991,1386.8,1650.5,2.011,83.758,94.15
27-05-2013,,1395.95,1652.45,,83.758,93.83
28-05-2013,492.420013,1379.1,1654.5,2.167,84.172,95.01
29-05-2013,484.950012,1391.3,1647,2.119,83.705,93.13
30-05-2013,485.119995,1411.5,1653.5,2.119,83.067,93.61
31-05-2013,482.160004,1392.6,1629,2.132,83.401,91.97
03-06-2013,482.709991,1411.7,1636.25,2.128,82.688,93.45
04-06-2013,481.329987,1397.1,1631.25,2.15,82.802,93.31
05-06-2013,477.089996,1398.4,1608,2.091,82.612,93.74
06-06-2013,483.170013,1415.7,1622.75,2.079,81.537,94.76
07-06-2013,486.890015,1383,1638.5,2.179,81.66,96.03
10-06-2013,485.369995,1386.2,1642,2.213,81.651,95.77
11-06-2013,482.149994,1377,1627,2.19,81.11,95.38
12-06-2013,478.040009,1391.8,1610,2.228,80.946,95.88
13-06-2013,484.980011,1377.6,1636.75,2.149,80.742,96.69
14-06-2013,485.329987,1387.3,1624.25,2.13,80.65,97.85
17-06-2013,487.809998,1382.8,1639.75,2.178,80.733,97.77
18-06-2013,490.820007,1366.6,1651,2.185,80.749,98.44
19-06-2013,479.380005,1373.6,1629.5,2.354,81.595,98.24
20-06-2013,465.570007,1285.9,1590.5,2.421,82.096,95.4
21-06-2013,471.769989,1291.6,1599.93,2.542,82.517,93.69
24-06-2013,470.890015,1276.8,1566.25,2.544,82.633,95.18
25-06-2013,476.26001,1274.8,1581.5,2.612,82.8,95.32
26-06-2013,482.859985,1229.6,1595.5,2.541,83.228,95.5
27-06-2013,482.890015,1360.2,1606.5,2.474,83.152,97.05
28-06-2013,485.899994,1374.9,1599.25,2.487,83.376,96.56
01-07-2013,479.609985,1407.8,1606.75,2.477,83.253,97.99
02-07-2013,479.950012,1393.9,1607.25,2.471,83.764,99.6
03-07-2013,479.140015,1403.9,1609,2.503,83.451,101.24
04-07-2013,,1247.05,1622.45,2.503,83.451,101.4
05-07-2013,476.940002,1374.2,1627.25,2.736,84.689,103.22
08-07-2013,483.220001,1394.3,1635.5,2.638,84.414,103.14
09-07-2013,486.320007,1403.3,1645.5,2.64,84.781,103.53
10-07-2013,488.019989,1405.7,1648.5,2.674,84.234,106.52
11-07-2013,496.049988,1435.4,1670,2.572,82.915,104.91
12-07-2013,498.029999,1433.6,1670.25,2.592,83.163,105.95
15-07-2013,505.730011,1437.9,1677.5,2.543,83.196,106.32
16-07-2013,503.269989,1442.7,1671.25,2.532,82.637,106
17-07-2013,502.380005,1426.3,1675.5,2.491,82.84,106.48
18-07-2013,506.899994,1433.1,1680.5,2.534,82.955,108.04
19-07-2013,506.220001,1440.3,1689.5,2.482,82.711,108.05
22-07-2013,506.320007,1485.2,1690.25,2.484,82.317,106.91
23-07-2013,507.5,1483.4,1688.25,2.507,82.04,107.23
24-07-2013,499.700012,1472,1683.75,2.584,82.4,105.39
25-07-2013,501.440002,1483.4,1684,2.577,82.053,105.49
26-07-2013,504.410004,1471.7,1686.5,2.564,81.764,104.7
29-07-2013,505.779999,1482.2,1682.5,2.599,81.763,104.55
30-07-2013,507.279999,1476.3,1684.75,2.606,81.919,103.08
31-07-2013,503.970001,1468.6,1680.5,2.588,81.539,105.03
01-08-2013,509.059998,1468.5,1700.25,2.708,82.427,107.89
02-08-2013,508.470001,1463,1704,2.598,81.978,106.94
05-08-2013,504.519989,1456.4,1702.5,2.64,81.936,106.56
06-08-2013,502.170013,1435.4,1694,2.642,81.658,105.3
07-08-2013,504.299988,1437.3,1688.25,2.599,81.323,104.37
08-08-2013,505.670013,1462.2,1693.75,2.587,81.027,103.4
09-08-2013,503.040009,1465.4,1686.25,2.58,81.17,105.97
12-08-2013,499.75,1488.2,1687,2.622,81.374,106.11
13-08-2013,497.209991,1480,1690.75,2.721,81.815,106.83
14-08-2013,493.26001,1492,1682,2.712,81.758,106.85
15-08-2013,486.769989,1523.1,1655.75,2.764,81.207,107.33
16-08-2013,481.679993,1539.5,1651,2.825,81.293,107.46
19-08-2013,477.190002,1535.3,1645,2.882,81.26,107.1
20-08-2013,481.140015,1540.5,1650.5,2.818,80.934,104.97
21-08-2013,475.940002,1540.3,1636.5,2.892,81.223,103.85
22-08-2013,479.220001,1550.3,1654.75,2.892,81.531,105.03
23-08-2013,482.940002,1575.6,1661.5,2.818,81.392,106.42
26-08-2013,479.26001,1570.7,1654.25,2.787,81.441,105.92
27-08-2013,479.350006,1596,1628.25,2.709,81.2,109.01
28-08-2013,480.869995,1597,1632.25,2.765,81.465,110.1
29-08-2013,477.829987,1590.3,1636.75,2.762,82.003,108.8
30-08-2013,477.869995,1573,1631.25,2.789,82.142,107.65
02-09-2013,,1393.7,1645.55,2.835,82.142,106.75
03-09-2013,472.899994,1592,1639,2.863,82.401,108.54
04-09-2013,471.859985,1570.3,1653.5,2.897,82.205,107.23
05-09-2013,470.309998,1559.2,1653,2.996,82.668,108.37
06-09-2013,473.369995,1571.4,1653.5,2.934,82.167,110.53
09-09-2013,475.609985,1568.5,1669,2.914,81.796,109.52
10-09-2013,479.410004,1547.1,1682.5,2.966,81.819,107.39
11-09-2013,474.23999,1546.8,1688.75,2.912,81.522,107.56
12-09-2013,472.640015,1507.8,1685,2.905,81.491,108.6
13-09-2013,476.890015,1485.7,1688.5,2.89,81.448,108.21
16-09-2013,477.320007,1490.1,1698,2.862,81.072,106.59
17-09-2013,479.609985,1482.3,1705,2.849,81.295,105.42
18-09-2013,494.119995,1482.3,1724.5,2.692,80.367,108.07
19-09-2013,492.690002,1541.9,1724.25,2.752,80.48,106.39
20-09-2013,485.329987,1497.7,1723.89,2.736,80.549,104.68
23-09-2013,490.559998,1490.4,1692.75,2.701,80.571,103.59
24-09-2013,490.059998,1473.9,1692.5,2.655,80.69,103.13
25-09-2013,486.459991,1494.4,1685.75,2.626,80.443,102.66
26-09-2013,485.369995,1483.4,1692.5,2.648,80.638,103.03
27-09-2013,482.190002,1497.3,1686.5,2.628,80.377,102.87
30-09-2013,482.290009,1485.4,1674.25,2.615,80.323,102.33
01-10-2013,484.160004,1442.3,1689.5,2.65,80.25,102.04
02-10-2013,484.799988,1477.1,1683,2.619,79.989,104.1
03-10-2013,478.910004,1472,1669.75,2.605,79.846,103.31
04-10-2013,480,1466.1,1684.75,2.645,80.22,103.84
07-10-2013,477.940002,1480.4,1667.75,2.63,80.026,103.03
08-10-2013,480.890015,1480.4,1650.5,2.638,80.132,103.49
09-10-2013,483.160004,1461.6,1648.75,2.661,80.466,101.61
10-10-2013,489.720001,1451.9,1685,2.683,80.517,103.01
11-10-2013,491.679993,1419.9,1699,2.691,80.452,102.02
14-10-2013,489.029999,1429.3,1704.25,2.74,80.311,102.41
15-10-2013,482.570007,1425.2,1692,2.728,80.561,101.21
16-10-2013,487.600006,1434,1713.25,2.667,80.563,102.29
17-10-2013,494.609985,1473.5,1727.75,2.592,79.718,100.67
18-10-2013,496.049988,1464.8,1736.5,2.583,79.727,100.81
21-10-2013,495.450012,1462.9,1738.25,2.601,79.751,99.22
22-10-2013,502.459991,1484.3,1749.5,2.511,79.29,97.8
23-10-2013,502.179993,1469.5,1741.75,2.498,79.329,96.86
24-10-2013,501.459991,1485.9,1748.5,2.52,79.245,97.11
25-10-2013,506.570007,1486.2,1754,2.511,79.246,97.85
28-10-2013,504.859985,1485.5,1759,2.523,79.306,98.68
29-10-2013,505.850006,1478.5,1767.5,2.503,79.67,98.2
30-10-2013,502.720001,1480.4,1760.5,2.538,79.837,96.77
31-10-2013,499.869995,1453.9,1751,2.552,80.263,96.38
01-11-2013,504.649994,1444.7,1754.75,2.62,80.81,94.61
04-11-2013,505.549988,1446.4,1763,2.603,80.64,94.62
05-11-2013,501.75,1442,1756.5,2.67,80.787,93.37
06-11-2013,508.279999,1449.5,1765.5,2.644,80.559,94.8
07-11-2013,503.559998,1438.3,1745.25,2.602,80.854,94.2
08-11-2013,502.459991,1419.2,1766,2.751,81.387,94.6
11-11-2013,502.040009,1415.2,1767.5,2.768,81.2,95.14
12-11-2013,498.179993,1406.7,1765,2.774,81.252,93.04
13-11-2013,499.380005,1401.3,1778.75,2.716,80.983,93.88
14-11-2013,503.76001,1415.9,1787.75,2.693,81.086,93.76
15-11-2013,506.910004,1416.9,1793.5,2.703,80.898,93.84
18-11-2013,506.839996,1400,1788.75,2.666,80.826,93.03
19-11-2013,502.579987,1401.1,1785.25,2.712,80.744,93.34
20-11-2013,495.549988,1385.4,1779.75,2.804,81.172,93.33
21-11-2013,495.869995,1369.1,1793.75,2.788,81.117,95.44
22-11-2013,495.309998,1370.3,1801.25,2.744,80.742,94.84
25-11-2013,493.880005,1366.8,1802.5,2.73,80.963,94.09
26-11-2013,489.220001,1366.1,1802,2.71,80.638,93.68
27-11-2013,487.160004,1364.2,1804.25,2.739,80.747,92.3
28-11-2013,,1243.8,1807.65,2.748,80.747,92.28
29-11-2013,487.130005,1377.2,1804,2.746,80.657,92.72
02-12-2013,485.149994,1350.6,1799.75,2.797,80.942,93.82
03-12-2013,487.980011,1348,1791.5,2.784,80.618,96.04
04-12-2013,488.890015,1376.3,1791.75,2.837,80.628,97.2
05-12-2013,484.410004,1360.8,1784,2.873,80.241,97.38
06-12-2013,490.290009,1358.2,1805,2.857,80.315,97.65
09-12-2013,487.890015,1362.8,1809,2.841,80.14,97.34
10-12-2013,482.420013,1389.7,1803,2.803,79.964,98.51
11-12-2013,478.299988,1386.3,1780.75,2.855,79.89,97.44
12-12-2013,478.700012,1355.4,1775,2.879,80.208,97.5
13-12-2013,477.809998,1365.7,1774.75,2.866,80.22,96.6
16-12-2013,481.070007,1375.9,1786.5,2.879,80.045,97.48
17-12-2013,481.350006,1357.7,1779.25,2.837,80.214,97.22
18-12-2013,486.910004,1364.5,1810.75,2.896,80.248,97.8
19-12-2013,483.73999,1324.3,1808.5,2.929,80.788,98.77
20-12-2013,488.339996,1336.3,1812.89,2.89,80.75,99.32
23-12-2013,487.01001,1330.6,1822.75,2.931,80.617,98.91
24-12-2013,488.959991,1339.4,1829,2.981,80.674,99.22
26-12-2013,487.119995,1348.8,1836.5,2.992,80.653,99.55
27-12-2013,487.940002,1350.4,1836.5,3.002,80.538,100.32
30-12-2013,489.279999,1339.2,1834.75,2.972,80.122,99.29
31-12-2013,490.570007,1338.4,1841,3.026,80.189,98.42
01-01-2014,,1205.4,1842.95,3.026,80.29,98.7
02-01-2014,482.880005,1362.7,1826.5,2.991,80.788,95.44
03-01-2014,481.399994,1376.5,1825.5,2.998,80.955,93.96
06-01-2014,482.299988,1376,1820.75,2.958,80.806,93.43
07-01-2014,486.359985,1366.5,1830.75,2.941,80.98,93.67
08-01-2014,484.170013,1363.6,1832.5,2.991,81.162,92.33
09-01-2014,487.380005,1368.9,1833,2.969,81.135,91.66
10-01-2014,493.869995,1384.4,1837.75,2.86,80.754,92.72
13-01-2014,489.640015,1387,1815,2.829,80.611,91.8
14-01-2014,489.890015,1382.8,1833,2.873,80.756,92.59
15-01-2014,489.369995,1376.9,1841.5,2.893,81.144,94.17
16-01-2014,492.700012,1376.7,1836.25,2.841,81.021,93.96
17-01-2014,492.700012,1388.1,1834.25,2.821,81.362,94.37
20-01-2014,,1255.1,1833.95,2.829,81.362,93.93
21-01-2014,498.209991,1376.4,1838.5,2.832,81.226,94.99
22-01-2014,497.720001,1374.9,1838.5,2.867,81.305,96.73
23-01-2014,496.880005,1397.4,1824.25,2.779,80.525,97.32
24-01-2014,491.959991,1397.3,1782,2.719,80.541,96.64
27-01-2014,492.890015,1396.4,1775.75,2.75,80.612,95.72
28-01-2014,495.429993,1383.3,1788.25,2.752,80.657,97.41
29-01-2014,494.649994,1393.5,1771.25,2.679,80.581,97.36
30-01-2014,502.399994,1374.1,1781.25,2.697,81.193,98.23
31-01-2014,506.26001,1370.2,1776.5,2.644,81.403,97.49
03-02-2014,501.670013,1388.4,1732.75,2.577,81.11,96.43
04-02-2014,498.980011,1378.6,1743.75,2.631,81.224,97.19
05-02-2014,496.529999,1384.3,1744,2.669,81.129,97.38
06-02-2014,500.339996,1384.6,1766.5,2.702,81.002,97.84
07-02-2014,503.850006,1387,1793.5,2.684,80.758,99.88
10-02-2014,506.700012,1398.8,1794.75,2.669,80.727,100.06
11-02-2014,511.649994,1414.9,1813.5,2.726,80.704,99.94
12-02-2014,510.619995,1422.4,1817,2.763,80.741,100.37
13-02-2014,516.25,1423.7,1824.25,2.734,80.378,100.35
14-02-2014,519.51001,1443.3,1835,2.745,80.179,100.3
17-02-2014,,1328.5,1836.65,2.748,80.179,100.58
18-02-2014,520.190002,1446.6,1837.5,2.709,80.046,102.43
19-02-2014,517.960022,1441.1,1825.5,2.739,80.186,103.31
20-02-2014,523.119995,1441.2,1836.25,2.752,80.316,102.92
21-02-2014,523.469971,1447.8,1834.25,2.732,80.27,102.2
24-02-2014,522.049988,1464.4,1846,2.741,80.225,102.82
25-02-2014,520.789978,1467.2,1846.25,2.703,80.165,101.83
26-02-2014,517.700012,1451.8,1842,2.666,80.463,102.59
27-02-2014,515.950012,1454.7,1854,2.639,80.306,102.4
28-02-2014,518.77002,1446.4,1857.5,2.649,79.72,102.59
03-03-2014,514.190002,1473.4,1843,2.603,80.09,104.92
04-03-2014,518.570007,1462.1,1871.5,2.701,80.183,103.33
05-03-2014,514.929993,1464.5,1872.5,2.708,80.117,101.45
06-03-2014,512.559998,1477.7,1876.25,2.739,79.665,101.56
07-03-2014,514.200012,1468,1878,2.79,79.722,102.58
10-03-2014,512.51001,1470.6,1877.25,2.779,79.769,101.12
11-03-2014,510.209991,1475.6,1865.25,2.77,79.735,100.03
12-03-2014,515.52002,1498.6,1867.75,2.732,79.612,97.99
13-03-2014,519.130005,1499.4,1846.75,2.645,79.626,98.2
14-03-2014,522.289978,1505.8,1840,2.656,79.438,98.89
17-03-2014,525.780029,1499,1857.75,2.694,79.311,98.08
18-03-2014,524.549988,1485,1870.75,2.674,79.544,99.7
19-03-2014,517.23999,1466.4,1859.75,2.773,80.133,100.37
20-03-2014,517.320007,1462.1,1873.75,2.773,80.353,99.43
21-03-2014,521.659973,1466.9,1893.3,2.746,80.261,99.46
24-03-2014,522.780029,1441.9,1849.5,2.73,80.079,99.6
25-03-2014,524.530029,1439.8,1859.25,2.75,80.088,99.19
26-03-2014,522,1429.5,1842.5,2.694,80.169,100.26
27-03-2014,525.880005,1421.2,1840.5,2.683,80.252,101.28
28-03-2014,526.940002,1419.2,1850.5,2.723,80.335,101.67
31-03-2014,532.130005,1407.7,1864.5,2.719,80.254,101.58
01-04-2014,528.909973,1403.9,1877.75,2.755,80.249,99.74
02-04-2014,527.799988,1416.4,1883,2.806,80.372,99.62
03-04-2014,529.710022,1409,1883,2.801,80.64,100.29
04-04-2014,531.609985,1426.6,1860,2.726,80.571,101.14
07-04-2014,529.650024,1416.6,1838,2.701,80.355,100.44
08-04-2014,538.409973,1426.2,1845,2.683,79.835,102.56
09-04-2014,537.349976,1425,1864.75,2.693,79.553,103.6
10-04-2014,534.799988,1435.6,1827,2.647,79.45,103.4
11-04-2014,534.320007,1433.6,1811.75,2.628,79.523,103.74
14-04-2014,537.700012,1443.2,1824.5,2.65,79.805,104.05
15-04-2014,544.650024,1415.9,1839.5,2.63,79.888,103.75
16-04-2014,548.75,1419.9,1852.75,2.635,79.883,103.76
17-04-2014,543,1411.4,1858,2.721,79.903,104.3
21-04-2014,542.780029,1406.3,1864.5,2.715,80.03,104.37
22-04-2014,542.820007,1399.3,1874,2.711,79.995,102.13
23-04-2014,543.150024,1397.9,1873,2.693,79.935,101.44
24-04-2014,546.02002,1403.6,1873,2.682,79.877,101.94
25-04-2014,551.659973,1412.8,1860,2.666,79.818,100.6
28-04-2014,554.580017,1409.6,1866,2.708,79.762,100.84
29-04-2014,553.119995,1406.4,1871.75,2.697,79.881,101.28
30-04-2014,553.580017,1405.7,1878,2.646,79.532,99.74
01-05-2014,555.539978,1391.4,1877.75,2.613,79.579,99.42
02-05-2014,543.809998,1411.4,1874.5,2.586,79.563,99.76
05-05-2014,547.919983,1418.3,1875.75,2.606,79.53,99.48
06-05-2014,544.859985,1417.9,1864.25,2.593,79.126,99.5
07-05-2014,553.659973,1397.2,1874.25,2.59,79.243,100.77
08-05-2014,547.440002,1395.6,1872.25,2.611,79.402,100.26
09-05-2014,539.549988,1395.7,1873.5,2.623,79.961,99.99
12-05-2014,534.48999,1404.5,1892.75,2.661,79.965,100.59
13-05-2014,535.849976,1401.4,1894.25,2.611,80.213,101.7
14-05-2014,537.98999,1409.2,1885.25,2.548,80.135,102.37
15-05-2014,536.280029,1395.9,1867.25,2.496,80.064,101.5
16-05-2014,537.780029,1396.2,1874.75,2.523,80.107,102.02
19-05-2014,529.73999,1395.8,1882.25,2.545,80.048,102.61
20-05-2014,530.549988,1396.4,1868,2.514,80.093,102.44
21-05-2014,531.099976,1390,1885,2.534,80.15,104.07
22-05-2014,535.200012,1396.6,1890.25,2.554,80.305,103.74
23-05-2014,534.02002,1393,1897,2.536,80.45,104.35
26-05-2014,,1292.5,1902.45,2.541,80.45,104.28
27-05-2014,537.809998,1366.8,1909.25,2.518,80.405,104.11
28-05-2014,540.419983,1359.3,1909,2.445,80.62,102.72
29-05-2014,540.840027,1353.4,1918,2.47,80.54,103.58
30-05-2014,544.960022,1342.8,1921.5,2.475,80.404,102.71
02-06-2014,545.440002,1341.6,1921.75,2.527,80.69,102.47
03-06-2014,547.190002,1342.1,1922,2.599,80.593,102.66
04-06-2014,547.450012,1342.3,1925.75,2.606,80.706,102.64
05-06-2014,551.599976,1351.2,1938.5,2.584,80.403,102.48
06-06-2014,550.01001,1351.5,1949.25,2.597,80.427,102.66
09-06-2014,545.679993,1354.1,1950.25,2.608,80.682,104.41
10-06-2014,544.159973,1360.4,1950.5,2.64,80.846,104.35
11-06-2014,537.5,1360.9,1944,2.64,80.809,104.4
12-06-2014,539.369995,1373.8,1930.5,2.597,80.59,106.53
13-06-2014,542.419983,1375.5,1935.75,2.608,80.656,106.91
16-06-2014,552.369995,1376.9,1936.5,2.597,80.468,106.9
17-06-2014,553.409973,1373.8,1941.5,2.653,80.716,106.36
18-06-2014,564.450012,1374.5,1957,2.59,80.67,105.97
19-06-2014,569.840027,1416.4,1958.5,2.621,80.396,106.43
20-06-2014,566.460022,1419.1,1964.52,2.608,80.441,107.26
23-06-2014,565.440002,1420.9,1953,2.626,80.338,106.17
24-06-2014,565.859985,1422.5,1943.25,2.577,80.393,106.03
25-06-2014,569.169983,1423.1,1949.5,2.561,80.265,106.5
26-06-2014,569.98999,1417.3,1948.75,2.532,80.279,105.84
27-06-2014,571.710022,1418.6,1952,2.536,80.086,105.74
30-06-2014,575.97998,1419,1952.5,2.532,79.811,105.37
01-07-2014,570.849976,1424.1,1965.75,2.567,79.845,105.34
02-07-2014,560.190002,1428.7,1967.75,2.628,79.985,104.48
03-07-2014,554.27002,1419.5,1977.5,2.641,80.281,104.06
04-07-2014,,1321.3,1975.65,,80.281,103.76
07-07-2014,556.080017,1415.9,1971,2.614,80.267,103.53
08-07-2014,559.460022,1415.3,1960.5,2.559,80.221,103.4
09-07-2014,559.280029,1423.6,1967.25,2.556,80.042,102.29
10-07-2014,562.419983,1438.6,1957.75,2.538,80.17,102.93
11-07-2014,559.429993,1436.8,1962.5,2.516,80.229,100.83
14-07-2014,553.25,1404.6,1971,2.547,80.23,100.91
15-07-2014,555.950012,1395.2,1968,2.552,80.446,99.96
16-07-2014,558.719971,1398.8,1974.75,2.53,80.625,101.2
17-07-2014,553.080017,1416,1953.5,2.442,80.57,103.19
18-07-2014,559.130005,1408.6,1971.5,2.482,80.595,103.13
21-07-2014,558.869995,1413.5,1966.25,2.469,80.627,104.59
22-07-2014,558.650024,1405.5,1975,2.466,80.865,104.42
23-07-2014,558.710022,1404.2,1980.75,2.469,80.915,103.12
24-07-2014,560.570007,1391.2,1980.75,2.502,80.962,102.07
25-07-2014,556.51001,1404.2,1971.5,2.467,81.125,102.09
28-07-2014,563.47998,1405.9,1973,2.487,81.122,101.67
29-07-2014,558.22998,1400.6,1963,2.462,81.315,100.97
30-07-2014,548.580017,1400,1965,2.56,81.516,100.27
31-07-2014,539.299988,1385.4,1924.75,2.562,81.523,98.17
01-08-2014,540.690002,1395,1918.5,2.494,81.377,97.88
04-08-2014,538.659973,1385.8,1932,2.485,81.405,98.29
05-08-2014,532.01001,1382.9,1913,2.489,81.611,97.38
06-08-2014,526.030029,1406.6,1914.75,2.469,81.507,96.92
07-08-2014,530.780029,1411.2,1905.25,2.409,81.605,97.34
08-08-2014,542.690002,1409.8,1923.75,2.422,81.454,97.65
11-08-2014,540.630005,1409.4,1932.5,2.429,81.535,98.08
12-08-2014,540.549988,1409.2,1930.5,2.449,81.555,97.37
13-08-2014,541.419983,1411.8,1944.75,2.42,81.657,97.59
14-08-2014,545.909973,1413,1953.5,2.403,81.647,95.58
15-08-2014,548.809998,1403.3,1952.5,2.341,81.469,97.35
18-08-2014,548.200012,1396.7,1967.5,2.394,81.631,96.41
19-08-2014,554.679993,1392.9,1977.25,2.403,81.937,94.48
20-08-2014,555.960022,1392.9,1983.25,2.428,82.28,96.07
21-08-2014,556.650024,1373.1,1989.5,2.409,82.208,93.96
22-08-2014,555.25,1378,1987.75,2.403,82.377,93.65
25-08-2014,558.280029,1377,1995,2.384,82.593,93.35
26-08-2014,552.679993,1383.2,1998.5,2.398,82.679,93.86
27-08-2014,557.130005,1380.8,1997,2.361,82.449,93.88
28-08-2014,560.109985,1387.7,1996.75,2.338,82.516,94.55
29-08-2014,564.369995,1384.5,2001.5,2.345,82.783,95.96
01-09-2014,,1287.4,2000.75,2.359,82.783,95.83
02-09-2014,559.27002,1362.9,1999.75,2.423,83.01,92.88
03-09-2014,562,1369.4,1998.75,2.398,82.888,95.54
04-09-2014,561.469971,1366.2,1997.75,2.453,83.834,94.45
05-09-2014,568.140015,1367.1,2006,2.459,83.757,93.29
08-09-2014,563.869995,1354.1,2000.5,2.471,84.241,92.66
09-09-2014,557.369995,1348.5,1989.75,2.502,84.284,92.75
10-09-2014,554.960022,1345.9,1995,2.543,84.293,91.67
11-09-2014,559.900024,1339.3,1997,2.55,84.304,92.83
12-09-2014,549.640015,1331.7,1984.75,2.609,84.24,92.27
15-09-2014,551.280029,1335.2,1984.25,2.591,84.25,92.92
16-09-2014,558.049988,1336.9,1999.5,2.594,84.231,94.88
17-09-2014,556.719971,1335.9,2001.5,2.622,84.486,94.42
18-09-2014,552.799988,1327.3,2012.25,2.618,84.43,93.07
19-09-2014,556.909973,1317,2022.46,2.578,84.865,92.41
22-09-2014,552.590027,1318.1,1986.25,2.566,84.863,91.52
23-09-2014,551,1321.1,1972.25,2.527,84.779,91.56
24-09-2014,549.830017,1318.8,1991,2.566,85.155,92.8
25-09-2014,546,1320.3,1961.5,2.504,85.303,92.53
26-09-2014,547.950012,1314.3,1976,2.528,85.767,93.54
29-09-2014,550.789978,1317.6,1969.5,2.479,85.716,94.57
30-09-2014,551.289978,1310.6,1965.5,2.495,86.047,91.16
01-10-2014,553.630005,1314.1,1940.75,2.389,86.076,90.73
02-10-2014,552.51001,1312,1938.5,2.436,85.69,91.01
03-10-2014,555.48999,1290.8,1960.25,2.436,86.823,89.74
06-10-2014,555.340027,1304.6,1956,2.42,86.044,90.34
07-10-2014,554.359985,1307.5,1928,2.341,85.778,88.85
08-10-2014,567.090027,1295.2,1961.75,2.318,85.407,87.31
09-10-2014,558.070007,1310.3,1925,2.327,85.655,85.77
10-10-2014,561.669983,1305.2,1894.25,2.286,86.031,85.82
13-10-2014,560.869995,1310.8,1865.5,2.238,85.727,85.74
14-10-2014,566.210022,1311.9,1874.75,2.197,85.941,81.84
15-10-2014,558.640015,1313.9,1846.75,2.129,85.241,81.78
16-10-2014,558.940002,1310.1,1850.5,2.151,85.041,82.7
17-10-2014,562.559998,1311.1,1881,2.199,85.213,82.75
20-10-2014,570.630005,1316.9,1900,2.193,85.038,82.71
21-10-2014,572.570007,1324.4,1938,2.227,85.404,82.81
22-10-2014,576.080017,1319.2,1925,2.22,85.854,80.52
23-10-2014,577.030029,1304.7,1946,2.277,85.946,82.09
24-10-2014,583.700012,1307.6,1959.75,2.266,85.818,81.01
27-10-2014,582.460022,1305,1957,2.259,85.561,81
28-10-2014,587.159973,1305.2,1980,2.3,85.473,81.42
29-10-2014,584.169983,1301.8,1972.25,2.321,86.036,82.2
30-10-2014,596.409973,1275.5,1988.5,2.308,86.232,81.12
31-10-2014,596.929993,1248.5,2011.5,2.335,87.016,80.54
03-11-2014,601.070007,1247,2011,2.346,87.407,78.78
04-11-2014,596.640015,1243.4,2005.5,2.335,87.092,77.19
05-11-2014,608.73999,1221.2,2018.75,2.346,87.567,78.68
06-11-2014,597.539978,1217.5,2028,2.382,88.134,77.91
07-11-2014,603.080017,1244.1,2026,2.301,87.726,78.65
10-11-2014,606.75,1234.4,2034,2.36,87.911,77.4
11-11-2014,604.539978,1238.2,2036.5,2.371,87.719,77.94
12-11-2014,592.719971,1233.5,2036,2.373,87.906,77.18
13-11-2014,587.820007,1234.7,2034,2.345,87.752,74.21
14-11-2014,586.039978,1258.9,2038,2.319,87.593,75.82
17-11-2014,593.590027,1257,2039.75,2.34,88.01,75.64
18-11-2014,594.929993,1269,2048.5,2.317,87.645,74.61
19-11-2014,595.030029,1266.9,2047.25,2.358,87.711,74.58
20-11-2014,593.789978,1262.5,2052,2.338,87.667,75.58
21-11-2014,596.150024,1269.5,2061.75,2.312,88.405,76.51
24-11-2014,591.159973,1267.8,2067.5,2.305,88.206,75.78
25-11-2014,590.369995,1268.8,2067.5,2.259,87.962,74.09
26-11-2014,593.539978,1268.1,2072.25,2.245,87.649,73.69
27-11-2014,,1188.8,2070.95,2.215,87.649,68.55
28-11-2014,599.700012,1244.8,2066.25,2.173,88.413,66.15
01-12-2014,600.559998,1286.1,2050.75,2.236,87.982,69
02-12-2014,604.469971,1268.3,2066,2.294,88.703,66.88
03-12-2014,602.690002,1279.4,2072.5,2.282,88.993,67.38
04-12-2014,602.039978,1277.8,2072,2.236,88.735,66.81
05-12-2014,596.719971,1264.4,2076,2.307,89.36,65.84
08-12-2014,601.98999,1268,2059.5,2.259,89.047,63.05
09-12-2014,605.369995,1303.8,2057.5,2.213,88.692,63.82
10-12-2014,597.460022,1300.1,2026.5,2.173,88.287,60.94
11-12-2014,603.570007,1296.9,2031,2.169,88.682,59.95
12-12-2014,597.559998,1289.6,1997.25,2.083,88.345,57.81
15-12-2014,592.609985,1273.9,1990,2.115,88.57,55.91
16-12-2014,591.27002,1258.2,1971.5,2.061,88.297,55.93
17-12-2014,602.299988,1258.5,2014.25,2.136,89.326,56.47
18-12-2014,613.650024,1260.1,2065,2.208,89.477,54.11
19-12-2014,613.48999,1261.8,2061.01,2.16,89.841,56.52
22-12-2014,615.719971,1245.9,2072.5,2.156,89.949,55.26
23-12-2014,617.859985,1245.9,2079,2.269,90.326,57.12
24-12-2014,628.5,1241.8,2078.75,2.264,90.223,55.84
25-12-2014,,1177,2082.15,2.255,,55.92
26-12-2014,635.539978,1263.9,2084.25,2.252,90.31,54.73
29-12-2014,643.330017,1249.1,2085.75,2.204,90.496,53.61
30-12-2014,629.570007,1267.8,2076.75,2.192,90.279,54.12
31-12-2014,618.080017,1251.3,2052.5,2.17,90.647,53.27
01-01-2015,,1186.8,2058.95,2.17,,54.56
02-01-2015,621.609985,1253.6,2046.25,2.114,91.383,52.69
05-01-2015,614.080017,1269.4,2016,2.034,91.622,50.04
06-01-2015,615.330017,1279.2,1994.5,1.938,91.738,47.93
07-01-2015,621.549988,1270.6,2019.5,1.969,92.115,48.65
08-01-2015,626.609985,1268.6,2055,2.018,92.602,48.79
09-01-2015,623.609985,1274.4,2035.25,1.95,92.147,48.36
12-01-2015,622.059998,1290.2,2022.5,1.909,92.184,46.07
13-01-2015,623.859985,1291.5,2016,1.905,92.502,45.89
14-01-2015,630.580017,1283.1,2007.5,1.855,92.345,48.48
15-01-2015,634.460022,1311.8,1989,1.728,92.608,46.25
16-01-2015,640.73999,1324,2013,1.831,92.89,48.69
18-01-2015,,1279,2010.65,,,48.85
19-01-2015,,1275.9,2009.95,1.8,92.89,47.78
20-01-2015,643.169983,1341.5,2016.75,1.791,93.349,46.39
21-01-2015,649.119995,1342.5,2026.5,1.875,93.14,47.78
22-01-2015,645.820007,1353.3,2056.5,1.872,94.362,46.31
23-01-2015,647.780029,1345,2044,1.789,95.053,45.59
26-01-2015,648.119995,1333,2053.5,1.828,95.115,45.15
27-01-2015,649.669983,1343,2030,1.828,94.25,46.23
28-01-2015,643.22998,1335.7,1991.5,1.719,94.727,44.45
29-01-2015,652.109985,1304.6,2018.5,1.756,95.011,44.53
30-01-2015,637.200012,1325.4,1988.5,1.639,94.998,48.24
02-02-2015,639.559998,1323.3,2017,1.674,94.734,49.57
03-02-2015,641.400024,1308.3,2042,1.798,93.724,53.05
04-02-2015,633.849976,1314.4,2030,1.747,94.165,48.45
05-02-2015,639.320007,1312.9,2055,1.817,93.732,50.48
06-02-2015,613.690002,1290.6,2053,1.958,94.851,51.69
09-02-2015,607.77002,1297.9,2042.5,1.978,94.582,52.86
10-02-2015,620.630005,1289.1,2062.25,2.004,94.853,50.02
11-02-2015,605.630005,1277.1,2065.75,2.021,95.09,48.84
12-02-2015,603.549988,1277.3,2084,1.988,94.198,51.21
13-02-2015,593.830017,1283.8,2093.5,2.047,94.279,52.78
15-02-2015,,1228.8,2089.65,,,54.06
16-02-2015,,1231.7,2084.15,2.019,94.279,53.61
17-02-2015,593.369995,1267.5,2096,2.145,94.147,53.53
18-02-2015,606.679993,1259.1,2095.5,2.085,94.257,52.14
19-02-2015,599.950012,1264.5,2095.25,2.122,94.492,51.16
20-02-2015,600.059998,1260.8,2107,2.115,94.34,50.34
23-02-2015,604.059998,1256.3,2106.75,2.061,94.657,49.45
24-02-2015,607.97998,1250.7,2113.75,1.972,94.561,49.28
25-02-2015,598.47998,1254.1,2110.25,1.972,94.235,50.99
26-02-2015,593.830017,1264.3,2110,2.031,95.336,48.17
27-02-2015,594.169983,1267.6,2102.75,1.996,95.321,49.76
02-03-2015,583.200012,1264,2114,2.089,95.479,49.59
03-03-2015,587.190002,1262,2104.75,2.122,95.408,50.52
04-03-2015,584.099976,1258.4,2096.5,2.119,95.986,51.53
05-03-2015,588.320007,1253.9,2099.75,2.117,96.394,50.76
06-03-2015,570.030029,1222.8,2070.75,2.247,97.604,49.61
09-03-2015,570.830017,1225.2,2077.75,2.192,97.58,50
10-03-2015,569.76001,1215.9,2042,2.121,98.615,48.29
11-03-2015,566.900024,1206.2,2039.5,2.109,99.785,48.17
12-03-2015,578.309998,1206.8,2064,2.11,99.411,47.05
13-03-2015,572.919983,1206.9,2049.75,2.118,100.314,44.84
16-03-2015,582.75,1207.3,2076.5,2.074,99.482,43.88
17-03-2015,581.380005,1202.5,2074.5,2.052,99.949,43.46
18-03-2015,596.840027,1205.5,2100.5,1.918,98.781,44.66
19-03-2015,590.909973,1218.4,2090.5,1.97,99.584,43.96
20-03-2015,595.330017,1233.6,2099.02,1.932,98.171,45.72
23-03-2015,595.77002,1236.4,2094.75,1.909,97.298,47.45
24-03-2015,588.76001,1240.1,2085,1.873,97.446,47.51
25-03-2015,581.98999,1246.2,2053.75,1.927,97.197,49.21
26-03-2015,576.789978,1255.6,2048.5,1.996,97.682,51.43
27-03-2015,580.51001,1250.5,2052.5,1.96,97.52,48.87
30-03-2015,588.140015,1235,2075.5,1.953,98.281,48.68
31-03-2015,587.080017,1230.8,2060.75,1.927,98.661,47.6
01-04-2015,588.01001,1253.5,2053,1.859,98.475,50.09
02-04-2015,589.869995,1247.5,2059.5,1.913,97.673,49.14
03-04-2015,,1247.5,2059.5,1.842,96.801,49.14
06-04-2015,597.619995,1264.7,2073.25,1.899,96.961,52.14
07-04-2015,591.400024,1257.7,2067.75,1.887,98.056,53.98
08-04-2015,589.440002,1250.4,2076,1.906,98.131,50.42
09-04-2015,586.76001,1241.1,2085.75,1.963,99.395,50.79
10-04-2015,591.400024,1252.8,2095.5,1.949,99.596,51.64
13-04-2015,584.659973,1247.3,2086.5,1.93,99.768,51.91
14-04-2015,587.76001,1237.8,2091,1.9,98.94,53.29
15-04-2015,588.900024,1246.2,2099.75,1.89,98.525,56.39
16-04-2015,585.289978,1242.8,2100.75,1.895,97.614,56.71
17-04-2015,583.280029,1248.2,2075.5,1.865,97.707,55.74
20-04-2015,591.549988,1239.4,2091,1.886,98.16,56.38
21-04-2015,585.799988,1249.2,2091,1.911,98.205,55.26
22-04-2015,587.5,1234.4,2100.25,1.982,98.138,56.16
23-04-2015,591.52002,1241.7,2107,1.954,97.454,57.74
24-04-2015,597.809998,1220.1,2111.75,1.914,97.099,57.15
27-04-2015,590.630005,1248.9,2104.75,1.926,96.941,56.99
28-04-2015,594.659973,1261,2112,2.003,96.194,57.06
29-04-2015,593.559998,1258.9,2099,2.046,95.322,58.58
30-04-2015,586.630005,1231.9,2079,2.035,94.714,59.63
01-05-2015,590.02002,1224.9,2101.5,2.112,95.445,59.15
04-05-2015,594.070007,1237.8,2109.25,2.146,95.637,58.93
05-05-2015,580.679993,1246.2,2084,2.182,95.202,60.4
06-05-2015,577.619995,1244.4,2074.25,2.252,94.175,60.93
07-05-2015,579.77002,1236.2,2084.25,2.178,94.749,58.94
08-05-2015,583.830017,1240.2,2108.5,2.142,94.904,59.39
11-05-2015,580.309998,1235,2097.75,2.287,95.1,59.25
12-05-2015,578.049988,1244.7,2095,2.247,94.606,60.75
13-05-2015,572.549988,1269.9,2094.5,2.295,93.643,60.5
14-05-2015,579.01001,1276.7,2117.5,2.235,93.505,59.88
15-05-2015,585.73999,1276.6,2119,2.148,93.18,59.69
18-05-2015,587.47998,1278.9,2126,2.234,94.269,59.43
19-05-2015,588.48999,1259.1,2124.5,2.29,95.363,57.26
20-05-2015,589.280029,1261.2,2122.5,2.257,95.509,58.98
21-05-2015,589.219971,1256,2128,2.195,95.329,60.72
22-05-2015,588.130005,1257.6,2124.5,2.215,96.11,59.72
24-05-2015,,1204.4,2124.95,,,59.92
25-05-2015,,1207.4,2122.45,2.204,96.11,59.85
26-05-2015,584.390015,1240.1,2105,2.142,97.407,58.03
27-05-2015,586.210022,1238.7,2121,2.13,97.474,57.51
28-05-2015,587.75,1240.6,2121.75,2.135,97.059,57.68
29-05-2015,586.97998,1240.8,2106,2.123,96.986,60.3
01-06-2015,587.950012,1240.5,2109.25,2.183,97.473,60.2
02-06-2015,580.119995,1247.6,2106.75,2.266,95.878,61.26
03-06-2015,571.440002,1239.6,2116,2.361,95.509,59.64
04-06-2015,570.400024,1229.8,2099,2.309,95.493,58
05-06-2015,562.950012,1225.7,2092.25,2.409,96.361,59.13
08-06-2015,560.669983,1231.1,2078.25,2.382,95.323,58.14
09-06-2015,559.76001,1235.7,2080,2.442,95.172,60.14
10-06-2015,561.900024,1246.9,2107,2.486,94.651,61.43
11-06-2015,565.530029,1240.9,2109.25,2.381,94.98,60.77
12-06-2015,560.530029,1239.3,2093,2.39,94.987,59.96
15-06-2015,559.369995,1244.6,2084,2.36,95.129,59.52
16-06-2015,561.309998,1238.5,2097.5,2.309,95.262,59.97
17-06-2015,567.059998,1235.7,2097.5,2.32,94.49,59.92
18-06-2015,575.460022,1259.6,2123,2.334,94.241,60.45
19-06-2015,569.679993,1258.2,2117.11,2.261,94.272,59.61
22-06-2015,568.919983,1241.1,2112.75,2.374,94.515,59.68
23-06-2015,561.070007,1233.8,2116.5,2.414,95.645,61.01
24-06-2015,556.200012,1230,2099.5,2.373,95.418,60.27
25-06-2015,552.570007,1229.2,2094,2.412,95.387,59.7
26-06-2015,555.119995,1232,2095.75,2.474,95.651,59.63
29-06-2015,552.169983,1236.9,2050.5,2.328,94.95,58.33
30-06-2015,550.320007,1229.7,2054.5,2.349,95.661,59.47
01-07-2015,553.580017,1227.4,2071,2.427,96.509,56.96
02-07-2015,561.130005,1220.3,2068.75,2.386,96.29,56.93
03-07-2015,,1167.8,2066.05,,96.29,55.52
06-07-2015,562.830017,1229.4,2064.5,2.29,96.477,52.53
07-07-2015,576.719971,1208.3,2073.75,2.255,97.076,52.33
08-07-2015,574.26001,1217.4,2039.25,2.197,96.472,51.65
09-07-2015,567.919983,1213.9,2041.25,2.317,96.788,52.78
10-07-2015,570.960022,1215.2,2069,2.401,96.172,52.74
13-07-2015,570.869995,1213.4,2094.5,2.446,96.998,52.2
14-07-2015,570.179993,1210.8,2102,2.397,96.784,53.04
15-07-2015,573.150024,1204.7,2104.25,2.356,97.279,51.41
16-07-2015,581.559998,1201.6,2117,2.356,97.806,50.91
17-07-2015,575.419983,1189.1,2118.75,2.347,97.989,50.89
20-07-2015,573.169983,1163.9,2122,2.38,98.161,50.15
21-07-2015,567.640015,1158.4,2114.5,2.331,97.426,50.36
22-07-2015,570.700012,1146.5,2108,2.327,97.722,49.19
23-07-2015,562.159973,1149,2098.5,2.269,97.226,48.45
24-07-2015,562.73999,1138.9,2077.5,2.262,97.346,48.14
27-07-2015,570.869995,1149.5,2064.5,2.216,96.605,47.39
28-07-2015,573.299988,1149.5,2087.25,2.25,96.863,47.98
29-07-2015,575.200012,1146.4,2101.5,2.289,97.077,48.79
30-07-2015,578.880005,1142.3,2103.75,2.257,97.694,48.52
31-07-2015,583.940002,1143.5,2098.5,2.187,97.439,47.12
03-08-2015,587.77002,1137.2,2091,2.15,97.616,45.17
04-08-2015,579.369995,1139.1,2083,2.223,98.024,45.74
05-08-2015,580.969971,1136.8,2093.75,2.27,98.035,45.15
06-08-2015,583.01001,1141.3,2079.5,2.227,97.906,44.66
07-08-2015,590.450012,1145.5,2073.5,2.166,97.619,43.87
10-08-2015,587.590027,1155.5,2099.75,2.232,97.202,44.96
11-08-2015,590.080017,1157.6,2079.75,2.143,97.335,43.08
12-08-2015,599.140015,1173.1,2084.25,2.148,96.295,43.3
13-08-2015,599.73999,1165.4,2080.5,2.189,96.461,42.23
14-08-2015,604.289978,1162.6,2089.5,2.201,96.533,42.5
17-08-2015,606.719971,1168.2,2099.25,2.17,96.815,41.87
18-08-2015,605.27002,1166.6,2094,2.192,97.07,42.62
19-08-2015,607.919983,1177.4,2072.75,2.129,96.368,40.8
20-08-2015,604.039978,1202.5,2025.5,2.073,96.002,41.14
21-08-2015,597.650024,1207.4,1971.5,2.045,95.005,40.45
24-08-2015,573.219971,1199.5,1871.25,2.012,93.356,38.24
25-08-2015,557.169983,1184.3,1872.75,2.078,94.544,39.31
26-08-2015,566.580017,1169.6,1938,2.18,95.131,38.6
27-08-2015,573.76001,1167.8,1989.25,2.191,95.652,42.56
28-08-2015,572.210022,1179,1989.75,2.184,96.135,45.22
31-08-2015,562.02002,1177.5,1969.25,2.214,95.854,49.2
01-09-2015,546.940002,1182.4,1916,2.159,95.446,45.41
02-09-2015,547.289978,1175.7,1947,2.188,95.844,46.25
03-09-2015,550.23999,1165,1946,2.163,96.423,46.75
04-09-2015,541.969971,1162,1921.75,2.131,96.24,46.05
06-09-2015,,1119.9,1925.75,,,45.72
07-09-2015,,1119.9,1938.95,2.151,96.24,44.7
08-09-2015,553.369995,1161.4,1965.75,2.186,95.987,45.94
09-09-2015,546.030029,1142.2,1942.75,2.195,96.01,44.15
10-09-2015,544.890015,1149.4,1949.5,2.227,95.442,45.92
11-09-2015,549.460022,1143.4,1960.25,2.187,95.194,44.63
14-09-2015,551.210022,1147.2,1954,2.183,95.364,44
15-09-2015,553.73999,1142,1979.75,2.292,95.785,44.59
16-09-2015,560.119995,1159.1,1998.25,2.296,95.546,47.15
17-09-2015,567.719971,1157.7,1987.75,2.192,94.677,46.9
18-09-2015,564.98999,1177,1970.1,2.134,94.996,44.68
21-09-2015,567.690002,1172.3,1963,2.199,96.034,46.68
22-09-2015,560.809998,1163.4,1932,2.132,96.446,45.83
23-09-2015,562.390015,1170.1,1928.5,2.151,96.206,44.48
24-09-2015,566.809998,1191.4,1918.75,2.128,96.149,44.91
25-09-2015,572.359985,1183.3,1919.25,2.166,96.434,45.7
28-09-2015,567.359985,1168.9,1872,2.098,96.182,44.43
29-09-2015,567.429993,1163.6,1874.5,2.06,95.993,45.23
30-09-2015,576.830017,1149.4,1908.75,2.035,96.48,45.09
01-10-2015,569.590027,1147.9,1916.75,2.042,96.326,44.74
02-10-2015,577.25,1170,1943,1.991,95.967,45.54
05-10-2015,585.369995,1169.8,1974.75,2.058,96.24,46.26
06-10-2015,580.539978,1178,1968.5,2.035,95.563,48.53
07-10-2015,578.690002,1180.7,1987.25,2.065,95.58,47.81
08-10-2015,585.880005,1176.6,2006.5,2.102,95.407,49.43
09-10-2015,583.359985,1189.1,2007.5,2.09,94.883,49.63
12-10-2015,588.630005,1197.8,2011,2.07,94.765,47.1
13-10-2015,587.299988,1198.5,1994,2.042,94.79,46.66
14-10-2015,587.059998,1211.2,1984,1.975,93.957,46.64
15-10-2015,596.039978,1219,2019,2.019,94.43,46.38
16-10-2015,596.97998,1214.4,2025.5,2.035,94.588,47.26
19-10-2015,597.969971,1204.1,2027.5,2.023,94.953,45.89
20-10-2015,599.390015,1208.7,2020.5,2.069,94.939,45.55
21-10-2015,598.309998,1197.6,2008.5,2.028,95.068,45.2
22-10-2015,605.359985,1196.3,2053,2.028,96.454,45.38
23-10-2015,594.409973,1192.5,2066,2.087,97.243,44.6
26-10-2015,592.049988,1194.5,2062.25,2.058,96.955,43.98
27-10-2015,590.530029,1192.9,2060.5,2.037,96.992,43.2
28-10-2015,582.77002,1204,2084.5,2.101,97.861,45.94
29-10-2015,577.859985,1176.5,2083,2.172,97.364,46.06
30-10-2015,580.5,1169.9,2073.75,2.146,97.019,46.59
02-11-2015,580.530029,1165.1,2095.5,2.176,97.003,46.14
03-11-2015,581.320007,1143.3,2103,2.218,97.243,47.9
04-11-2015,583.450012,1135.9,2094.75,2.227,98.029,46.32
05-11-2015,578.690002,1134.6,2094,2.236,98.05,45.2
06-11-2015,556.460022,1121.6,2093.75,2.325,99.26,44.29
09-11-2015,558.450012,1122.8,2073,2.349,99.076,43.87
10-11-2015,561.97998,1123,2078,2.336,99.39,44.21
11-11-2015,566.820007,1119,2069,2.331,99.158,42.93
12-11-2015,562.340027,1114.9,2040.5,2.315,98.712,41.75
13-11-2015,560.580017,1114.9,2018.5,2.275,99.097,40.74
16-11-2015,568.799988,1116.4,2048,2.271,99.538,41.74
17-11-2015,559.030029,1100.9,2049,2.268,99.7,40.67
18-11-2015,562.799988,1100.9,2079.75,2.273,99.745,40.75
19-11-2015,569.109985,1109.6,2079.25,2.247,99.064,40.54
20-11-2015,571.090027,1107.8,2088.75,2.264,99.624,40.39
23-11-2015,565.820007,1098.7,2084.25,2.243,99.855,41.75
24-11-2015,563.280029,1105.6,2084.75,2.239,99.59,42.87
25-11-2015,560.630005,1102.4,2088,2.234,99.83,43.04
26-11-2015,,1070.8,2095.75,2.224,99.83,42.59
27-11-2015,563.02002,1088.9,2090,2.222,100.073,41.71
30-11-2015,563.130005,1098.3,2079.75,2.208,100.21,41.65
01-12-2015,567.299988,1096.4,2100,2.145,99.84,41.85
02-12-2015,556.099976,1086.8,2081.5,2.178,100.02,39.94
03-12-2015,551.929993,1095,2051.25,2.321,97.634,41.08
04-12-2015,561.200012,1117.6,2088.5,2.273,98.343,39.97
07-12-2015,562.900024,1108.7,2081,2.236,98.669,37.65
08-12-2015,562.26001,1108.8,2058.75,2.222,98.468,37.51
09-12-2015,561.650024,1109.7,2042,2.211,97.334,37.16
10-12-2015,552.559998,1105.1,2049.25,2.234,97.96,36.76
11-12-2015,551.130005,1108.6,2009.75,2.132,97.551,35.62
14-12-2015,553.880005,1096.2,2018.5,2.225,97.469,36.31
15-12-2015,558.869995,1094.6,2045.5,2.268,98.288,37.35
16-12-2015,574.109985,1110.1,2072,2.298,97.884,35.52
17-12-2015,574.789978,1082.9,2034.25,2.225,99.32,34.95
18-12-2015,567.940002,1098.1,2029.72,2.204,98.731,34.73
21-12-2015,567.450012,1115.3,2015,2.195,98.369,34.74
22-12-2015,572.5,1108.8,2036,2.237,98.244,36.14
23-12-2015,581.01001,1103,2053,2.259,98.367,37.5
24-12-2015,581.02002,1110.7,2051.25,2.245,98.016,38.1
28-12-2015,582.400024,1102.9,2048.75,2.232,97.95,36.81
29-12-2015,585.109985,1103.4,2072.75,2.308,98.173,37.87
30-12-2015,584.5,1095.6,2054.5,2.294,98.354,36.6
31-12-2015,577.820007,1095.8,2035.5,2.269,98.745,37.04
04-01-2016,577.47998,1110.5,2009,2.243,98.968,36.76
05-01-2016,580.969971,1113.4,2011.75,2.239,99.496,35.97
06-01-2016,580.5,1126.9,1986,2.17,99.266,33.97
07-01-2016,577.51001,1138.9,1933,2.149,98.272,33.27
08-01-2016,578.820007,1128.5,1911.5,2.116,98.599,33.16
11-01-2016,582.210022,1125.3,1914.25,2.175,98.784,31.41
12-01-2016,579.48999,1113.9,1925,2.105,99.024,30.44
13-01-2016,579.01001,1114.7,1881.5,2.091,98.978,30.48
14-01-2016,587.419983,1100.5,1914.5,2.091,99.155,31.2
15-01-2016,582.789978,1115.7,1875,2.037,99.02,29.42
17-01-2016,,1090.3,1868.88,,,29.75
18-01-2016,,1088.5,1874.25,2.045,99.02,30.02
19-01-2016,591.869995,1114,1873,2.056,99.036,28.46
20-01-2016,579.030029,1129.9,1855,1.988,99.174,26.55
21-01-2016,578.659973,1121.8,1861,2.028,99.128,29.53
22-01-2016,589.140015,1120.8,1899.25,2.057,99.651,32.19
25-01-2016,584.039978,1130.6,1870.25,2.006,99.406,30.34
26-01-2016,588.469971,1145.5,1896,2.003,99.133,31.45
27-01-2016,589.5,1141.8,1875,2.003,98.954,32.3
28-01-2016,599.190002,1141.6,1880.75,1.982,98.539,33.22
29-01-2016,611.349976,1140,1930,1.923,99.652,33.62
01-02-2016,616.429993,1151.6,1931.25,1.95,99.028,31.62
02-02-2016,618.630005,1150.2,1897.5,1.852,98.893,29.88
03-02-2016,626.640015,1163.4,1908.5,1.883,97.301,32.28
04-02-2016,622.070007,1178.1,1907.75,1.846,96.487,31.72
05-02-2016,624.619995,1178.4,1875.25,1.843,97.054,30.89
08-02-2016,622.950012,1218.6,1852,1.748,96.581,29.69
09-02-2016,626.77002,1217.9,1848.25,1.731,96.094,27.94
10-02-2016,626.02002,1213.8,1846.75,1.673,95.936,27.45
11-02-2016,614.030029,1264,1824.5,1.664,95.619,26.21
12-02-2016,610.869995,1254,1858.25,1.746,95.982,29.44
14-02-2016,,1233.6,1869.5,1.746,,29.08
15-02-2016,,1208.1,1883.25,1.772,95.982,30.6
16-02-2016,614.48999,1223.8,1888.75,1.779,96.875,29.04
17-02-2016,611.98999,1229.3,1922.75,1.816,96.8,30.66
18-02-2016,622.73999,1244.6,1916.5,1.741,96.96,30.77
19-02-2016,618.609985,1249.5,1914.5,1.743,96.604,29.64
22-02-2016,626.080017,1228.8,1936.25,1.755,97.388,31.48
23-02-2016,627.169983,1243.1,1916,1.716,97.485,31.87
24-02-2016,630.200012,1258.8,1930.25,1.752,97.464,32.15
25-02-2016,637.799988,1258.7,1950.5,1.714,97.282,33.07
26-02-2016,619.030029,1240.5,1942.75,1.764,98.175,32.78
29-02-2016,620.700012,1255,1929.5,1.738,98.219,33.75
01-03-2016,618.5,1252.6,1978,1.827,98.365,34.4
02-03-2016,623.049988,1264.4,1983.5,1.835,98.225,34.66
03-03-2016,625.789978,1281.9,1990.5,1.835,97.601,34.57
04-03-2016,633.049988,1296.4,1995,1.876,97.343,35.92
07-03-2016,636.609985,1290.9,1999,1.904,97.084,37.9
08-03-2016,642.77002,1289.6,1981,1.831,97.206,36.5
09-03-2016,646,1284,1989,1.879,97.159,38.29
10-03-2016,645.960022,1300.6,1988.75,1.936,96.055,37.84
11-03-2016,647.140015,1288.8,2020,1.98,96.172,38.5
14-03-2016,647.640015,1274.6,2018.75,1.961,96.521,37.18
15-03-2016,649.320007,1260.4,2015.75,1.968,96.668,36.34
16-03-2016,655.73999,1260.8,2027,1.913,95.925,38.46
17-03-2016,663.190002,1294,2039.75,1.898,94.801,40.2
18-03-2016,658.539978,1281.9,2050.07,1.877,95.12,39.44
21-03-2016,657.01001,1272.6,2042.75,1.917,95.304,39.91
22-03-2016,654.98999,1278.7,2042.5,1.944,95.644,41.45
23-03-2016,658.830017,1253.9,2028.75,1.879,96.064,39.79
24-03-2016,660.200012,1252.3,2028.5,1.9,96.173,39.46
28-03-2016,657.280029,1250.6,2028,1.883,95.94,39.39
29-03-2016,666.969971,1266.2,2047.5,1.804,95.146,38.28
30-03-2016,665.320007,1256.8,2055.25,1.828,94.819,38.32
31-03-2016,668.570007,1261.6,2051.5,1.77,94.578,38.34
01-04-2016,671.039978,1249.6,2065,1.774,94.618,36.79
04-04-2016,668.340027,1245.4,2057.5,1.762,94.524,35.7
05-04-2016,656.549988,1255.2,2038.75,1.72,94.637,35.89
06-04-2016,656.159973,1249.5,2060.25,1.758,94.441,37.75
07-04-2016,656.440002,1263,2035,1.687,94.504,37.26
08-04-2016,660.109985,1269.2,2040.75,1.717,94.252,39.72
11-04-2016,657.51001,1284.3,2034.5,1.722,93.942,40.36
12-04-2016,662.77002,1288.2,2055.75,1.776,93.945,42.17
13-04-2016,658.219971,1275.7,2076,1.766,94.762,41.76
14-04-2016,657.580017,1253.9,2076.5,1.792,94.908,41.5
15-04-2016,662.5,1261.5,2075,1.754,94.686,40.36
18-04-2016,664.419983,1262.1,2086.75,1.771,94.46,39.78
19-04-2016,665.390015,1282.4,2093.75,1.787,93.947,41.08
20-04-2016,649.049988,1283.8,2098,1.845,94.471,42.63
21-04-2016,633.119995,1280.6,2082.75,1.865,94.574,43.18
22-04-2016,639.52002,1259.9,2086,1.891,95.08,43.73
25-04-2016,641.619995,1270.2,2083.25,1.915,94.801,42.64
26-04-2016,643.349976,1273.5,2088.5,1.931,94.543,44.04
27-04-2016,653.280029,1280.9,2090.75,1.853,94.367,45.33
28-04-2016,650.859985,1297.3,2072.5,1.824,93.727,46.03
29-04-2016,654.440002,1321.9,2059,1.835,93.054,45.92
02-05-2016,659.98999,1327.8,2074.25,1.872,92.618,44.78
03-05-2016,660.22998,1323.3,2057,1.796,92.931,43.65
04-05-2016,667.640015,1305,2047,1.777,93.187,43.78
05-05-2016,663.72998,1301.8,2044,1.742,93.78,44.32
06-05-2016,659.289978,1324.1,2052.75,1.779,93.883,44.66
09-05-2016,662.73999,1296.9,2054.25,1.751,94.115,43.44
10-05-2016,663.030029,1295.3,2077.5,1.754,94.267,44.66
11-05-2016,665.080017,1306.6,2058,1.735,93.79,46.23
12-05-2016,668.460022,1301.7,2058.75,1.748,94.128,46.7
13-05-2016,665.340027,1303.5,2043.5,1.702,94.593,46.21
16-05-2016,666.409973,1305.8,2062.75,1.757,94.55,47.72
17-05-2016,654.369995,1308.9,2043.5,1.772,94.531,48.31
18-05-2016,642.200012,1308.1,2041.5,1.859,95.063,48.19
19-05-2016,647.929993,1289.7,2038.75,1.847,95.294,48.16
20-05-2016,650.080017,1289.4,2050,1.844,95.343,47.75
23-05-2016,644.059998,1288.4,2045.25,1.835,95.216,48.08
24-05-2016,650.940002,1266.1,2075,1.865,95.576,48.62
25-05-2016,648.309998,1260.8,2087.25,1.872,95.34,49.56
26-05-2016,655.289978,1257,2089.75,1.83,95.162,49.48
27-05-2016,656.280029,1251,2097.25,1.851,95.5,49.33
29-05-2016,,,2101.5,,,49.58
30-05-2016,,1212.15,2101.25,1.862,95.5,49.51
31-05-2016,659.440002,1252.7,2095,1.851,95.878,49.1
01-06-2016,661.830017,1250.6,2098,1.839,95.456,49.01
02-06-2016,661.530029,1248.3,2103.75,1.799,95.566,49.17
03-06-2016,672.349976,1278,2097.75,1.702,94.028,48.62
06-06-2016,671.109985,1282.8,2108.25,1.737,93.89,49.69
07-06-2016,669.820007,1282.2,2110.25,1.716,93.832,50.36
08-06-2016,674.969971,1297.4,2118,1.704,93.58,51.23
09-06-2016,681.72998,1307.8,2114.25,1.682,93.952,50.56
10-06-2016,680.619995,1311.1,2096.25,1.644,94.561,49.07
13-06-2016,680.039978,1322.2,2078.75,1.613,94.399,48.88
14-06-2016,683.890015,1320.9,2074.5,1.613,95.04,48.49
15-06-2016,679.460022,1321.3,2071.75,1.575,94.68,48.01
16-06-2016,684.76001,1331.9,2079.25,1.579,94.706,46.21
17-06-2016,686.580017,1329.2,2079.12,1.611,94.34,47.98
20-06-2016,682.52002,1328.5,2074.25,1.678,93.684,49.37
21-06-2016,683.659973,1308.9,2080.5,1.709,94.061,48.85
22-06-2016,680.73999,1306.4,2076.75,1.687,93.758,49.13
23-06-2016,682.719971,1300.7,2105.75,1.744,93.527,50.11
24-06-2016,685.710022,1359.8,2018.5,1.562,95.574,47.64
27-06-2016,696.950012,1361.8,1985,1.444,96.703,46.33
28-06-2016,699.450012,1355.2,2028.5,1.465,96.331,47.85
29-06-2016,701.119995,1364.4,2066.75,1.517,95.807,49.88
30-06-2016,716.52002,1358,2090.25,1.475,96.203,48.33
01-07-2016,715.969971,1377.3,2096.25,1.456,95.714,48.99
03-07-2016,,1345.5,2094.25,,,49.01
04-07-2016,,1352,2096.88,1.441,95.714,48.65
05-07-2016,722.070007,1397.4,2082.75,1.375,96.259,46.6
06-07-2016,723.51001,1405.8,2094,1.373,96.131,47.43
07-07-2016,710.200012,1399.6,2092,1.385,96.383,45.14
08-07-2016,717.369995,1396.6,2120.5,1.358,96.327,45.41
11-07-2016,716.23999,1395.9,2130.25,1.43,96.59,44.76
12-07-2016,706.049988,1375.3,2145.75,1.507,96.487,46.8
13-07-2016,711.809998,1383.6,2146,1.473,96.208,44.75
14-07-2016,707.950012,1372.3,2157.25,1.537,96.1,45.68
15-07-2016,710.119995,1368.1,2152.75,1.558,96.563,45.95
18-07-2016,711.289978,1370,2160,1.582,96.587,45.24
19-07-2016,710.880005,1373.3,2158.75,1.558,97.108,44.65
20-07-2016,707.27002,1360.7,2167.5,1.58,97.263,44.94
21-07-2016,710.52002,1373.2,2158,1.556,97.046,44.75
22-07-2016,720.450012,1366.4,2167.5,1.566,97.516,44.19
25-07-2016,719.590027,1362.2,2162.25,1.575,97.326,43.13
26-07-2016,713.190002,1363.5,2163.25,1.563,97.168,42.92
27-07-2016,704.799988,1371.5,2160.5,1.503,97.042,41.92
28-07-2016,706.780029,1378.3,2164.75,1.508,96.721,41.14
29-07-2016,711.419983,1395.2,2168.25,1.45,95.491,41.6
01-08-2016,710.77002,1395.7,2164.5,1.52,95.677,40.06
02-08-2016,706.700012,1409.3,2152.75,1.554,94.988,39.51
03-08-2016,702.669983,1403.8,2157,1.545,95.525,40.83
04-08-2016,701.150024,1407.8,2159.25,1.502,95.717,41.93
05-08-2016,691.369995,1387,2176.75,1.59,96.136,41.8
08-08-2016,690.22998,1384.4,2175.5,1.592,96.34,43.02
09-08-2016,690.630005,1389.7,2177.5,1.549,96.132,42.77
10-08-2016,690.640015,1394.7,2172.75,1.513,95.608,41.71
11-08-2016,691.570007,1393.1,2181.75,1.561,95.838,43.49
12-08-2016,692.159973,1385.9,2180.25,1.51,95.682,44.49
15-08-2016,681.340027,1389.7,2186,1.558,95.594,45.74
16-08-2016,673.380005,1398.1,2176.75,1.575,94.764,46.58
17-08-2016,683.98999,1389.7,2179.75,1.549,94.69,46.79
18-08-2016,691.52002,1398.2,2183.5,1.534,94.137,48.22
19-08-2016,683.210022,1387.1,2181.75,1.58,94.483,48.52
22-08-2016,684.719971,1384.3,2181.5,1.544,94.499,47.05
23-08-2016,681.77002,1386.9,2185.25,1.546,94.494,48.1
24-08-2016,681.599976,1369.5,2175,1.563,94.747,46.77
25-08-2016,681.51001,1363.1,2173.5,1.578,94.743,47.33
26-08-2016,667.090027,1362.3,2168.5,1.628,95.542,47.64
29-08-2016,672.320007,1363.5,2179.25,1.563,95.543,46.98
30-08-2016,665.219971,1353.6,2175.25,1.57,96.041,46.35
31-08-2016,666.869995,1347,2169.5,1.578,96.012,44.7
01-09-2016,664.75,1352.1,2167.25,1.568,95.66,43.16
02-09-2016,673.109985,1363.3,2178,1.607,95.844,44.44
04-09-2016,,1326.25,2180.75,,,44.11
05-09-2016,,1331.1,2178,1.609,95.844,45.07
06-09-2016,680.609985,1389.5,2184.5,1.536,94.823,44.83
07-09-2016,679.669983,1385.5,2184.5,1.536,94.951,45.5
08-09-2016,681.799988,1378.6,2177.5,1.601,95.051,47.62
09-09-2016,656.190002,1371.5,2122.75,1.675,95.328,45.88
12-09-2016,667.52002,1362.8,2158.5,1.666,95.088,46.29
13-09-2016,659,1360.3,2128.75,1.729,95.645,44.9
14-09-2016,661.679993,1362.8,2120.25,1.698,95.322,43.58
15-09-2016,666.140015,1354.4,2145,1.698,95.283,43.91
16-09-2016,671.780029,1346.6,2139.96,1.694,96.105,43.03
19-09-2016,678.880005,1353.9,2133,1.707,95.77,43.3
20-09-2016,678.099976,1354.5,2131,1.693,95.976,43.44
21-09-2016,692.530029,1368.1,2156.25,1.655,95.665,45.34
22-09-2016,696.289978,1380.4,2168.25,1.618,95.381,46.32
23-09-2016,694.23999,1377.4,2158,1.62,95.392,44.48
26-09-2016,692.429993,1380.4,2139.75,1.584,95.21,45.93
27-09-2016,685.22998,1366.6,2152.75,1.56,95.312,44.67
28-09-2016,683.210022,1359.8,2163.25,1.572,95.336,47.05
29-09-2016,673.190002,1362.2,2148.5,1.558,95.472,47.83
30-09-2016,668.130005,1353.5,2160.5,1.598,95.385,48.24
03-10-2016,659.280029,1349,2153.25,1.627,95.587,48.81
04-10-2016,645.380005,1305.2,2144.75,1.69,96.125,48.69
05-10-2016,643.289978,1304.4,2153.25,1.706,96.114,49.83
06-10-2016,642.820007,1288.6,2156.5,1.739,96.772,50.44
07-10-2016,643.460022,1287.6,2146.5,1.723,96.654,49.81
10-10-2016,648.390015,1297,2159,1.765,96.933,51.35
11-10-2016,640.789978,1292.6,2134.5,1.767,97.692,50.79
12-10-2016,647.200012,1290.8,2131.5,1.771,97.962,50.18
13-10-2016,655.049988,1295.4,2126.25,1.746,97.518,50.44
14-10-2016,651.789978,1293.5,2127,1.805,97.997,50.35
17-10-2016,655.409973,1294.9,2123,1.768,97.878,49.94
18-10-2016,660.909973,1301.7,2132,1.74,97.897,50.29
19-10-2016,659.23999,1308.6,2138,1.747,97.94,51.6
20-10-2016,658.309998,1306.9,2137,1.756,98.314,50.43
21-10-2016,655,1306.4,2134.75,1.736,98.686,50.85
24-10-2016,657.580017,1300.6,2144.25,1.766,98.752,50.52
25-10-2016,661.570007,1311.5,2138,1.758,98.682,49.96
26-10-2016,663.419983,1304.5,2134,1.791,98.611,49.18
27-10-2016,660.070007,1309.1,2123.5,1.85,98.879,49.72
28-10-2016,661.98999,1316.2,2123.75,1.849,98.342,48.7
31-10-2016,675.22998,1312.8,2120,1.825,98.422,46.86
01-11-2016,663.409973,1328,2103.75,1.827,97.697,46.67
02-11-2016,655.659973,1348,2092.25,1.801,97.414,45.34
03-11-2016,657.080017,1343.8,2083.5,1.81,97.196,44.66
04-11-2016,653.27002,1345.7,2080,1.778,97.088,44.07
07-11-2016,664.049988,1320.4,2129,1.828,97.793,44.89
08-11-2016,669.030029,1316.2,2135.5,1.858,97.86,44.98
09-11-2016,646.090027,1315.7,2160.25,2.068,98.529,45.27
10-11-2016,630.179993,1306.6,2167.25,2.138,98.774,44.66
11-11-2016,627.820007,1262.7,2161.5,,99.05,43.41
14-11-2016,625.440002,1263.3,2160.5,2.254,100.12,43.32
15-11-2016,635.530029,1267.3,2179.25,2.229,100.25,45.81
16-11-2016,630.469971,1266.7,2172.75,2.214,100.438,45.57
17-11-2016,629.77002,1259.9,2184.25,2.297,100.946,45.42
18-11-2016,627.280029,1252.1,2180.75,2.348,101.283,45.69
21-11-2016,634.169983,1252.5,2193,2.314,101.113,47.49
22-11-2016,636.090027,1253.7,2200.25,2.314,101.106,48.03
23-11-2016,630.630005,1232.6,2200.75,2.355,101.759,47.96
24-11-2016,,1185.55,2205.5,2.382,101.759,47.98
25-11-2016,639.950012,1221.2,2211.25,2.359,101.546,46.06
28-11-2016,651.73999,1234.3,2200.75,2.312,101.368,47.08
29-11-2016,654.539978,1231.2,2203.75,2.293,100.949,45.23
30-11-2016,632.669983,1214.1,2198.75,2.39,101.539,49.44
01-12-2016,626.659973,1209.4,2192,2.454,101.099,51.06
02-12-2016,632.219971,1218.1,2192,2.392,100.861,51.68
05-12-2016,634.030029,1217.4,2204.25,2.401,100.112,51.79
06-12-2016,631.380005,1210.7,2210,2.392,100.53,50.93
07-12-2016,638.960022,1220.3,2236.75,2.344,100.268,49.77
08-12-2016,640.75,1216.1,2247.75,2.409,101.125,50.84
09-12-2016,645.859985,1205.7,2260,2.466,101.62,51.5
12-12-2016,652.070007,1210,2256,2.477,101.049,52.83
13-12-2016,659.059998,1203.3,2273.25,2.473,101.107,52.98
14-12-2016,645.049988,1208,2257,2.567,101.77,51.04
15-12-2016,649.22998,1178.1,2263.5,2.606,103.053,50.9
16-12-2016,657.719971,1185.9,2268.63,2.599,102.954,51.9
19-12-2016,659.619995,1190.9,2260,2.544,102.9,52.12
20-12-2016,660.72998,1182,2266.5,2.561,103.288,52.23
21-12-2016,658.349976,1181.5,2260.5,2.538,103.029,52.49
22-12-2016,660.52002,1178.8,2258.75,2.553,103.096,52.95
23-12-2016,660.809998,1181.8,2260,2.543,103.002,53.02
26-12-2016,,1134.55,2259,2.543,,53.19
27-12-2016,661,1186.9,2261,2.561,103.007,53.9
28-12-2016,654.619995,1189,2245.25,2.512,103.244,54.06
29-12-2016,662.929993,1206.2,2245,2.477,102.711,53.77
30-12-2016,659.609985,1199.5,2236.25,2.446,102.286,53.72
02-01-2017,,1151.05,2243.25,2.446,,54.03
03-01-2017,657.320007,1209.7,2252.5,2.448,103.201,52.33
04-01-2017,659.280029,1211.9,2264.25,2.441,102.709,53.26
05-01-2017,659.849976,1227.1,2264.25,2.348,101.528,53.76
06-01-2017,661.559998,1220.5,2271.5,2.421,102.209,53.99
09-01-2017,653.190002,1232.4,2265,2.368,101.909,51.96
10-01-2017,651.140015,1233.3,2263.75,2.377,101.996,50.82
11-01-2017,657.059998,1245,2270.5,2.37,101.747,52.25
12-01-2017,657.77002,1248.4,2263.5,2.361,101.377,53.01
13-01-2017,656.780029,1245.6,2272.5,2.398,101.188,52.37
15-01-2017,,1203.35,2268.5,,,52.45
16-01-2017,,1202.85,2266.25,2.378,101.188,52.52
17-01-2017,664.48999,1262,2262.75,2.325,100.32,52.48
18-01-2017,663.559998,1260.5,2266.5,2.428,100.918,51.08
19-01-2017,657.890015,1250.3,2261.5,2.47,101.144,51.37
20-01-2017,658.369995,1254,2266,2.467,100.69,52.42
23-01-2017,654.97998,1264.1,2262,2.401,100.13,52.75
24-01-2017,655.210022,1259.3,2274.5,2.465,100.339,53.18
25-01-2017,655.380005,1246.3,2294,2.515,100.019,52.75
26-01-2017,655.869995,1238.1,2294,2.512,100.375,53.78
27-01-2017,657.700012,1236.9,2289,2.486,100.526,53.17
30-01-2017,658,1241.6,2276,2.49,100.414,52.63
31-01-2017,668.869995,1257,2274.5,2.466,99.481,52.81
01-02-2017,656.080017,1254.4,2274.5,2.477,99.608,53.88
02-02-2017,662.22998,1265.5,2275.5,2.474,99.788,53.54
03-02-2017,662.070007,1267.1,2291,2.467,99.842,53.83
06-02-2017,661.5,1278.2,2286.5,2.417,99.865,53.01
07-02-2017,663.130005,1281.7,2288.5,2.397,100.245,52.17
08-02-2017,669.98999,1283.9,2290.25,2.34,100.264,52.34
09-02-2017,664.719971,1281,2304.25,2.397,100.647,53
10-02-2017,669.679993,1280.1,2312.75,2.409,100.791,53.86
13-02-2017,671.599976,1270.5,2326.25,2.436,100.95,52.93
14-02-2017,667.369995,1270.5,2337,2.472,101.233,53.2
15-02-2017,664.400024,1279.8,2350.5,2.497,101.164,53.11
16-02-2017,670.890015,1288.3,2345.5,2.447,100.43,53.36
17-02-2017,672.159973,1285.2,2348,2.42,100.951,53.4
19-02-2017,,1237.3,2347.5,,,53.79
20-02-2017,,1238.2,2353.25,2.436,100.951,53.97
21-02-2017,679.799988,1285,2360,2.431,101.355,54.06
22-02-2017,682.219971,1279.1,2361,2.415,101.194,53.59
23-02-2017,689.159973,1297.1,2362.75,2.376,101.053,54.45
24-02-2017,699.48999,1303.8,2365,2.315,101.09,53.99
27-02-2017,696,1304.5,2368.25,2.367,101.129,54.05
28-02-2017,703.159973,1299.7,2362.75,2.397,101.129,54.01
01-03-2017,695.530029,1296.5,2393.5,2.458,101.78,53.83
02-03-2017,701.119995,1279.3,2382,2.482,102.204,52.61
03-03-2017,698.5,1274.2,2381.25,2.482,101.548,53.33
06-03-2017,696.48999,1272.7,2375.5,2.494,101.645,53.2
07-03-2017,695.940002,1263.1,2366.5,2.518,101.805,53.14
08-03-2017,685.75,1257.3,2364,2.56,102.076,50.28
09-03-2017,683.679993,1251.1,2366.25,2.609,101.853,49.28
10-03-2017,689.869995,1249.4,2371.75,2.575,101.247,48.49
13-03-2017,691.630005,1251.6,2375,2.626,101.31,48.4
14-03-2017,690.950012,1251.3,2366.5,2.602,101.574,47.72
15-03-2017,701.840027,1249.3,2383.75,2.5,100.575,48.86
16-03-2017,693.01001,1275.7,2382.75,2.537,100.185,48.75
17-03-2017,696.640015,1278.6,2385.8,2.501,100.115,48.78
20-03-2017,691.690002,1282.2,2370.25,2.463,100.234,48.22
21-03-2017,701.159973,1294,2342.25,2.416,99.614,47.34
22-03-2017,704.619995,1296.7,2342.5,2.403,99.468,48.04
23-03-2017,702.75,1293.8,2340,2.418,99.563,47.7
24-03-2017,705.950012,1295.7,2344.75,2.418,99.442,47.97
27-03-2017,702.450012,1302.7,2338.5,2.378,98.973,47.73
28-03-2017,703.359985,1302.8,2351.5,2.42,99.549,48.37
29-03-2017,699.880005,1300.8,2357,2.38,99.836,49.51
30-03-2017,695.070007,1292,2364.5,2.421,100.285,50.35
31-03-2017,697.280029,1295.1,2359.25,2.389,100.218,50.6
03-04-2017,697.51001,1298,2356,2.323,100.412,50.24
04-04-2017,699.890015,1302.1,2356.5,2.364,100.426,51.03
05-04-2017,704.169983,1292.2,2346.5,2.339,100.441,51.15
06-04-2017,703.030029,1297.1,2353.75,2.341,100.57,51.7
07-04-2017,699.219971,1301.5,2352.25,2.382,101.117,52.24
10-04-2017,700.52002,1298,2352.5,2.366,100.952,53.08
11-04-2017,700.340027,1318.1,2351,2.298,100.622,53.4
12-04-2017,705.349976,1322,2340.75,2.244,100.711,53.11
13-04-2017,703.150024,1331.6,2327.5,2.232,100.463,53.18
17-04-2017,706.169983,1334.7,2345,2.248,100.194,52.65
18-04-2017,707.799988,1336,2337.25,2.172,99.404,52.41
19-04-2017,703.97998,1325.6,2333.75,2.216,99.638,50.44
20-04-2017,701.200012,1326.6,2352,2.236,99.685,50.27
21-04-2017,706.01001,1331.9,2347.5,2.246,99.88,49.62
24-04-2017,709.030029,1320.7,2370,2.273,98.973,49.23
25-04-2017,708.419983,1310.9,2385,2.334,98.648,49.56
26-04-2017,705.169983,1307.9,2382.25,2.304,98.92,49.62
27-04-2017,707.580017,1309.6,2386,2.3,98.955,48.97
28-04-2017,704.349976,1312,2380.5,2.289,98.898,49.33
01-05-2017,699.580017,1299.5,2387,2.322,98.93,48.84
02-05-2017,701.679993,1301,2385.75,2.287,98.829,47.66
03-05-2017,697.539978,1292.5,2383.25,2.322,99.082,47.82
04-05-2017,698.969971,1272.3,2385.5,2.352,98.647,45.52
05-05-2017,703.02002,1270.8,2397.75,2.35,98.528,46.22
08-05-2017,702.219971,1271.1,2395,2.389,98.936,46.43
09-05-2017,695.929993,1260.1,2393.25,2.398,99.544,45.88
10-05-2017,696.900024,1262.7,2395.25,2.41,99.559,47.33
11-05-2017,696.799988,1268,2391,2.393,99.505,47.83
12-05-2017,700.289978,1270.8,2388.75,2.326,99.131,47.84
15-05-2017,702.47998,1273.1,2398.5,2.343,98.801,48.85
16-05-2017,697.210022,1279.5,2397,2.326,97.998,48.66
17-05-2017,698.23999,1301.3,2357.5,2.223,97.462,49.07
18-05-2017,700.700012,1294.8,2363.5,2.228,97.772,49.35
19-05-2017,703.27002,1295.5,2381.5,2.235,97.03,50.33
22-05-2017,709.210022,1303.6,2392.75,2.252,96.881,50.73
23-05-2017,710.539978,1297.7,2398,2.282,97.264,51.47
24-05-2017,715.119995,1295.3,2402,2.252,97.147,51.36
25-05-2017,720.299988,1298.9,2413.5,2.255,97.176,48.9
26-05-2017,720.219971,1310.4,2413.75,2.25,97.364,49.8
28-05-2017,,1268.22,2415.5,,,49.94
29-05-2017,,1266.69,2414.25,2.243,97.364,49.97
30-05-2017,722.72998,1304.8,2410.75,2.208,97.212,49.66
31-05-2017,726.619995,1314.4,2411,2.206,96.854,48.32
01-06-2017,732.059998,1309.1,2429.5,2.213,97.141,48.36
02-06-2017,732.630005,1319.2,2437.75,2.159,96.67,47.66
05-06-2017,729.26001,1321.7,2434.5,2.183,96.754,47.4
06-06-2017,728.109985,1336.2,2430.75,2.145,96.591,48.19
07-06-2017,730.869995,1331.8,2432,2.176,96.708,45.72
08-06-2017,724.77002,1318.1,2432.5,2.192,96.898,45.64
09-06-2017,724.849976,1310.1,2430.5,2.202,97.239,45.83
12-06-2017,722.900024,1307.7,2428.5,2.215,97.121,46.08
13-06-2017,723.940002,1307.4,2440,2.211,96.942,46.46
14-06-2017,729.400024,1314.4,2437.25,2.127,96.921,44.73
15-06-2017,734.299988,1293,2434.25,2.164,97.437,44.46
16-06-2017,737.51001,1294.9,2434.89,2.153,97.146,44.74
19-06-2017,734.440002,1285.2,2447.5,2.191,97.325,44.2
20-06-2017,734.679993,1281.8,2437.5,2.156,97.412,43.23
21-06-2017,729.859985,1284,2433.5,2.165,97.216,42.53
22-06-2017,727.440002,1287.6,2431.75,2.148,97.303,42.74
23-06-2017,725.27002,1294.9,2435,2.144,96.942,43.01
26-06-2017,730.570007,1284.9,2436,2.135,97.116,43.38
27-06-2017,720.659973,1285.6,2420.5,2.203,96.093,44.24
28-06-2017,713.309998,1288,2438.5,2.226,95.744,44.74
29-06-2017,707.390015,1284.9,2420,2.267,95.366,44.93
30-06-2017,706.909973,1281.2,2421,2.304,95.421,46.04
03-07-2017,703.359985,1258.1,2425,2.348,95.969,47.07
04-07-2017,,1227.55,2423.75,2.334,95.969,47.13
05-07-2017,700.940002,1261.1,2428,2.327,96.059,45.13
06-07-2017,700.440002,1263.9,2408.5,2.368,95.575,45.52
07-07-2017,702.039978,1249.6,2422.5,2.386,95.792,44.23
10-07-2017,701.429993,1253.2,2424.5,2.373,95.777,44.4
11-07-2017,701.23999,1254.9,2424.5,2.361,95.422,45.04
12-07-2017,705.48999,1258.4,2440,2.32,95.512,45.49
13-07-2017,703.349976,1255.7,2445.5,2.348,95.508,46.08
14-07-2017,707.349976,1266,2456,2.332,94.93,46.54
17-07-2017,710.109985,1272.6,2458.5,2.314,94.904,46.02
18-07-2017,711.780029,1280.7,2457.75,2.261,94.402,46.4
19-07-2017,714.710022,1280.9,2471.5,2.271,94.588,47.12
20-07-2017,719.809998,1284.3,2471.25,2.257,94.117,46.79
21-07-2017,725.47998,1293.1,2469.5,2.237,93.679,45.77
24-07-2017,719.02002,1292.6,2468.5,2.257,93.798,46.34
25-07-2017,715.859985,1290.4,2474,2.332,93.888,47.89
26-07-2017,722.590027,1287.9,2473.25,2.292,93.505,48.75
27-07-2017,723.650024,1298.8,2472,2.319,93.715,49.04
28-07-2017,724.059998,1307.7,2470.25,2.291,93.114,49.71
31-07-2017,726.47998,1305.8,2468,2.296,92.718,50.17
01-08-2017,728.849976,1311.6,2472.25,2.253,92.901,49.16
02-08-2017,731.929993,1310.8,2473.5,2.271,92.699,49.59
03-08-2017,734.109985,1306.9,2471.75,2.219,92.707,49.03
04-08-2017,731.869995,1297,2472,2.264,93.416,49.58
07-08-2017,733.590027,1297.3,2477.5,2.257,93.309,49.39
08-08-2017,735.679993,1295.7,2472.75,2.262,93.515,49.17
09-08-2017,732.890015,1312.3,2473,2.249,93.43,49.56
10-08-2017,734.650024,1323.1,2437.5,2.201,93.304,48.59
11-08-2017,730.450012,1326.7,2440,2.191,92.956,48.82
14-08-2017,734.26001,1323.4,2463.5,2.224,93.305,47.59
15-08-2017,737.549988,1312.8,2463.75,2.273,93.756,47.55
16-08-2017,739.619995,1316.1,2467.5,2.225,93.438,46.78
17-08-2017,734.419983,1325.5,2429.5,2.185,93.534,47.09
18-08-2017,738.380005,1324.4,2426.75,2.197,93.359,48.51
21-08-2017,741.409973,1329.7,2428,2.183,93.012,47.37
22-08-2017,743.179993,1324.2,2452.75,2.217,93.461,47.64
23-08-2017,744,1327.5,2441.5,2.169,93.07,48.41
24-08-2017,743.25,1324.7,2440.75,2.196,93.202,47.43
25-08-2017,746.47998,1330.6,2442.5,2.169,92.677,47.87
28-08-2017,748.159973,1348.4,2443.75,2.159,92.14,46.57
29-08-2017,746.469971,1351.5,2447,2.129,92.184,46.44
30-08-2017,743.159973,1346.7,2455.75,2.136,92.823,45.96
31-08-2017,743.23999,1354.3,2470,2.12,92.628,47.23
01-09-2017,740.950012,1362.9,2474.25,2.166,92.769,47.29
03-09-2017,,1341.22,2464.75,2.166,,47.32
04-09-2017,,1338.08,2469.62,,92.769,47.41
05-09-2017,742.809998,1377.1,2459.75,2.063,92.226,48.66
06-09-2017,738.5,1371.8,2465.5,2.106,92.252,49.16
07-09-2017,743.909973,1383.9,2466.5,2.042,91.642,49.09
08-09-2017,746.940002,1385.2,2462.5,2.054,91.326,47.48
11-09-2017,754.799988,1370,2487.5,2.134,91.853,48.07
12-09-2017,742.119995,1367.1,2496,2.167,91.856,48.23
13-09-2017,738.710022,1362.3,2496.5,2.193,92.508,49.3
14-09-2017,745.030029,1364.8,2496.5,2.187,92.112,49.89
15-09-2017,746.25,1360.7,2496.83,2.202,91.863,49.89
18-09-2017,738.710022,1345.9,2502.75,2.234,91.853,49.91
19-09-2017,736.690002,1346.2,2504.75,2.246,91.561,49.48
20-09-2017,731.609985,1351.9,2505.25,2.273,92.296,50.41
21-09-2017,730.780029,1330.3,2501,2.278,92.049,50.55
22-09-2017,726.630005,1333,2499.5,2.253,91.967,50.66
25-09-2017,732.400024,1347.1,2497,2.222,92.441,52.22
26-09-2017,731.669983,1337.5,2495.5,2.236,92.781,51.88
27-09-2017,722.219971,1324,2504.5,2.31,93.171,52.14
28-09-2017,723.789978,1324.6,2507.75,2.308,92.932,51.56
29-09-2017,723.599976,1320.9,2516,2.339,92.883,51.67
02-10-2017,725.469971,1312.1,2526.25,2.341,93.405,50.58
03-10-2017,723.590027,1310.8,2532.75,2.325,93.414,50.42
04-10-2017,731.650024,1313,2536.25,2.323,93.284,49.98
05-10-2017,731.619995,1309.7,2550,2.348,93.803,50.79
06-10-2017,731.150024,1311.4,2545,2.361,93.641,49.29
09-10-2017,731.789978,1321.8,2543.75,2.361,93.505,49.58
10-10-2017,739.429993,1330.8,2548.5,2.355,93.101,50.92
11-10-2017,742.460022,1325.9,2553,2.353,92.825,51.3
12-10-2017,744.880005,1333.7,2549.5,2.321,92.898,50.6
13-10-2017,737.25,1341.8,2552.75,2.275,92.935,51.45
16-10-2017,734.909973,1340.8,2556.25,2.305,93.161,51.87
17-10-2017,740.570007,1323.6,2557,2.302,93.35,51.88
18-10-2017,739.619995,1320.4,2560,2.345,93.228,52.04
19-10-2017,747.859985,1327,2560.5,2.318,93.12,51.29
20-10-2017,749.210022,1317.3,2574,2.383,93.579,51.47
23-10-2017,749.549988,1318,2563.5,2.37,93.814,51.9
24-10-2017,749.369995,1315.3,2567.25,2.421,93.661,52.47
25-10-2017,746.340027,1316.4,2558.5,2.435,93.577,52.18
26-10-2017,746.609985,1307,2561.5,2.463,94.509,52.64
27-10-2017,751.619995,1308.9,2578.5,2.416,94.822,53.9
30-10-2017,752.450012,1314.7,2568.25,2.37,94.454,54.15
31-10-2017,753.200012,1307.5,2572.75,2.377,94.429,54.38
01-11-2017,748.950012,1314.4,2574.75,2.372,94.709,54.3
02-11-2017,750.969971,1315.2,2576.75,2.349,94.588,54.54
03-11-2017,753.429993,1306.7,2582.75,2.333,94.858,55.64
06-11-2017,749.25,1319.3,2588.75,2.318,94.657,57.35
07-11-2017,758.919983,1313.4,2586.75,2.316,94.8,57.2
08-11-2017,759.590027,1321.8,2591,2.334,94.768,56.81
09-11-2017,759.469971,1326.3,2584,2.34,94.352,57.17
10-11-2017,756.950012,1313.5,2579.5,2.402,94.278,56.74
13-11-2017,765.390015,1318.6,2582,2.407,94.388,56.76
14-11-2017,774.469971,1322.4,2578,2.375,93.723,55.7
15-11-2017,767.219971,1316.9,2565,2.326,93.726,55.33
16-11-2017,764.190002,1317.6,2585,2.375,93.854,55.14
17-11-2017,758.080017,1336.2,2576.25,2.345,93.575,56.55
20-11-2017,755.960022,1315.4,2582,2.368,93.997,56.09
21-11-2017,757.969971,1322.5,2596.25,2.358,93.877,56.83
22-11-2017,757.72998,1333.1,2594.5,2.321,93.135,58.02
23-11-2017,,1291.66,2595,2.326,93.135,58.38
24-11-2017,759.070007,1328.3,2601,2.34,92.707,58.95
27-11-2017,762.539978,1335.4,2601.75,2.331,92.825,58.11
28-11-2017,766.059998,1335.7,2626,2.326,93.213,57.99
29-11-2017,767.549988,1323.1,2625,2.388,93.107,57.3
30-11-2017,770.390015,1314,2648,2.415,93.002,57.4
01-12-2017,767.159973,1319.5,2644,2.363,92.841,58.36
04-12-2017,762.719971,1314.7,2638.25,2.372,93.144,57.47
05-12-2017,750.619995,1301.8,2628.25,2.353,93.334,57.62
06-12-2017,753.130005,1302.9,2629.25,2.34,93.582,55.96
07-12-2017,755.179993,1289.7,2639.5,2.362,93.769,56.69
08-12-2017,757.690002,1284.8,2651,2.378,93.874,57.36
11-12-2017,762.590027,1283.5,2661.5,2.39,93.843,57.99
12-12-2017,748.309998,1278.4,2665,2.403,94.08,57.14
13-12-2017,750.5,1285.2,2666.5,2.348,93.419,56.6
14-12-2017,750.570007,1293.7,2653.25,2.349,93.479,57.04
15-12-2017,753.380005,1293.9,2669.02,2.351,93.929,57.3
18-12-2017,745.840027,1302.1,2694.5,2.394,93.52,57.16
19-12-2017,733.840027,1301.1,2684,2.459,93.027,57.46
20-12-2017,728.97998,1306.5,2681.5,2.497,92.891,58.09
21-12-2017,719.22998,1307.4,2687.75,2.484,92.862,58.36
22-12-2017,721.049988,1315.9,2686,2.485,92.924,58.47
25-12-2017,,1277.9,2688.25,2.492,,58.59
26-12-2017,717.030029,1324.6,2687,2.474,92.801,59.97
27-12-2017,720.409973,1328.4,2685.5,2.413,92.612,59.64
28-12-2017,723.890015,1334.9,2685.75,2.434,92.3,59.84
29-12-2017,723.369995,1347.4,2676,2.405,91.826,60.42
01-01-2018,,1308.7,2680.75,2.405,,60.24
02-01-2018,715.719971,1354.8,2693,2.462,91.573,60.37
03-01-2018,706.52002,1357.9,2711,2.445,91.896,61.63
04-01-2018,700.52002,1361.1,2723.75,2.453,91.581,62.01
05-01-2018,700.73999,1362.1,2742.5,2.476,91.673,61.44
08-01-2018,707.869995,1360.5,2746.75,2.48,92.1,61.73
09-01-2018,700.97998,1353.7,2752.25,2.551,92.26,62.96
10-01-2018,693.140015,1359.9,2750.5,2.559,92.07,63.57
11-01-2018,690.570007,1363,2769.5,2.537,91.608,63.8
12-01-2018,683.909973,1376.9,2788.75,2.55,90.735,64.3
14-01-2018,,1337.4,2795.5,,,64.28
15-01-2018,,1341.8,2793.75,2.552,90.735,64.73
16-01-2018,683.190002,1379.3,2782.5,2.539,90.146,63.73
17-01-2018,687.669983,1382.2,2803.75,2.587,90.313,63.97
18-01-2018,683.900024,1369.9,2796.25,2.624,90.297,63.95
19-01-2018,682.77002,1376.8,2811,2.661,90.37,63.37
22-01-2018,684.859985,1376.5,2835.25,2.656,90.191,63.49
23-01-2018,691.809998,1380.7,2839.5,2.617,89.915,64.47
24-01-2018,687,1401.6,2841,2.648,89.011,65.61
25-01-2018,696.52002,1408.4,2841.25,2.624,89.227,65.51
26-01-2018,699.099976,1397.4,2874.5,2.66,88.891,66.14
29-01-2018,691.109985,1384.9,2853.5,2.699,89.131,65.56
30-01-2018,691.710022,1379.8,2824.5,2.724,88.999,64.5
31-01-2018,699.25,1383,2825.75,2.712,88.954,64.73
01-02-2018,689.23999,1387.4,2822.5,2.782,88.505,65.8
02-02-2018,684.47998,1376.9,2756.75,2.841,89.036,65.45
05-02-2018,672.890015,1375.8,2607.75,2.709,89.405,64.15
06-02-2018,662.320007,1368.3,2694.25,2.805,89.451,63.39
07-02-2018,657.76001,1353.6,2668.25,2.834,90.118,61.79
08-02-2018,647.900024,1357.7,2593.5,2.828,90.116,61.15
09-02-2018,661.030029,1354,2619,2.857,90.334,59.2
12-02-2018,666.97998,1364.8,2655.25,2.858,90.096,59.29
13-02-2018,670.080017,1368.7,2661.75,2.833,89.592,59.19
14-02-2018,662.25,1396.8,2697,2.913,89.005,60.6
15-02-2018,675.719971,1395.4,2734,2.906,88.505,61.34
16-02-2018,681.119995,1396.7,2735,2.873,89.013,61.68
18-02-2018,,1350.5,2740.25,2.873,,61.72
19-02-2018,,1347.8,2730.75,2.889,89.013,62.38
20-02-2018,673.210022,1371.8,2714,2.891,89.636,61.9
21-02-2018,664.820007,1373.2,2698.75,2.952,89.913,61.68
22-02-2018,668.200012,1374,2711.5,2.919,89.656,62.77
23-02-2018,685.76001,1371.6,2748.75,2.866,89.808,63.55
26-02-2018,683.72998,1375.2,2784.5,2.864,89.79,63.91
27-02-2018,672.02002,1361.7,2747.5,2.901,90.28,63.01
28-02-2018,668.809998,1361,2714.5,2.864,90.551,61.64
01-03-2018,668.75,1347.8,2678.25,2.811,90.281,60.99
02-03-2018,665.849976,1366,2690.25,2.868,89.906,61.25
05-03-2018,677.909973,1362.3,2718.5,2.883,90.041,62.57
06-03-2018,669.679993,1377.6,2724,2.886,89.59,62.6
07-03-2018,664.799988,1369.6,2723.25,2.881,89.607,61.15
08-03-2018,669.880005,1364.1,2739.25,2.857,90.156,60.12
09-03-2018,672.280029,1366.6,2784,2.896,90.065,62.04
12-03-2018,675.340027,1363.3,2784,2.866,89.867,61.36
13-03-2018,677.619995,1369.8,2768.5,2.844,89.643,60.71
14-03-2018,684.719971,1368.2,2749.75,2.819,89.687,60.96
15-03-2018,684.22998,1360.2,2751.5,2.826,90.126,61.19
16-03-2018,691.820007,1354.8,2751.83,2.845,90.212,62.34
19-03-2018,686.309998,1360.2,2722.75,2.856,89.983,62.06
20-03-2018,682.940002,1354.6,2723.5,2.9,89.954,63.4
21-03-2018,679.559998,1365,2718.25,2.881,89.369,65.17
22-03-2018,683.150024,1370.6,2643.25,2.823,89.473,64.3
23-03-2018,673.679993,1393.4,2597.75,2.813,89.033,65.88
26-03-2018,680.169983,1399,2659.5,2.852,88.604,65.55
27-03-2018,689.72998,1385.8,2615.75,2.775,88.983,65.25
28-03-2018,688.630005,1367.8,2607.5,2.783,89.719,64.38
29-03-2018,692.630005,1364.9,2643,2.741,89.812,64.94
02-04-2018,686.97998,1384.7,2575,2.733,89.706,63.01
03-04-2018,689.01001,1375.4,2613.25,2.781,89.859,63.51
04-04-2018,690.650024,1378.2,2647,2.808,89.783,63.37
05-04-2018,696.429993,1366.6,2661.75,2.834,90.154,63.54
06-04-2018,691.590027,1374.4,2605.75,2.775,89.782,62.06
09-04-2018,692.289978,1378.1,2619,2.781,89.534,63.42
10-04-2018,687.789978,1384,2655,2.801,89.28,65.51
11-04-2018,686.679993,1398.5,2641,2.779,89.253,66.82
12-04-2018,678.159973,1380.1,2664,2.843,89.456,67.07
13-04-2018,682.780029,1386.4,2657.25,2.825,89.503,67.39
16-04-2018,692.359985,1389.1,2681.75,2.829,89.135,66.22
17-04-2018,700.23999,1387.8,2706.5,2.83,89.228,66.52
18-04-2018,697.820007,1392,2709.75,2.875,89.347,68.47
19-04-2018,697.099976,1387.3,2693,2.913,89.695,68.29
20-04-2018,691.140015,1376.7,2671.5,2.96,90.075,68.38
23-04-2018,691.340027,1362.5,2671.25,2.977,90.705,68.64
24-04-2018,695.409973,1371.6,2635.25,2.999,90.537,67.7
25-04-2018,694.929993,1361.4,2644.5,3.031,90.953,68.05
26-04-2018,702.299988,1356.5,2674.5,2.983,91.365,68.19
27-04-2018,708.679993,1362.1,2671.5,2.959,91.343,68.1
30-04-2018,707.01001,1357.6,2647,2.955,91.63,68.57
01-05-2018,705.22998,1344.9,2652.25,2.968,92.255,67.25
02-05-2018,703.590027,1343.8,2627.5,2.976,92.339,67.93
03-05-2018,700.940002,1350.9,2631.75,2.948,92.251,68.43
04-05-2018,704.380005,1353.2,2663,2.951,92.408,69.72
07-05-2018,700.340027,1352.7,2670,2.952,92.592,70.73
08-05-2018,683.77002,1352.3,2670.25,2.972,92.958,69.06
09-05-2018,678.619995,1351.5,2696,3.006,92.884,71.14
10-05-2018,687.880005,1360.7,2718.75,2.964,92.516,71.36
11-05-2018,689.48999,1359.1,2729.5,2.97,92.411,70.7
14-05-2018,686.590027,1356.4,2731,3.002,92.462,70.96
15-05-2018,680.169983,1328.4,2709,3.072,93.093,71.31
16-05-2018,674.049988,1329.8,2723,3.104,93.281,71.49
17-05-2018,668.559998,1327.6,2718.75,3.115,93.375,71.49
18-05-2018,667.789978,1328.9,2713,3.06,93.544,71.28
21-05-2018,672.859985,1328.6,2733,3.058,93.581,72.24
22-05-2018,674.719971,1329.8,2726,3.063,93.526,72.13
23-05-2018,680.679993,1327.2,2730.75,2.994,93.918,71.84
24-05-2018,685.619995,1342.1,2727.5,2.977,93.701,70.71
25-05-2018,689.669983,1341.1,2718.25,2.931,94.13,67.88
27-05-2018,,1298.3,2729.5,,,67.36
28-05-2018,,1297.6,2722,2.898,94.13,67.05
29-05-2018,690.070007,1335.6,2692.25,2.79,94.789,66.73
30-05-2018,694.669983,1338.2,2724.5,2.857,94.115,68.21
31-05-2018,695.210022,1336.3,2705.5,2.86,93.959,67.04
01-06-2018,684.73999,1331.2,2733.75,2.902,94.169,65.81
04-06-2018,679.450012,1329.1,2745.5,2.944,93.986,64.75
05-06-2018,674.460022,1333.9,2751.5,2.926,93.871,65.52
06-06-2018,660.539978,1333,2772.25,2.974,93.634,64.73
07-06-2018,664.090027,1334.2,2772.25,2.922,93.376,65.95
08-06-2018,663.960022,1334.3,2778.75,2.948,93.537,65.74
11-06-2018,656.929993,1335.2,2783,2.952,93.56,66.1
12-06-2018,665.650024,1331.4,2784,2.965,93.801,66.36
13-06-2018,664.599976,1333.3,2774.25,2.974,93.699,66.64
14-06-2018,673.299988,1340.3,2783.25,2.935,94.776,66.89
15-06-2018,678.309998,1309.7,2776.85,2.922,94.782,65.06
18-06-2018,680.559998,1311.4,2779.75,2.917,94.858,65.85
19-06-2018,687.960022,1309.7,2766.25,2.897,94.729,65.07
20-06-2018,688.380005,1305.5,2772,2.937,94.716,66.22
21-06-2018,690.619995,1301.1,2752.5,2.899,94.404,65.54
22-06-2018,696.599976,1301.4,2759.5,2.895,94.18,68.58
25-06-2018,707.869995,1299.6,2722.25,2.882,93.939,68.08
26-06-2018,707.940002,1290.4,2728.5,2.877,94.346,70.53
27-06-2018,712.51001,1286.5,2705,2.827,94.969,72.76
28-06-2018,712.099976,1281,2719.5,2.84,95.096,73.45
29-06-2018,711.640015,1284.6,2721.5,2.86,94.349,74.15
02-07-2018,717.640015,1270.9,2727.25,2.871,94.779,73.94
03-07-2018,719.440002,1283,2713.25,2.833,94.412,74.14
04-07-2018,,1258.1,2719.75,2.842,94.412,74.13
05-07-2018,723.530029,1288.1,2738.5,2.833,94.223,72.94
06-07-2018,729.369995,1285.3,2763,2.824,93.769,73.8
09-07-2018,706.929993,1289.3,2787.5,2.858,93.807,73.85
10-07-2018,713.75,1285.5,2796.75,2.867,93.889,74.11
11-07-2018,720.559998,1273.9,2774,2.84,94.486,70.38
12-07-2018,720.880005,1275.8,2798.5,2.849,94.564,70.33
13-07-2018,721.869995,1270.2,2803.25,2.829,94.5,71.01
16-07-2018,721.049988,1268.6,2796.5,2.856,94.272,68.06
17-07-2018,720.820007,1255.8,2811.25,2.86,94.704,68.08
18-07-2018,717.599976,1256.3,2816,2.875,94.811,68.76
19-07-2018,723.960022,1251.7,2805.25,2.838,94.942,69.46
20-07-2018,718.200012,1258.1,2800.75,2.895,94.226,70.46
23-07-2018,713.799988,1252.1,2812,2.96,94.44,67.89
24-07-2018,716.609985,1252.2,2821,2.95,94.388,68.52
25-07-2018,717.070007,1258.4,2841.25,2.973,94.129,69.3
26-07-2018,725.380005,1252.7,2842.5,2.982,94.544,69.61
27-07-2018,721.599976,1250.1,2817.5,2.958,94.46,68.69
30-07-2018,717.02002,1248.7,2803.25,2.975,94.111,70.13
31-07-2018,724.23999,1250.9,2817,2.962,94.275,68.76
01-08-2018,717.799988,1245.1,2810.75,3.005,94.428,67.66
02-08-2018,721.940002,1237.4,2828.5,2.986,94.987,68.96
03-08-2018,728.809998,1240.6,2839.5,2.951,94.961,68.49
06-08-2018,730.169983,1235.1,2850,2.945,95.187,69.01
07-08-2018,727.849976,1235.6,2859.75,2.977,95.046,69.17
08-08-2018,724.890015,1238.3,2855.25,2.964,94.89,66.94
09-08-2018,727.450012,1237.3,2853.75,2.929,95.355,66.81
10-08-2018,723.51001,1236.4,2836.75,2.873,96.218,67.63
13-08-2018,724.469971,1216,2825.5,2.877,96.251,67.2
14-08-2018,725.679993,1217.8,2841,2.9,96.605,67.04
15-08-2018,732.320007,1201.9,2821.25,2.864,96.577,65.01
16-08-2018,741.02002,1200.9,2844.75,2.87,96.536,65.46
17-08-2018,743.960022,1201.1,2852.25,2.864,95.981,65.91
20-08-2018,740.030029,1211.5,2858.5,2.819,95.789,66.43
21-08-2018,734.719971,1216.9,2861.75,2.842,95.15,67.35
22-08-2018,729.140015,1220.2,2861.25,2.821,95.051,67.86
23-08-2018,728.77002,1210.8,2858,2.828,95.583,67.83
24-08-2018,731.080017,1230.3,2876.75,2.813,95.063,68.72
27-08-2018,727.210022,1233.1,2898.5,2.846,94.684,68.87
28-08-2018,725.710022,1231.4,2899.25,2.884,94.635,68.53
29-08-2018,729.969971,1228.4,2914.75,2.886,94.522,69.51
30-08-2018,729.789978,1221.7,2902,2.859,94.679,70.25
31-08-2018,726.409973,1223.4,2902,2.86,95.083,69.8
02-09-2018,,1204.9,2906.5,,,69.92
03-09-2018,,1206.3,2906.25,2.862,95.083,70.12
04-09-2018,730.900024,1215.8,2898.25,2.898,95.38,69.87
05-09-2018,739.619995,1218.3,2888.25,2.904,95.124,68.72
06-09-2018,741.900024,1221.4,2879,2.878,94.988,67.77
07-09-2018,733.599976,1217.6,2874.75,2.939,95.329,67.75
10-09-2018,737.530029,1217.1,2880.25,2.935,95.11,67.54
11-09-2018,735.630005,1219.5,2889.75,2.981,95.225,69.25
12-09-2018,735.099976,1228.4,2888.5,2.965,94.768,70.37
13-09-2018,741.960022,1225.7,2905.25,2.974,94.517,68.59
14-09-2018,736.880005,1218.4,2906.25,2.999,94.925,68.99
17-09-2018,739.5,1223,2891,2.994,94.486,68.91
18-09-2018,738.390015,1220.1,2906.5,3.057,94.227,69.85
19-09-2018,723.030029,1225.7,2910,3.066,94.119,71.12
20-09-2018,724.76001,1228.6,2934,3.064,93.491,70.8
21-09-2018,727.159973,1218.6,2940.45,3.067,93.798,70.78
24-09-2018,720.52002,1221.7,2925.5,3.089,93.775,72.08
25-09-2018,711.830017,1222.4,2921.25,3.098,93.711,72.28
26-09-2018,704.039978,1216.1,2911.5,3.048,93.773,71.57
27-09-2018,710.25,1204.3,2920,3.055,94.524,72.12
28-09-2018,720.599976,1213.2,2919,3.065,94.737,73.25
01-10-2018,717.840027,1208.9,2930,3.086,94.929,75.3
02-10-2018,727.359985,1224.4,2928.5,3.061,95.14,75.23
03-10-2018,719.169983,1220.4,2931.5,3.181,95.406,76.41
04-10-2018,722.559998,1219.2,2907.75,3.187,95.412,74.33
05-10-2018,733.72998,1223.6,2894,3.233,95.305,74.34
08-10-2018,739.559998,1206.6,2893.75,3.231,95.436,74.29
09-10-2018,742.97998,1209.5,2888.25,3.206,95.346,74.96
10-10-2018,739.539978,1211.3,2781,3.174,95.177,73.17
11-10-2018,723.369995,1246,2745.5,3.146,94.706,70.97
12-10-2018,723.609985,1240,2768.5,3.167,94.911,71.34
15-10-2018,726.349976,1248.4,2749,3.156,94.754,71.78
16-10-2018,734.969971,1248.9,2817.75,3.163,94.748,71.92
17-10-2018,733.530029,1245.2,2816.25,3.207,95.297,69.75
18-10-2018,734.830017,1248.2,2772.25,3.177,95.638,68.65
19-10-2018,746.299988,1246.9,2767.5,3.196,95.443,69.12
22-10-2018,742.02002,1242.8,2756.5,3.2,95.749,69.17
23-10-2018,737.039978,1255.2,2746.25,3.171,95.713,66.43
24-10-2018,753.650024,1249.4,2664.25,3.111,96.182,66.82
25-10-2018,742.369995,1250.7,2688.25,3.126,96.455,67.33
26-10-2018,729.719971,1254.1,2669.5,3.077,96.128,67.59
29-10-2018,740.23999,1245.8,2643.5,3.089,96.35,67.04
30-10-2018,742.580017,1243.5,2685.25,3.119,96.791,66.18
31-10-2018,733.840027,1233,2711,3.149,96.901,65.31
01-11-2018,729.109985,1257,2738,3.134,96.081,63.69
02-11-2018,724.849976,1251.6,2724.25,3.22,96.343,63.14
05-11-2018,734.799988,1250.8,2739.5,3.201,96.083,63.1
06-11-2018,740.150024,1244.8,2759,3.231,96.117,62.21
07-11-2018,747.099976,1247.2,2816.5,3.237,95.807,61.67
08-11-2018,743.72998,1243.7,2808.75,3.239,96.55,60.67
09-11-2018,738.22998,1227,2779,3.186,96.734,60.19
12-11-2018,733.039978,1221.6,2727.75,3.151,97.382,59.93
13-11-2018,735.25,1219.8,2727.5,3.142,97.144,55.69
14-11-2018,724.570007,1228.4,2698.5,3.127,96.659,56.25
15-11-2018,715.02002,1233.6,2734.5,3.11,96.791,56.46
16-11-2018,729.429993,1241.2,2743,3.065,96.333,56.46
19-11-2018,732.289978,1243.3,2696.25,3.063,96.066,56.76
20-11-2018,727.650024,1239.2,2640,3.061,96.716,53.43
21-11-2018,718.690002,1245.9,2649,3.065,96.585,54.63
22-11-2018,,1228,2641.5,3.065,96.585,54.02
23-11-2018,719.630005,1241.4,2629.5,3.046,96.825,50.42
26-11-2018,723.840027,1240.9,2670,3.059,96.979,51.63
27-11-2018,730.48999,1231.8,2683.5,3.059,97.28,51.56
28-11-2018,730.090027,1241.7,2741.5,3.061,96.681,50.29
29-11-2018,729.080017,1242.3,2744.25,3.032,96.699,51.45
30-11-2018,741.919983,1237.9,2758.25,2.993,97.196,50.93
03-12-2018,748.559998,1251.6,2790.75,2.966,96.969,52.95
04-12-2018,749.840027,1258.8,2701.75,2.915,96.902,53.25
05-12-2018,,1254.8,2701.75,2.917,97.01,52.89
06-12-2018,749.340027,1255.9,2691,2.892,96.764,51.49
07-12-2018,753.51001,1265.1,2636,2.858,96.476,52.61
10-12-2018,755.48999,1261.9,2643,2.863,97.183,51
11-12-2018,756.940002,1259.7,2641.25,2.879,97.358,51.65
12-12-2018,753.539978,1262.6,2652.5,2.911,97.018,51.15
13-12-2018,759.549988,1260,2645.5,2.913,97.056,52.58
14-12-2018,757.849976,1253.9,2602,2.895,97.43,51.2
17-12-2018,732.210022,1264.4,2552.5,2.857,97.175,49.88
18-12-2018,728.049988,1266.1,2535.75,2.823,96.57,46.24
19-12-2018,726.76001,1268.9,2503.25,2.762,96.484,47.2
20-12-2018,729.419983,1280.5,2485.75,2.808,95.728,45.88
21-12-2018,722.380005,1270.5,2458.9,2.788,96.455,45.59
24-12-2018,692,1284.3,2341.75,2.736,96.007,42.53
25-12-2018,,1270.75,2345.62,2.751,,43.16
26-12-2018,703.51001,1285.5,2471,2.81,96.568,46.22
27-12-2018,710.890015,1293.8,2495,2.774,96.001,44.61
28-12-2018,711.940002,1295.7,2486,2.716,95.965,45.33
31-12-2018,712.929993,1294.2,2505.25,2.686,95.735,45.41
01-01-2019,,1283.35,2517,2.686,,45.89
02-01-2019,701.039978,1296.9,2511,2.633,96.423,46.54
03-01-2019,701.549988,1307.7,2447.75,2.552,95.878,47.09
04-01-2019,711.909973,1298.7,2531.25,2.668,95.75,47.96
07-01-2019,704.450012,1302.9,2550.5,2.698,95.228,48.52
08-01-2019,711.429993,1298.8,2572.5,2.73,95.479,49.78
09-01-2019,707.289978,1304.9,2582.5,2.712,94.79,52.36
10-01-2019,717.039978,1300.5,2594,2.746,95.12,52.59
11-01-2019,713.859985,1302.7,2595,2.699,95.266,51.59
14-01-2019,695.080017,1304.6,2580.5,2.706,95.207,50.51
15-01-2019,701.690002,1301.3,2605.5,2.718,95.675,52.11
16-01-2019,702.940002,1306.6,2613.25,2.727,95.677,52.31
17-01-2019,705.469971,1305,2635.25,2.75,95.713,52.07
18-01-2019,706.650024,1295.2,2671.5,2.788,95.993,53.8
20-01-2019,,1282.05,2668.38,,,53.65
21-01-2019,,1279.05,2663.25,2.773,95.993,54.24
22-01-2019,707.809998,1295.9,2632,2.741,95.959,52.57
23-01-2019,714.969971,1296.7,2638.25,2.75,95.772,52.62
24-01-2019,717.960022,1292.3,2634,2.716,96.297,53.13
25-01-2019,708.200012,1310.6,2663.5,2.759,95.465,53.69
28-01-2019,704.51001,1315.9,2642,2.748,95.424,51.99
29-01-2019,707.150024,1321.7,2640.25,2.71,95.516,53.31
30-01-2019,712.099976,1321.9,2682.5,2.678,95.031,54.23
31-01-2019,727.25,1331.6,2704.5,2.633,95.304,53.79
01-02-2019,724.659973,1328.6,2704.25,2.684,95.3,55.26
04-02-2019,726.320007,1325.8,2721.25,2.725,95.57,54.56
05-02-2019,727.23999,1325.8,2731,2.704,95.817,53.66
06-02-2019,726.299988,1320.9,2729.5,2.7,96.152,54.01
07-02-2019,736,1320.7,2704,2.657,96.289,52.64
08-02-2019,739.859985,1325,2706.25,2.634,96.416,52.72
11-02-2019,737.690002,1318.4,2708.25,2.654,96.857,52.41
12-02-2019,739.23999,1320.4,2744.75,2.686,96.503,53.1
13-02-2019,737.340027,1321.6,2749.5,2.709,96.938,53.9
14-02-2019,735.429993,1320.4,2743.5,2.655,96.805,54.41
15-02-2019,738.52002,1328.5,2777,2.664,96.74,55.59
17-02-2019,,1324.25,2778.62,,,56.33
18-02-2019,,1329.55,2775.88,2.673,96.74,56.27
19-02-2019,743.200012,1351.3,2778.75,2.636,96.349,56.09
20-02-2019,745.940002,1354.4,2787,2.648,96.294,56.92
21-02-2019,750.950012,1334.3,2774.25,2.695,96.463,56.96
22-02-2019,757.23999,1339.4,2791.25,2.654,96.367,57.26
25-02-2019,753.049988,1336.1,2797,2.668,96.271,55.48
26-02-2019,753.289978,1335.2,2791.5,2.638,95.865,55.5
27-02-2019,754.710022,1327.9,2795,2.686,96.038,56.94
28-02-2019,756.340027,1322.7,2784.75,2.717,96.043,57.22
01-03-2019,759.159973,1305.8,2805,2.759,96.45,55.8
04-03-2019,761.440002,1294,2791.5,2.724,96.61,56.59
05-03-2019,760.330017,1291.2,2791.5,2.719,96.795,56.56
06-03-2019,760.090027,1294.2,2771.5,2.693,96.799,56.22
07-03-2019,762.380005,1292.8,2750,2.641,97.628,56.66
08-03-2019,765.299988,1306,2747,2.63,97.269,56.07
11-03-2019,771.109985,1297.6,2784,2.641,97.174,56.79
12-03-2019,776.349976,1304.5,2792,2.6,96.899,56.87
13-03-2019,777.22998,1315.8,2814.5,2.625,96.512,58.26
14-03-2019,776.630005,1301.4,2807.25,2.63,96.769,58.61
15-03-2019,779.359985,1308.9,2811.89,2.591,96.59,58.52
18-03-2019,776.77002,1307.7,2840.5,2.605,96.516,59.09
19-03-2019,768.200012,1312.7,2836.5,2.618,95.831,59.03
20-03-2019,770.919983,1307.8,2827,2.525,95.201,59.83
21-03-2019,779.349976,1313.6,2862.5,2.539,95.987,59.98
22-03-2019,784.26001,1318.7,2810.75,2.437,96.151,59.04
25-03-2019,784,1329,2807,2.405,96.068,58.82
26-03-2019,789.51001,1321.4,2823,2.425,96.225,59.94
27-03-2019,783.73999,1316.9,2810.5,2.381,96.283,59.41
28-03-2019,774.059998,1295.3,2821,2.391,96.764,59.3
29-03-2019,778.719971,1298.5,2837.75,2.407,96.845,60.14
01-04-2019,774.450012,1294.2,2870.5,2.503,96.799,61.59
02-04-2019,775.440002,1295.4,2867,2.472,96.923,62.58
03-04-2019,774.849976,1295.3,2879.75,2.528,96.662,62.46
04-04-2019,772.349976,1294.3,2882.75,2.513,96.925,62.1
05-04-2019,780.289978,1295.6,2896,2.499,97.002,63.08
08-04-2019,774.799988,1301.9,2898.25,2.52,96.65,64.4
09-04-2019,776.219971,1308.3,2882.5,2.502,96.611,63.98
10-04-2019,773.51001,1313.9,2894.5,2.465,96.558,64.61
11-04-2019,777.469971,1293.3,2891.75,2.499,96.809,63.58
12-04-2019,783.559998,1295.2,2912.5,2.562,96.598,63.89
15-04-2019,782.090027,1291.3,2909.5,2.556,96.556,63.4
16-04-2019,771.690002,1277.2,2911.5,2.592,96.652,64.05
17-04-2019,770.580017,1276.8,2900.5,2.594,96.658,63.76
18-04-2019,772.130005,1276,2910,2.56,97.151,64
22-04-2019,770.940002,1277.6,2912.5,2.587,96.955,65.7
23-04-2019,772.929993,1273.2,2938,2.569,97.32,66.3
24-04-2019,776.849976,1279.4,2930.75,2.518,97.855,65.89
25-04-2019,780.380005,1279.7,2926.25,2.534,97.919,65.21
26-04-2019,782.52002,1288.8,2941.5,2.5,97.726,63.3
29-04-2019,777.469971,1281.5,2943,2.527,97.581,63.5
30-04-2019,790,1285.7,2948.5,2.504,97.201,63.91
01-05-2019,780.390015,1284.2,2923,2.502,97.41,63.6
02-05-2019,777.969971,1272,2917.5,2.545,97.586,61.81
03-05-2019,783.099976,1281.3,2947.5,2.53,97.26,61.94
06-05-2019,778.02002,1283.8,2932.5,2.5,97.268,62.25
07-05-2019,775.140015,1285.6,2890.75,2.448,97.399,61.4
08-05-2019,765.940002,1281.4,2887.25,2.485,97.388,62.12
09-05-2019,765.099976,1285.2,2872.75,2.453,97.164,61.7
10-05-2019,777.460022,1287.4,2887,2.473,97.125,61.66
13-05-2019,786.630005,1301.8,2807,2.403,97.12,61.04
14-05-2019,780.77002,1296.3,2839.25,2.414,97.322,61.78
15-05-2019,780.909973,1297.8,2855,2.377,97.376,62.02
16-05-2019,786.320007,1286.2,2878.5,2.394,97.678,62.87
17-05-2019,790.22998,1275.7,2862,2.393,97.824,62.76
20-05-2019,791.190002,1277.3,2844,2.419,97.764,63.1
21-05-2019,791.929993,1273.2,2866,2.428,97.896,62.99
22-05-2019,800.52002,1274.2,2857.5,2.38,97.881,61.42
23-05-2019,807.219971,1285.4,2819.5,2.322,97.723,57.91
24-05-2019,804.710022,1283.6,2831.75,2.324,97.477,58.63
26-05-2019,,1284.15,2830.62,,,58.77
27-05-2019,,1284.95,2833.25,2.31,97.477,59.16
28-05-2019,791.960022,1277.1,2805,2.268,97.842,59.14
29-05-2019,781.830017,1281,2780,2.262,98.035,58.81
30-05-2019,781.599976,1287.1,2790.5,2.217,98.053,56.59
31-05-2019,784.429993,1305.8,2752.5,2.133,97.666,53.5
03-06-2019,791.77002,1322.7,2749.5,2.075,97.06,53.25
04-06-2019,793.179993,1323.4,2805,2.121,96.999,53.48
05-06-2019,810.150024,1328.3,2827.75,2.131,97.251,51.68
06-06-2019,812.909973,1337.6,2845.75,2.121,96.997,52.59
07-06-2019,806.599976,1341.2,2875,2.084,96.49,53.99
09-06-2019,,1338.95,2887.38,2.121,,54.44
10-06-2019,,1331.05,2888.12,2.15,96.833,54.28
11-06-2019,796.4600219726562,1326.4000244140625,2885.719970703125,2.140000104904175,96.69000244140625,53.3
12-06-2019,805.780029296875,1331.9000244140625,2879.840087890625,2.127000093460083,97.0,51.13
13-06-2019,807.5800170898438,1339.199951171875,2891.639892578125,2.0910000801086426,97.01000213623047,52.38
14-06-2019,815.5499877929688,1340.0999755859375,2886.97998046875,2.0929999351501465,97.56999969482422,52.47
17-06-2019,814.0499877929688,1338.699951171875,2889.669921875,2.0859999656677246,97.55999755859375,51.94
18-06-2019,810.760009765625,1346.5999755859375,2917.75,2.059999942779541,97.63999938964844,53.86
19-06-2019,817.6799926757812,1344.5999755859375,2926.4599609375,2.0290000438690186,97.12000274658203,53.74
20-06-2019,821.8800048828125,1392.9000244140625,2954.179931640625,2.000999927520752,96.62999725341797,56.88
21-06-2019,826.3300170898438,1396.199951171875,2950.4599609375,2.068000078201294,96.22000122070312,57.35
24-06-2019,827.3900146484375,1414.300048828125,2945.35009765625,2.0209999084472656,95.9800033569336,57.73
25-06-2019,821.4000244140625,1414.9000244140625,2917.3798828125,1.99399995803833,96.16000366210938,57.63
26-06-2019,804.6599731445312,1411.5999755859375,2913.780029296875,2.0490000247955322,96.20999908447266,59.17
27-06-2019,805.3499755859375,1408.4000244140625,2924.919921875,2.005000114440918,96.19000244140625,59.18
28-06-2019,810.6599731445312,1409.699951171875,2941.760009765625,2.0,96.12999725341797,58.2
01-07-2019,807.77001953125,1385.5999755859375,2964.330078125,2.0339999198913574,96.83999633789062,58.91
02-07-2019,818.0,1404.5999755859375,2973.010009765625,1.9759999513626099,96.7300033569336,56.0
03-07-2019,824.1300048828125,1417.699951171875,2995.820068359375,1.9529999494552612,96.7699966430664,57.06
04-07-2019,824.1300048828125,1417.699951171875,2995.820068359375,1.9529999494552612,96.7699966430664,57.06
05-07-2019,822.489990234375,1396.699951171875,2990.409912109375,2.0480000972747803,97.25,57.06
08-07-2019,824.52001953125,1397.0,2975.949951171875,2.0339999198913574,97.37999725341797,57.35
09-07-2019,825.3200073242188,1397.5,2979.6298828125,2.053999900817871,97.48999786376953,57.57
10-07-2019,828.0900268554688,1410.0999755859375,2993.070068359375,2.061000108718872,97.0999984741211,60.28
11-07-2019,828.530029296875,1404.300048828125,2999.909912109375,2.119999885559082,97.05000305175781,59.93
12-07-2019,824.2999877929688,1409.9000244140625,3013.77001953125,2.1059999465942383,96.80999755859375,59.99
15-07-2019,826.25,1411.4000244140625,3014.300048828125,2.0920000076293945,96.93000030517578,59.3
16-07-2019,821.469970703125,1409.199951171875,3004.0400390625,2.121999979019165,97.4000015258789,57.44
17-07-2019,824.5800170898438,1421.300048828125,2984.419921875,2.061000108718872,97.22000122070312,56.5
18-07-2019,831.3300170898438,1426.0999755859375,2995.110107421875,2.0380001068115234,96.79000091552734,55.08
19-07-2019,820.0800170898438,1425.0999755859375,2976.610107421875,2.0480000972747803,97.1500015258789,55.42
22-07-2019,818.5800170898438,1425.300048828125,2985.030029296875,2.0429999828338623,97.26000213623047,55.87
23-07-2019,813.0700073242188,1420.0999755859375,3005.469970703125,2.0739998817443848,97.70999908447266,56.58
24-07-2019,815.0599975585938,1422.800048828125,3019.56005859375,2.049999952316284,97.7300033569336,55.9
25-07-2019,812.3300170898438,1413.9000244140625,3003.669921875,2.0739998817443848,97.81999969482422,55.88
26-07-2019,815.760009765625,1418.5,3025.860107421875,2.0810000896453857,98.01000213623047,56.04
29-07-2019,818.8599853515625,1419.5999755859375,3020.969970703125,2.055000066757202,98.04000091552734,56.85
30-07-2019,811.6500244140625,1429.699951171875,3013.179931640625,2.061000108718872,98.05000305175781,58.04
31-07-2019,808.9400024414062,1426.0999755859375,2980.3798828125,2.0209999084472656,98.5199966430664,58.53
01-08-2019,816.5700073242188,1420.9000244140625,2953.56005859375,1.8940000534057617,98.38999938964844,53.64
02-08-2019,817.8699951171875,1445.5999755859375,2932.050048828125,1.8550000190734863,98.0999984741211,55.67
05-08-2019,803.2899780273438,1464.5999755859375,2844.739990234375,1.7350000143051147,97.5,54.63
06-08-2019,814.219970703125,1472.4000244140625,2881.77001953125,1.7389999628067017,97.62999725341797,53.6
07-08-2019,817.239990234375,1507.300048828125,2883.97998046875,1.684000015258789,97.54000091552734,51.14
08-08-2019,825.02001953125,1497.699951171875,2938.090087890625,1.715999960899353,97.62000274658203,52.6
09-08-2019,826.2999877929688,1496.5999755859375,2918.64990234375,1.7339999675750732,97.48999786376953,54.41
12-08-2019,824.9600219726562,1505.300048828125,2882.699951171875,1.6390000581741333,97.37999725341797,54.98
13-08-2019,825.239990234375,1502.199951171875,2926.320068359375,1.6799999475479126,97.80999755859375,57.05
14-08-2019,818.2100219726562,1515.9000244140625,2840.60009765625,1.5809999704360962,97.98999786376953,55.16
15-08-2019,828.6599731445312,1519.5999755859375,2847.60009765625,1.5290000438690186,98.13999938964844,54.51
16-08-2019,831.219970703125,1512.5,2888.679931640625,1.5390000343322754,98.13999938964844,54.83
19-08-2019,836.4000244140625,1500.4000244140625,2923.64990234375,1.5980000495910645,98.3499984741211,56.24
20-08-2019,834.4500122070312,1504.5999755859375,2900.510009765625,1.5609999895095825,98.19000244140625,56.18
21-08-2019,840.0999755859375,1504.5999755859375,2924.429931640625,1.5770000219345093,98.30000305175781,55.65
22-08-2019,840.3900146484375,1497.300048828125,2922.949951171875,1.6100000143051147,98.16999816894531,55.33
23-08-2019,832.030029296875,1526.5999755859375,2847.110107421875,1.527999997138977,97.63999938964844,54.08
26-08-2019,842.4000244140625,1526.300048828125,2878.3798828125,1.5449999570846558,98.08000183105469,53.54
27-08-2019,843.1300048828125,1541.0,2869.159912109375,1.4900000095367432,98.0,54.99
28-08-2019,840.469970703125,1537.800048828125,2887.93994140625,1.465999960899353,98.20999908447266,55.76
29-08-2019,845.280029296875,1526.5,2924.580078125,1.5160000324249268,98.51000213623047,56.67
30-08-2019,845.52001953125,1519.0999755859375,2926.4599609375,1.50600004196167,98.91999816894531,55.07
02-09-2019,845.52001953125,1519.0999755859375,2926.4599609375,1.50600004196167,98.91999816894531,55.07
03-09-2019,860.8499755859375,1545.9000244140625,2906.27001953125,1.465999960899353,98.94999694824219,53.91
04-09-2019,860.9199829101562,1550.300048828125,2937.780029296875,1.4589999914169312,98.44999694824219,56.22
05-09-2019,849.4500122070312,1515.4000244140625,2976.0,1.565000057220459,98.41000366210938,56.33
06-09-2019,848.2999877929688,1506.199951171875,2978.7099609375,1.5499999523162842,98.38999938964844,56.45
09-09-2019,844.3400268554688,1502.199951171875,2978.429931640625,1.621999979019165,98.27999877929688,57.88
10-09-2019,844.4500122070312,1490.300048828125,2979.389892578125,1.7020000219345093,98.33000183105469,57.37
11-09-2019,852.3599853515625,1494.4000244140625,3000.929931640625,1.7330000400543213,98.6500015258789,55.66
12-09-2019,853.1099853515625,1498.699951171875,3009.570068359375,1.7910000085830688,98.30999755859375,55.13
13-09-2019,846.989990234375,1490.9000244140625,3007.389892578125,1.902999997138977,98.26000213623047,54.76
16-09-2019,846.5599975585938,1503.0999755859375,2997.9599609375,1.840999960899353,98.6500015258789,63.1
17-09-2019,854.3200073242188,1505.0999755859375,3005.699951171875,1.812000036239624,98.26000213623047,59.26
18-09-2019,856.2000122070312,1507.5,3006.72998046875,1.7860000133514404,98.5999984741211,58.19
19-09-2019,859.6900024414062,1498.4000244140625,3006.7900390625,1.7740000486373901,98.2699966430664,58.19
20-09-2019,862.9000244140625,1507.300048828125,2992.070068359375,1.7549999952316284,98.51000213623047,57.92
23-09-2019,864.3300170898438,1523.699951171875,2991.780029296875,1.7079999446868896,98.5999984741211,58.69
24-09-2019,874.739990234375,1532.0999755859375,2966.60009765625,1.6349999904632568,98.33999633789062,57.22
25-09-2019,874.47998046875,1504.5999755859375,2984.8701171875,1.7319999933242798,99.04000091552734,56.38
26-09-2019,879.1099853515625,1507.5,2977.6201171875,1.684999942779541,99.20999908447266,56.24
27-09-2019,876.4600219726562,1499.0999755859375,2961.7900390625,1.6749999523162842,99.11000061035156,55.95
30-09-2019,878.6599731445312,1465.699951171875,2976.739990234375,1.6749999523162842,99.37999725341797,54.09
01-10-2019,874.260009765625,1482.0,2940.25,1.6440000534057617,99.12999725341797,53.6
02-10-2019,864.0999755859375,1501.0,2887.610107421875,1.5959999561309814,99.04000091552734,52.67
03-10-2019,867.4500122070312,1507.0999755859375,2910.6298828125,1.5360000133514404,98.86000061035156,52.41
04-10-2019,880.5,1506.199951171875,2952.010009765625,1.5149999856948853,98.80999755859375,52.84
07-10-2019,876.219970703125,1497.699951171875,2938.7900390625,1.5529999732971191,98.98999786376953,52.76
08-10-2019,868.1699829101562,1497.199951171875,2893.06005859375,1.5369999408721924,99.13999938964844,52.64
09-10-2019,873.469970703125,1506.0999755859375,2919.39990234375,1.5889999866485596,99.12000274658203,52.63
10-10-2019,872.2000122070312,1494.800048828125,2938.1298828125,1.6579999923706055,98.70999908447266,53.57
11-10-2019,866.6599731445312,1482.699951171875,2970.27001953125,1.7519999742507935,98.30000305175781,54.76
14-10-2019,859.7999877929688,1491.699951171875,2966.14990234375,1.7330000400543213,98.44999694824219,53.57
15-10-2019,857.0999755859375,1477.5999755859375,2995.679931640625,1.7710000276565552,98.29000091552734,52.81
16-10-2019,859.4000244140625,1488.0,2989.68994140625,1.7480000257492065,98.01000213623047,53.42
17-10-2019,862.3400268554688,1492.300048828125,2997.949951171875,1.7569999694824219,97.61000061035156,53.89
18-10-2019,866.010009765625,1488.199951171875,2986.199951171875,1.746999979019165,97.27999877929688,53.75
21-10-2019,868.219970703125,1482.4000244140625,3006.719970703125,1.7920000553131104,97.33000183105469,53.28
22-10-2019,873.27001953125,1481.699951171875,2995.989990234375,1.7680000066757202,97.52999877929688,54.21
23-10-2019,876.4600219726562,1489.9000244140625,3004.52001953125,1.7589999437332153,97.47000122070312,55.9
24-10-2019,879.8200073242188,1498.9000244140625,3010.2900390625,1.7660000324249268,97.62999725341797,56.11
25-10-2019,866.9199829101562,1499.5,3022.550048828125,1.8009999990463257,97.83000183105469,56.52
28-10-2019,854.5499877929688,1490.0,3039.419921875,1.8530000448226929,97.76000213623047,55.6
29-10-2019,855.030029296875,1487.0,3036.889892578125,1.8350000381469727,97.69000244140625,55.34
30-10-2019,860.0999755859375,1493.199951171875,3046.77001953125,1.7979999780654907,97.6500015258789,54.85
31-10-2019,867.52001953125,1511.4000244140625,3037.56005859375,1.690999984741211,97.3499984741211,54.02
01-11-2019,867.8300170898438,1508.0,3066.909912109375,1.7280000448226929,97.23999786376953,56.04
04-11-2019,856.9299926757812,1508.0,3078.27001953125,1.7860000133514404,97.51000213623047,56.33
05-11-2019,848.260009765625,1480.800048828125,3074.6201171875,1.8660000562667847,97.9800033569336,57.04
06-11-2019,850.3599853515625,1490.199951171875,3076.780029296875,1.8140000104904175,97.94999694824219,56.15
07-11-2019,838.3400268554688,1464.199951171875,3085.179931640625,1.9259999990463257,98.13999938964844,56.91
08-11-2019,835.2999877929688,1461.300048828125,3093.080078125,1.9329999685287476,98.3499984741211,57.02
11-11-2019,829.75,1455.5,3087.010009765625,1.9429999589920044,98.19999694824219,57.02
12-11-2019,832.2000122070312,1452.0999755859375,3091.840087890625,1.909000039100647,98.30999755859375,56.67
13-11-2019,844.3099975585938,1461.699951171875,3094.0400390625,1.8700000047683716,98.37000274658203,56.88
14-11-2019,845.530029296875,1471.800048828125,3096.6298828125,1.815000057220459,98.16000366210938,56.57
15-11-2019,848.469970703125,1467.300048828125,3120.4599609375,1.8339999914169312,98.0,57.54
18-11-2019,850.5399780273438,1470.9000244140625,3122.030029296875,1.8079999685287476,97.79000091552734,56.82
19-11-2019,848.3099975585938,1473.300048828125,3120.179931640625,1.7860000133514404,97.86000061035156,54.93
20-11-2019,855.010009765625,1473.300048828125,3108.4599609375,1.7380000352859497,97.93000030517578,56.71
21-11-2019,851.3699951171875,1463.0999755859375,3103.5400390625,1.7719999551773071,97.98999786376953,58.36
22-11-2019,851.25,1463.0999755859375,3110.2900390625,1.7740000486373901,98.2699966430664,57.68
25-11-2019,848.8800048828125,1456.5999755859375,3133.639892578125,1.7640000581741333,98.31999969482422,57.79
26-11-2019,852.1799926757812,1459.800048828125,3140.52001953125,1.7400000095367432,98.25,58.25
27-11-2019,852.8699951171875,1453.4000244140625,3153.6298828125,1.7669999599456787,98.41000366210938,58.12
28-11-2019,852.8699951171875,1453.4000244140625,3153.6298828125,1.7669999599456787,98.41000366210938,58.12
29-11-2019,851.719970703125,1465.5999755859375,3140.97998046875,1.7760000228881836,98.2699966430664,58.12
02-12-2019,845.8800048828125,1462.300048828125,3113.8701171875,1.8359999656677246,97.86000061035156,55.97
03-12-2019,850.6699829101562,1478.199951171875,3093.199951171875,1.7089999914169312,97.73999786376953,56.15
04-12-2019,855.7999877929688,1474.0,3112.760009765625,1.781000018119812,97.6500015258789,58.46
05-12-2019,856.8599853515625,1476.9000244140625,3117.429931640625,1.7970000505447388,97.41000366210938,58.42
06-12-2019,855.0399780273438,1459.0999755859375,3145.909912109375,1.8420000076293945,97.69999694824219,59.2
09-12-2019,851.780029296875,1459.300048828125,3135.9599609375,1.8289999961853027,97.63999938964844,58.99
10-12-2019,852.5800170898438,1462.5999755859375,3132.52001953125,1.8329999446868896,97.41000366210938,59.22
11-12-2019,855.010009765625,1469.4000244140625,3141.6298828125,1.7899999618530273,97.16000366210938,58.74
12-12-2019,849.6799926757812,1466.699951171875,3168.570068359375,1.8969999551773071,97.4000015258789,59.18
13-12-2019,856.8499755859375,1475.5999755859375,3168.800048828125,1.819000005722046,97.16999816894531,60.11
16-12-2019,867.3300170898438,1475.0,3191.449951171875,1.8919999599456787,97.06999969482422,60.21
17-12-2019,867.989990234375,1474.5999755859375,3192.52001953125,1.8890000581741333,97.20999908447266,60.88
18-12-2019,871.9000244140625,1472.5999755859375,3191.139892578125,1.9240000247955322,97.41000366210938,60.93
19-12-2019,871.8699951171875,1478.199951171875,3205.3701171875,1.9079999923706055,97.41999816894531,61.3
20-12-2019,878.260009765625,1474.699951171875,3221.219970703125,1.9170000553131104,97.70999908447266,60.43
23-12-2019,870.1500244140625,1482.5,3224.010009765625,1.934999942779541,97.66000366210938,60.51
24-12-2019,871.5599975585938,1499.0999755859375,3223.3798828125,1.909999966621399,97.6500015258789,61.17
25-12-2019,871.5599975585938,1499.0999755859375,3223.3798828125,1.909999966621399,97.6500015258789,61.17
26-12-2019,874.3300170898438,1509.300048828125,3239.909912109375,1.9049999713897705,97.58999633789062,61.72
27-12-2019,876.219970703125,1513.800048828125,3240.02001953125,1.8739999532699585,96.91999816894531,61.76
30-12-2019,875.4099731445312,1514.5,3221.2900390625,1.8949999809265137,96.73999786376953,61.66
31-12-2019,879.1699829101562,1519.5,3230.780029296875,1.9190000295639038,96.38999938964844,61.14
01-01-2020,879.1699829101562,1519.5,3230.780029296875,1.9190000295639038,96.38999938964844,61.14
02-01-2020,866.8200073242188,1524.5,3257.85009765625,1.8819999694824219,96.8499984741211,61.17
03-01-2020,867.4400024414062,1549.199951171875,3234.85009765625,1.7879999876022339,96.83999633789062,63.0
06-01-2020,870.030029296875,1566.199951171875,3246.280029296875,1.8109999895095825,96.66999816894531,63.27
07-01-2020,868.5999755859375,1571.800048828125,3237.179931640625,1.8270000219345093,96.9800033569336,62.7
08-01-2020,868.9099731445312,1557.4000244140625,3253.050048828125,1.8739999532699585,97.30000305175781,59.65
09-01-2020,872.6500244140625,1551.699951171875,3274.699951171875,1.8580000400543213,97.44999694824219,59.56
10-01-2020,874.0999755859375,1557.5,3265.35009765625,1.8250000476837158,97.36000061035156,59.02
13-01-2020,879.6900024414062,1548.4000244140625,3288.1298828125,1.8480000495910645,97.3499984741211,58.17
14-01-2020,882.0700073242188,1542.4000244140625,3283.14990234375,1.8179999589920044,97.37000274658203,58.34
15-01-2020,895.8200073242188,1552.0999755859375,3289.2900390625,1.7879999876022339,97.2300033569336,57.86
16-01-2020,900.4199829101562,1549.0,3316.81005859375,1.809000015258789,97.31999969482422,58.52
17-01-2020,908.2999877929688,1558.800048828125,3329.6201171875,1.8359999656677246,97.61000061035156,58.55
20-01-2020,908.2999877929688,1558.800048828125,3329.6201171875,1.8359999656677246,97.61000061035156,58.55
21-01-2020,917.0999755859375,1556.4000244140625,3320.7900390625,1.7690000534057617,97.52999877929688,58.25
22-01-2020,919.9600219726562,1555.300048828125,3321.75,1.7690000534057617,97.52999877929688,56.76
23-01-2020,928.5700073242188,1564.5999755859375,3325.5400390625,1.7400000095367432,97.69000244140625,55.51
24-01-2020,931.9400024414062,1571.0999755859375,3295.469970703125,1.680999994277954,97.8499984741211,54.09
27-01-2020,929.6500244140625,1576.800048828125,3243.6298828125,1.6050000190734863,97.95999908447266,53.09
28-01-2020,933.0900268554688,1569.199951171875,3276.239990234375,1.6410000324249268,98.0199966430664,53.33
29-01-2020,935.0999755859375,1569.800048828125,3273.39990234375,1.593999981880188,97.98999786376953,53.29
30-01-2020,943.030029296875,1583.5,3283.659912109375,1.5579999685287476,97.87000274658203,52.19
31-01-2020,938.5700073242188,1582.9000244140625,3225.52001953125,1.5199999809265137,97.38999938964844,51.58
03-02-2020,940.6699829101562,1577.199951171875,3248.919921875,1.5199999809265137,97.80000305175781,50.06
04-02-2020,930.3400268554688,1550.4000244140625,3297.590087890625,1.6030000448226929,97.95999908447266,49.59
05-02-2020,934.8499755859375,1557.800048828125,3334.68994140625,1.6490000486373901,98.2699966430664,50.87
06-02-2020,935.1599731445312,1565.0999755859375,3345.780029296875,1.6440000534057617,98.5,50.94
07-02-2020,931.8300170898438,1568.5999755859375,3327.7099609375,1.5779999494552612,98.68000030517578,50.34
10-02-2020,934.969970703125,1574.699951171875,3352.090087890625,1.5470000505447388,98.83000183105469,49.59
11-02-2020,938.47998046875,1565.5999755859375,3357.75,1.590000033378601,98.72000122070312,50.0
12-02-2020,938.1199951171875,1567.4000244140625,3379.449951171875,1.6299999952316284,99.05000305175781,51.13
13-02-2020,947.3800048828125,1575.0999755859375,3373.93994140625,1.6169999837875366,99.06999969482422,51.41
14-02-2020,955.3499755859375,1582.699951171875,3380.159912109375,1.5880000591278076,99.12000274658203,52.03
17-02-2020,955.3499755859375,1582.699951171875,3380.159912109375,1.5880000591278076,99.12000274658203,52.03
18-02-2020,960.8900146484375,1600.0,3370.2900390625,1.555999994277954,99.45999908447266,52.1
19-02-2020,950.010009765625,1607.5,3386.14990234375,1.5700000524520874,99.5999984741211,53.31
20-02-2020,952.4000244140625,1616.5999755859375,3373.22998046875,1.524999976158142,99.87000274658203,53.77
21-02-2020,948.739990234375,1644.5999755859375,3337.75,1.4709999561309814,99.26000213623047,53.36
24-02-2020,935.9099731445312,1672.4000244140625,3225.889892578125,1.3769999742507935,99.29000091552734,51.36
25-02-2020,915.77001953125,1646.9000244140625,3128.2099609375,1.3300000429153442,98.97000122070312,49.78
26-02-2020,906.969970703125,1640.0,3116.389892578125,1.309999942779541,99.0,48.67
27-02-2020,865.469970703125,1640.0,2978.760009765625,1.2990000247955322,98.44000244140625,47.17
28-02-2020,839.9600219726562,1564.0999755859375,2954.219970703125,1.1269999742507935,98.12999725341797,44.83
02-03-2020,886.52001953125,1592.300048828125,3090.22998046875,1.0880000591278076,97.36000061035156,46.78
03-03-2020,877.25,1642.0999755859375,3003.3701171875,1.0099999904632568,97.1500015258789,47.27
04-03-2020,926.1400146484375,1641.0999755859375,3130.1201171875,0.9919999837875366,97.33999633789062,46.78
05-03-2020,908.1400146484375,1666.4000244140625,3023.93994140625,0.9259999990463257,96.81999969482422,45.9
06-03-2020,901.7000122070312,1670.800048828125,2972.3701171875,0.7059999704360962,95.94999694824219,41.14
09-03-2020,852.7999877929688,1674.5,2746.56005859375,0.49900001287460327,94.9000015258789,31.05
10-03-2020,860.030029296875,1659.0999755859375,2882.22998046875,0.7480000257492065,96.41000366210938,34.47
11-03-2020,812.4400024414062,1641.4000244140625,2741.3798828125,0.8199999928474426,96.51000213623047,33.13
12-03-2020,723.8800048828125,1589.300048828125,2480.639892578125,0.8489999771118164,97.47000122070312,31.56
13-03-2020,762.5999755859375,1515.699951171875,2711.02001953125,0.9509999752044678,98.75,31.72
16-03-2020,678.030029296875,1485.9000244140625,2386.1298828125,0.7279999852180481,98.08999633789062,28.96
17-03-2020,769.6900024414062,1524.9000244140625,2529.18994140625,0.996999979019165,99.58000183105469,26.96
18-03-2020,737.25,1477.300048828125,2398.10009765625,1.2660000324249268,101.16000366210938,20.48
19-03-2020,695.9199829101562,1478.5999755859375,2409.389892578125,1.11899995803833,102.76000213623047,25.09
20-03-2020,646.1300048828125,1484.0,2304.919921875,0.9380000233650208,102.81999969482422,19.48
23-03-2020,610.8900146484375,1567.0,2237.39990234375,0.7639999985694885,102.48999786376953,23.33
24-03-2020,673.8900146484375,1660.199951171875,2447.330078125,0.8159999847412109,101.73999786376953,21.03
25-03-2020,697.9600219726562,1632.300048828125,2475.56005859375,0.8579999804496765,101.05000305175781,20.75
26-03-2020,757.9199829101562,1650.0999755859375,2630.070068359375,0.8109999895095825,99.41999816894531,16.6
27-03-2020,758.9299926757812,1623.9000244140625,2541.469970703125,0.7490000128746033,98.37000274658203,15.48
30-03-2020,785.1400146484375,1622.0,2626.64990234375,0.6700000166893005,99.18000030517578,14.1
31-03-2020,756.1599731445312,1583.4000244140625,2584.590087890625,0.6980000138282776,99.05000305175781,20.51
01-04-2020,708.0399780273438,1578.199951171875,2470.5,0.6349999904632568,99.66999816894531,20.28
02-04-2020,729.3599853515625,1625.699951171875,2526.89990234375,0.6269999742507935,100.18000030517578,25.18
03-04-2020,706.010009765625,1633.699951171875,2488.64990234375,0.5870000123977661,100.58000183105469,28.36
06-04-2020,758.0599975585938,1677.0,2663.679931640625,0.6759999990463257,100.69000244140625,26.21
07-04-2020,750.8099975585938,1664.800048828125,2659.409912109375,0.7360000014305115,99.9800033569336,23.54
08-04-2020,789.1500244140625,1665.4000244140625,2749.97998046875,0.7639999985694885,100.12000274658203,24.97
09-04-2020,827.8300170898438,1736.199951171875,2789.820068359375,0.7289999723434448,99.5199966430664,22.9
10-04-2020,827.8300170898438,1736.199951171875,2789.820068359375,0.7289999723434448,99.5199966430664,22.9
13-04-2020,801.3900146484375,1744.800048828125,2761.6298828125,0.7490000128746033,99.3499984741211,22.36
14-04-2020,825.0999755859375,1756.699951171875,2846.06005859375,0.7519999742507935,98.88999938964844,20.15
15-04-2020,796.9500122070312,1727.199951171875,2783.360107421875,0.6380000114440918,99.45999908447266,19.96
16-04-2020,797.5399780273438,1720.4000244140625,2799.550048828125,0.609000027179718,100.02999877929688,19.82
17-04-2020,823.97998046875,1689.199951171875,2874.56005859375,0.6539999842643738,99.77999877929688,18.31
20-04-2020,794.8499755859375,1701.5999755859375,2823.159912109375,0.6259999871253967,99.95999908447266,-36.98
21-04-2020,780.989990234375,1678.199951171875,2736.56005859375,0.5709999799728394,100.26000213623047,8.91
22-04-2020,804.4099731445312,1728.699951171875,2799.31005859375,0.6190000176429749,100.38999938964844,13.64
23-04-2020,790.75,1733.300048828125,2797.800048828125,0.6129999756813049,100.43000030517578,15.06
24-04-2020,795.0900268554688,1723.5,2836.739990234375,0.5960000157356262,100.37999725341797,15.99
27-04-2020,805.7999877929688,1711.9000244140625,2878.47998046875,0.656000018119812,100.04000091552734,12.17
28-04-2020,804.9299926757812,1710.5,2863.389892578125,0.6100000143051147,99.87000274658203,12.4
29-04-2020,798.47998046875,1703.4000244140625,2939.510009765625,0.6269999742507935,99.56999969482422,15.04
30-04-2020,778.2899780273438,1684.199951171875,2912.429931640625,0.621999979019165,99.0199966430664,19.23
01-05-2020,759.0800170898438,1694.5,2830.7099609375,0.6420000195503235,98.80000305175781,19.72
04-05-2020,767.3699951171875,1706.9000244140625,2842.739990234375,0.6370000243186951,99.4800033569336,20.47
05-05-2020,773.2100219726562,1704.4000244140625,2868.43994140625,0.6570000052452087,99.70999908447266,24.56
06-05-2020,746.3499755859375,1684.199951171875,2848.419921875,0.7110000252723694,100.08999633789062,23.88
07-05-2020,751.969970703125,1721.800048828125,2881.18994140625,0.6309999823570251,99.88999938964844,23.68
08-05-2020,764.1099853515625,1709.9000244140625,2929.800048828125,0.6819999814033508,99.7300033569336,24.73
11-05-2020,761.8300170898438,1695.300048828125,2930.18994140625,0.7260000109672546,100.23999786376953,24.02
12-05-2020,753.2999877929688,1704.4000244140625,2870.1201171875,0.6779999732971191,99.93000030517578,25.76
13-05-2020,747.5399780273438,1713.9000244140625,2820.0,0.6489999890327454,100.23999786376953,25.37
14-05-2020,754.780029296875,1738.0999755859375,2852.5,0.6190000176429749,100.47000122070312,27.4
15-05-2020,744.489990234375,1753.4000244140625,2863.699951171875,0.6399999856948853,100.4000015258789,29.44
18-05-2020,773.1799926757812,1731.800048828125,2953.909912109375,0.7440000176429749,99.66999816894531,31.83
19-05-2020,761.4000244140625,1744.199951171875,2922.93994140625,0.7110000252723694,99.37000274658203,32.3
20-05-2020,761.5900268554688,1750.5999755859375,2971.610107421875,0.6800000071525574,99.12000274658203,33.56
21-05-2020,754.02001953125,1720.5,2948.510009765625,0.6769999861717224,99.37000274658203,34.3
22-05-2020,763.9299926757812,1734.5999755859375,2955.449951171875,0.6570000052452087,99.86000061035156,33.49
25-05-2020,763.9299926757812,1734.5999755859375,2955.449951171875,0.6570000052452087,99.86000061035156,33.49
26-05-2020,769.030029296875,1704.800048828125,2991.77001953125,0.6980000138282776,98.91000366210938,34.7
27-05-2020,777.6900024414062,1710.300048828125,3036.1298828125,0.6800000071525574,99.05999755859375,32.8
28-05-2020,800.7999877929688,1713.300048828125,3029.72998046875,0.7049999833106995,98.37999725341797,33.67
29-05-2020,806.9199829101562,1736.9000244140625,3044.31005859375,0.6480000019073486,98.33999633789062,35.57
01-06-2020,815.3300170898438,1737.800048828125,3055.72998046875,0.6620000004768372,97.83000183105469,35.49
02-06-2020,820.4000244140625,1725.199951171875,3080.820068359375,0.6800000071525574,97.66999816894531,36.88
03-06-2020,831.27001953125,1697.800048828125,3122.8701171875,0.7609999775886536,97.27999877929688,37.33
04-06-2020,814.0599975585938,1718.9000244140625,3112.35009765625,0.8199999928474426,96.68000030517578,37.42
05-06-2020,826.52001953125,1676.199951171875,3193.929931640625,0.9039999842643738,96.94000244140625,39.49
08-06-2020,847.260009765625,1698.300048828125,3232.389892578125,0.8840000033378601,96.62000274658203,38.17
09-06-2020,830.3400268554688,1714.699951171875,3207.179931640625,0.8289999961853027,96.31999969482422,38.98
10-06-2020,824.719970703125,1713.300048828125,3190.139892578125,0.7480000257492065,95.95999908447266,39.54
11-06-2020,793.22998046875,1732.0,3002.10009765625,0.652999997138977,96.7300033569336,36.43
12-06-2020,793.0,1729.300048828125,3041.31005859375,0.6990000009536743,97.31999969482422,36.24
15-06-2020,799.760009765625,1720.300048828125,3066.590087890625,0.7020000219345093,96.68000030517578,37.07
16-06-2020,802.3699951171875,1729.5999755859375,3124.739990234375,0.7559999823570251,96.95999908447266,38.26
17-06-2020,800.3599853515625,1729.199951171875,3113.489990234375,0.7329999804496765,97.16000366210938,37.91
18-06-2020,798.739990234375,1724.800048828125,3115.340087890625,0.6940000057220459,97.41999816894531,38.79
19-06-2020,770.6099853515625,1745.9000244140625,3097.739990234375,0.6970000267028809,97.62000274658203,39.72
22-06-2020,780.4199829101562,1756.699951171875,3117.860107421875,0.7039999961853027,97.04000091552734,40.6
23-06-2020,773.469970703125,1772.0999755859375,3131.2900390625,0.7089999914169312,96.69000244140625,40.4
24-06-2020,767.5999755859375,1765.800048828125,3050.330078125,0.6840000152587891,97.1500015258789,37.91
25-06-2020,757.3400268554688,1762.0999755859375,3083.760009765625,0.6740000247955322,97.43000030517578,38.66
26-06-2020,749.4000244140625,1772.5,3009.050048828125,0.6359999775886536,97.5,38.53
29-06-2020,764.3900146484375,1774.800048828125,3053.239990234375,0.6359999775886536,97.54000091552734,39.67
30-06-2020,767.5,1793.0,3100.2900390625,0.652999997138977,97.38999938964844,39.27
01-07-2020,785.1500244140625,1773.199951171875,3115.860107421875,0.6819999814033508,97.19999694824219,39.88
02-07-2020,786.8900146484375,1784.0,3130.010009765625,0.6690000295639038,97.31999969482422,40.57
03-07-2020,786.8900146484375,1784.0,3130.010009765625,0.6690000295639038,97.31999969482422,40.57
06-07-2020,779.030029296875,1788.5,3179.719970703125,0.6840000152587891,96.79000091552734,40.51
07-07-2020,775.5900268554688,1804.199951171875,3145.320068359375,0.6499999761581421,96.87999725341797,40.59
08-07-2020,783.1500244140625,1815.5,3169.93994140625,0.652999997138977,96.43000030517578,40.91
09-07-2020,774.22998046875,1799.199951171875,3152.050048828125,0.6050000190734863,96.69999694824219,39.64
10-07-2020,791.3499755859375,1798.199951171875,3185.0400390625,0.6330000162124634,96.6500015258789,40.56
13-07-2020,791.239990234375,1811.0,3155.219970703125,0.6399999856948853,96.45999908447266,40.06
14-07-2020,799.9099731445312,1810.5999755859375,3197.52001953125,0.6150000095367432,96.26000213623047,40.3
15-07-2020,796.469970703125,1811.4000244140625,3226.56005859375,0.6299999952316284,96.08000183105469,41.2
16-07-2020,809.52001953125,1798.699951171875,3215.570068359375,0.6119999885559082,96.3499984741211,40.74
17-07-2020,828.5999755859375,1808.300048828125,3224.72998046875,0.628000020980835,95.94000244140625,40.55
20-07-2020,817.0399780273438,1815.9000244140625,3251.840087890625,0.6200000047683716,95.83000183105469,40.83
21-07-2020,820.469970703125,1842.4000244140625,3257.300048828125,0.6069999933242798,95.12000274658203,41.76
22-07-2020,829.5,1864.0999755859375,3276.02001953125,0.5950000286102295,94.97000122070312,41.88
23-07-2020,830.7000122070312,1889.0999755859375,3235.659912109375,0.5820000171661377,94.69000244140625,40.99
24-07-2020,825.739990234375,1897.300048828125,3215.6298828125,0.5889999866485596,94.44000244140625,41.23
27-07-2020,813.02001953125,1931.0,3239.409912109375,0.609000027179718,93.66999816894531,41.46
28-07-2020,825.469970703125,1944.699951171875,3218.43994140625,0.5809999704360962,93.76000213623047,40.89
29-07-2020,828.9600219726562,1953.5,3258.43994140625,0.5789999961853027,93.26000213623047,41.13
30-07-2020,828.1300048828125,1942.300048828125,3246.219970703125,0.5410000085830688,93.0199966430664,39.85
31-07-2020,830.77001953125,1962.800048828125,3271.1201171875,0.5360000133514404,93.48999786376953,40.1
03-08-2020,822.3400268554688,1966.0,3294.610107421875,0.5630000233650208,93.5,40.83
04-08-2020,832.489990234375,2001.199951171875,3306.510009765625,0.5149999856948853,93.37999725341797,41.67
05-08-2020,825.3699951171875,2031.0999755859375,3327.77001953125,0.5429999828338623,92.83000183105469,42.25
06-08-2020,828.8699951171875,2051.5,3349.159912109375,0.5360000133514404,92.79000091552734,41.93
07-08-2020,843.22998046875,2010.0999755859375,3351.280029296875,0.5619999766349792,93.44000244140625,41.16
10-08-2020,841.030029296875,2024.4000244140625,3360.469970703125,0.5740000009536743,93.58000183105469,41.94
11-08-2020,821.989990234375,1932.5999755859375,3333.68994140625,0.6579999923706055,93.62999725341797,41.53
12-08-2020,836.739990234375,1934.9000244140625,3380.35009765625,0.6700000166893005,93.44000244140625,42.6
13-08-2020,834.3900146484375,1956.699951171875,3373.429931640625,0.7160000205039978,93.33999633789062,42.26
14-08-2020,824.8699951171875,1937.0,3372.85009765625,0.7089999914169312,93.0999984741211,42.05
17-08-2020,823.9600219726562,1985.0,3381.989990234375,0.6830000281333923,92.8499984741211,42.89
18-08-2020,820.3699951171875,1999.4000244140625,3389.780029296875,0.6690000295639038,92.2699966430664,42.89
19-08-2020,817.1599731445312,1958.699951171875,3374.85009765625,0.675000011920929,92.88999938964844,42.91
20-08-2020,810.5900268554688,1933.800048828125,3385.510009765625,0.6439999938011169,92.79000091552734,42.62
21-08-2020,809.6099853515625,1934.5999755859375,3397.159912109375,0.6399999856948853,93.25,42.32
24-08-2020,817.7100219726562,1927.699951171875,3431.280029296875,0.6460000276565552,93.30000305175781,42.44
25-08-2020,810.7999877929688,1911.800048828125,3443.6201171875,0.6819999814033508,93.0199966430664,43.17
26-08-2020,798.8900146484375,1940.699951171875,3478.72998046875,0.6869999766349792,93.01000213623047,43.21
27-08-2020,800.6900024414062,1921.5999755859375,3484.550048828125,0.7459999918937683,93.01000213623047,42.88
28-08-2020,800.72998046875,1964.5999755859375,3508.010009765625,0.7289999723434448,92.37000274658203,42.96
31-08-2020,803.219970703125,1967.5999755859375,3500.31005859375,0.6930000185966492,92.13999938964844,42.61
01-09-2020,794.0800170898438,1968.199951171875,3526.64990234375,0.671999990940094,92.33999633789062,42.76
02-09-2020,818.6799926757812,1934.4000244140625,3580.840087890625,0.6510000228881836,92.8499984741211,42.76
03-09-2020,808.1199951171875,1927.5999755859375,3455.06005859375,0.621999979019165,92.73999786376953,41.39
04-09-2020,803.7000122070312,1923.9000244140625,3426.9599609375,0.7210000157356262,92.72000122070312,39.69
07-09-2020,803.7000122070312,1923.9000244140625,3426.9599609375,0.7210000157356262,92.72000122070312,39.69
08-09-2020,798.6300048828125,1933.0,3331.840087890625,0.6840000152587891,93.4800033569336,36.87
09-09-2020,809.510009765625,1944.699951171875,3398.9599609375,0.703000009059906,93.26000213623047,38.05
10-09-2020,796.3400268554688,1954.199951171875,3339.18994140625,0.6850000023841858,93.33999633789062,37.25
11-09-2020,799.9299926757812,1937.800048828125,3340.969970703125,0.6690000295639038,93.33000183105469,37.33
14-09-2020,810.9400024414062,1953.0999755859375,3383.5400390625,0.6710000038146973,93.06999969482422,37.23
15-09-2020,818.6799926757812,1956.300048828125,3401.199951171875,0.6790000200271606,93.05000305175781,38.29
16-09-2020,814.510009765625,1960.199951171875,3385.489990234375,0.6869999766349792,93.20999908447266,40.17
17-09-2020,810.8099975585938,1940.0,3357.010009765625,0.6840000152587891,92.97000122070312,40.99
18-09-2020,797.9500122070312,1952.0999755859375,3319.469970703125,0.6940000057220459,92.93000030517578,41.09
21-09-2020,793.719970703125,1901.199951171875,3281.06005859375,0.6710000038146973,93.54000091552734,39.26
22-09-2020,799.3699951171875,1898.5999755859375,3315.570068359375,0.6639999747276306,93.98999786376953,39.55
23-09-2020,785.1599731445312,1859.9000244140625,3236.919921875,0.6759999990463257,94.38999938964844,39.92
24-09-2020,795.9299926757812,1868.300048828125,3246.590087890625,0.6660000085830688,94.3499984741211,40.11
25-09-2020,808.1300048828125,1857.699951171875,3298.4599609375,0.6589999794960022,94.58000183105469,40.06
28-09-2020,810.2000122070312,1872.800048828125,3351.60009765625,0.6629999876022339,94.26000213623047,40.47
29-09-2020,808.989990234375,1894.300048828125,3335.469970703125,0.6449999809265137,93.88999938964844,39.03
30-09-2020,814.7000122070312,1887.5,3363.0,0.6769999861717224,93.88999938964844,40.05
01-10-2020,824.27001953125,1908.4000244140625,3380.800048828125,0.6769999861717224,93.70999908447266,38.51
02-10-2020,832.489990234375,1900.199951171875,3348.419921875,0.6959999799728394,93.83999633789062,36.9
05-10-2020,844.5700073242188,1912.5,3408.60009765625,0.7620000243186951,93.51000213623047,39.12
06-10-2020,850.8900146484375,1901.0999755859375,3360.969970703125,0.7419999837875366,93.83000183105469,40.52
07-10-2020,859.989990234375,1883.5999755859375,3419.43994140625,0.7850000262260437,93.62999725341797,39.82
08-10-2020,875.2999877929688,1888.5999755859375,3446.830078125,0.7649999856948853,93.61000061035156,41.04
09-10-2020,875.8099975585938,1919.5,3477.139892578125,0.7749999761581421,93.05999755859375,40.44
12-10-2020,882.8200073242188,1922.5,3534.219970703125,0.7770000100135803,93.06999969482422,39.22
13-10-2020,876.0499877929688,1888.5,3511.929931640625,0.7269999980926514,93.52999877929688,40.03
14-10-2020,875.1900024414062,1901.300048828125,3488.669921875,0.722000002861023,93.37999725341797,40.86
15-10-2020,875.219970703125,1903.199951171875,3483.340087890625,0.7310000061988831,93.86000061035156,40.84
16-10-2020,884.52001953125,1900.800048828125,3483.81005859375,0.7440000176429749,93.68000030517578,40.7
19-10-2020,877.5999755859375,1906.4000244140625,3426.919921875,0.7609999775886536,93.43000030517578,40.69
20-10-2020,881.1500244140625,1910.4000244140625,3443.1201171875,0.796999990940094,93.06999969482422,41.37
21-10-2020,877.0999755859375,1924.5999755859375,3435.56005859375,0.8159999847412109,92.61000061035156,39.88
22-10-2020,891.280029296875,1901.0999755859375,3453.489990234375,0.8479999899864197,92.94999694824219,40.46
23-10-2020,893.6799926757812,1902.0,3465.389892578125,0.8410000205039978,92.7699966430664,39.73
26-10-2020,891.97998046875,1902.699951171875,3400.969970703125,0.8009999990463257,93.05000305175781,38.39
27-10-2020,890.6799926757812,1908.800048828125,3390.679931640625,0.777999997138977,92.94000244140625,39.34
28-10-2020,865.3300170898438,1876.199951171875,3271.030029296875,0.781000018119812,93.41000366210938,37.27
29-10-2020,867.6500244140625,1865.5999755859375,3310.110107421875,0.8349999785423279,93.95999908447266,35.94
30-10-2020,857.77001953125,1877.4000244140625,3269.9599609375,0.8600000143051147,94.04000091552734,35.64
02-11-2020,876.5599975585938,1890.4000244140625,3310.239990234375,0.8489999771118164,94.05000305175781,36.6
03-11-2020,889.780029296875,1908.5,3369.159912109375,0.8820000290870667,93.55000305175781,37.44
04-11-2020,877.6900024414062,1894.5999755859375,3443.43994140625,0.7680000066757202,93.41000366210938,38.97
05-11-2020,885.4400024414062,1945.300048828125,3510.449951171875,0.7760000228881836,92.52999877929688,38.56
06-11-2020,881.760009765625,1950.300048828125,3509.43994140625,0.8199999928474426,92.2300033569336,36.97
09-11-2020,898.8499755859375,1853.199951171875,3550.5,0.9580000042915344,92.7300033569336,40.05
10-11-2020,916.1799926757812,1875.4000244140625,3545.530029296875,0.972000002861023,92.75,41.18
11-11-2020,917.1900024414062,1860.699951171875,3572.659912109375,0.9580000042915344,93.04000091552734,41.23
12-11-2020,902.0999755859375,1872.5999755859375,3537.010009765625,0.8849999904632568,92.95999908447266,40.9
13-11-2020,910.9099731445312,1885.699951171875,3585.14990234375,0.8930000066757202,92.76000213623047,39.93
16-11-2020,917.3800048828125,1887.300048828125,3626.909912109375,0.906000018119812,92.56999969482422,41.14
17-11-2020,899.010009765625,1884.5,3609.530029296875,0.871999979019165,92.41999816894531,41.24
18-11-2020,881.3699951171875,1873.5,3567.7900390625,0.8820000290870667,92.31999969482422,41.64
19-11-2020,872.9400024414062,1861.0999755859375,3581.8701171875,0.8539999723434448,92.29000091552734,41.57
20-11-2020,873.2899780273438,1872.5999755859375,3557.5400390625,0.8289999961853027,92.38999938964844,41.99
23-11-2020,873.010009765625,1837.800048828125,3577.590087890625,0.8569999933242798,92.51000213623047,42.91
24-11-2020,882.6199951171875,1804.800048828125,3635.409912109375,0.8820000290870667,92.2300033569336,44.71
25-11-2020,880.97998046875,1805.699951171875,3629.64990234375,0.878000020980835,91.98999786376953,45.58
26-11-2020,880.97998046875,1805.699951171875,3629.64990234375,0.878000020980835,91.98999786376953,45.58
27-11-2020,873.1799926757812,1781.9000244140625,3638.35009765625,0.8420000076293945,91.79000091552734,45.58
30-11-2020,861.739990234375,1775.699951171875,3621.6298828125,0.843999981880188,91.87000274658203,45.2
01-12-2020,868.25,1814.0999755859375,3662.449951171875,0.9340000152587891,91.30999755859375,44.54
02-12-2020,874.6599731445312,1825.699951171875,3669.010009765625,0.9480000138282776,91.12000274658203,45.23
03-12-2020,866.8900146484375,1836.800048828125,3666.719970703125,0.9200000166893005,90.70999908447266,45.65
04-12-2020,856.1300048828125,1835.9000244140625,3699.1201171875,0.968999981880188,90.69999694824219,46.23
07-12-2020,859.8499755859375,1861.800048828125,3691.9599609375,0.9279999732971191,90.79000091552734,45.72
08-12-2020,858.3599853515625,1870.800048828125,3702.25,0.9129999876022339,90.97000122070312,45.64
09-12-2020,856.760009765625,1834.5999755859375,3672.820068359375,0.9409999847412109,91.08999633789062,45.48
10-12-2020,854.0599975585938,1833.5999755859375,3668.10009765625,0.9079999923706055,90.79000091552734,46.76
11-12-2020,855.0999755859375,1839.800048828125,3663.4599609375,0.8930000066757202,90.9800033569336,46.59
14-12-2020,852.8099975585938,1828.699951171875,3647.489990234375,0.8920000195503235,90.70999908447266,47.02
15-12-2020,871.5399780273438,1852.300048828125,3694.6201171875,0.9229999780654907,90.47000122070312,47.58
16-12-2020,859.5900268554688,1856.0999755859375,3701.169921875,0.9200000166893005,90.44999694824219,47.86
17-12-2020,866.780029296875,1887.199951171875,3722.47998046875,0.9300000071525574,89.81999969482422,48.34
18-12-2020,857.260009765625,1885.699951171875,3709.409912109375,0.9480000138282776,90.0199966430664,49.04
21-12-2020,844.9600219726562,1879.199951171875,3694.919921875,0.9409999847412109,90.04000091552734,47.79
22-12-2020,842.219970703125,1866.5999755859375,3687.260009765625,0.9179999828338623,90.6500015258789,47.02
23-12-2020,840.1799926757812,1874.699951171875,3690.010009765625,0.9549999833106995,90.41000366210938,47.94
24-12-2020,845.969970703125,1879.9000244140625,3703.06005859375,0.9279999732971191,90.33000183105469,48.18
25-12-2020,845.969970703125,1879.9000244140625,3703.06005859375,0.9279999732971191,90.33000183105469,48.18
28-12-2020,849.5499877929688,1877.199951171875,3735.360107421875,0.9330000281333923,90.33999633789062,47.5
29-12-2020,848.8900146484375,1879.699951171875,3727.0400390625,0.9350000023841858,90.01000213623047,47.85
30-12-2020,850.5900268554688,1891.0,3732.0400390625,0.9259999990463257,89.62999725341797,48.24
31-12-2020,864.6400146484375,1893.0999755859375,3756.070068359375,0.9169999957084656,89.94000244140625,48.35
01-01-2021,864.6400146484375,1893.0999755859375,3756.070068359375,0.9169999957084656,89.94000244140625,48.35
04-01-2021,843.0,1944.699951171875,3700.64990234375,0.9169999957084656,89.87999725341797,47.47
05-01-2021,842.2100219726562,1952.699951171875,3726.860107421875,0.9549999833106995,89.44000244140625,49.78
06-01-2021,857.5800170898438,1906.9000244140625,3748.139892578125,1.0420000553131104,89.52999877929688,50.45
07-01-2021,844.030029296875,1912.300048828125,3803.7900390625,1.0709999799728394,89.83000183105469,50.63
08-01-2021,851.280029296875,1834.0999755859375,3824.679931640625,1.1050000190734863,90.0999984741211,52.14
11-01-2021,843.3099975585938,1849.5999755859375,3799.610107421875,1.1319999694824219,90.54000091552734,52.15
12-01-2021,839.3300170898438,1842.9000244140625,3801.18994140625,1.1380000114440918,90.05000305175781,53.08
13-01-2021,855.739990234375,1853.5999755859375,3809.840087890625,1.0880000591278076,90.31999969482422,52.81
14-01-2021,851.260009765625,1850.300048828125,3795.5400390625,1.128999948501587,90.23999786376953,53.47
15-01-2021,861.0900268554688,1829.300048828125,3768.25,1.097000002861023,90.77999877929688,52.25
18-01-2021,861.0900268554688,1829.300048828125,3768.25,1.097000002861023,90.77999877929688,52.25
19-01-2021,857.4500122070312,1839.5,3798.909912109375,1.0920000076293945,90.5,52.87
20-01-2021,864.719970703125,1865.9000244140625,3851.85009765625,1.090000033378601,90.47000122070312,53.16
21-01-2021,857.9000244140625,1865.300048828125,3853.070068359375,1.1089999675750732,90.12999725341797,53.0
22-01-2021,857.9400024414062,1855.699951171875,3841.469970703125,1.090999960899353,90.23999786376953,52.28
25-01-2021,872.1699829101562,1854.9000244140625,3855.360107421875,1.0399999618530273,90.38999938964844,52.78
26-01-2021,864.4099731445312,1850.699951171875,3849.6201171875,1.0399999618530273,90.16999816894531,52.61
27-01-2021,844.3699951171875,1844.9000244140625,3750.77001953125,1.0140000581741333,90.6500015258789,52.81
28-01-2021,853.219970703125,1837.9000244140625,3787.3798828125,1.0570000410079956,90.45999908447266,52.26
29-01-2021,852.4000244140625,1847.300048828125,3714.239990234375,1.093000054359436,90.58000183105469,52.16
01-02-2021,856.5800170898438,1860.800048828125,3773.860107421875,1.0770000219345093,91.0199966430664,53.55
02-02-2021,863.3200073242188,1830.5,3826.31005859375,1.1050000190734863,91.19999694824219,54.77
03-02-2021,860.2999877929688,1832.199951171875,3830.169921875,1.13100004196167,91.12000274658203,55.67
04-02-2021,867.6099853515625,1788.9000244140625,3871.739990234375,1.1390000581741333,91.52999877929688,56.19
05-02-2021,872.25,1810.9000244140625,3886.830078125,1.1699999570846558,91.04000091552734,56.8
08-02-2021,865.4099731445312,1831.9000244140625,3915.590087890625,1.159999966621399,90.93000030517578,57.95
09-02-2021,866.030029296875,1835.300048828125,3911.22998046875,1.156999945640564,90.44000244140625,58.34
10-02-2021,871.2100219726562,1840.5999755859375,3909.8798828125,1.1330000162124634,90.37000274658203,58.69
11-02-2021,864.7899780273438,1824.9000244140625,3916.3798828125,1.1579999923706055,90.41999816894531,58.22
12-02-2021,857.0999755859375,1821.5999755859375,3934.830078125,1.2000000476837158,90.4800033569336,59.5
15-02-2021,857.0999755859375,1821.5999755859375,3934.830078125,1.2000000476837158,90.4800033569336,59.5
16-02-2021,851.2000122070312,1797.199951171875,3932.590087890625,1.2990000247955322,90.51000213623047,60.07
17-02-2021,853.0599975585938,1771.0999755859375,3931.330078125,1.3009999990463257,90.94999694824219,61.09
18-02-2021,857.97998046875,1773.4000244140625,3913.969970703125,1.2869999408721924,90.58999633789062,60.4
19-02-2021,846.510009765625,1775.800048828125,3906.7099609375,1.3450000286102295,90.36000061035156,59.12
22-02-2021,830.3800048828125,1806.699951171875,3876.5,1.3700000047683716,90.01000213623047,61.67
23-02-2021,835.8499755859375,1804.4000244140625,3881.3701171875,1.3619999885559082,90.16999816894531,61.66
24-02-2021,825.6500244140625,1796.4000244140625,3925.429931640625,1.3890000581741333,90.18000030517578,63.21
25-02-2021,814.3900146484375,1774.4000244140625,3829.340087890625,1.5180000066757202,90.12999725341797,63.43
26-02-2021,795.6099853515625,1728.0999755859375,3811.14990234375,1.4600000381469727,90.93000030517578,61.55
01-03-2021,810.3800048828125,1722.5,3901.820068359375,1.4459999799728394,91.04000091552734,60.54
02-03-2021,806.0800170898438,1733.0999755859375,3870.2900390625,1.4149999618530273,90.79000091552734,59.7
03-03-2021,798.5900268554688,1715.300048828125,3819.719970703125,1.4700000286102295,90.94999694824219,61.33
04-03-2021,800.1699829101562,1700.199951171875,3768.469970703125,1.5499999523162842,91.62999725341797,63.81
05-03-2021,814.030029296875,1698.0,3841.93994140625,1.5540000200271606,91.9800033569336,66.08
08-03-2021,823.4500122070312,1677.699951171875,3821.35009765625,1.5959999561309814,92.30999755859375,65.03
09-03-2021,830.9299926757812,1716.5999755859375,3875.43994140625,1.5460000038146973,91.95999908447266,64.02
10-03-2021,837.0499877929688,1721.5,3898.81005859375,1.5199999809265137,91.79000091552734,64.45
11-03-2021,834.27001953125,1722.300048828125,3939.340087890625,1.5269999504089355,91.41999816894531,66.02
12-03-2021,844.8800048828125,1719.5,3943.340087890625,1.6349999904632568,91.68000030517578,65.59
15-03-2021,856.77001953125,1728.9000244140625,3968.93994140625,1.6069999933242798,91.83000183105469,65.36
16-03-2021,859.0399780273438,1730.5999755859375,3962.7099609375,1.621000051498413,91.87000274658203,64.82
17-03-2021,847.9199829101562,1726.800048828125,3974.1201171875,1.6410000324249268,91.4000015258789,64.55
18-03-2021,846.030029296875,1732.199951171875,3915.4599609375,1.7300000190734863,91.8499984741211,59.95
19-03-2021,847.5599975585938,1741.4000244140625,3913.10009765625,1.7319999933242798,91.91999816894531,61.43
22-03-2021,847.6699829101562,1737.800048828125,3940.590087890625,1.684000015258789,91.80000305175781,61.48
23-03-2021,859.1300048828125,1724.699951171875,3910.52001953125,1.6380000114440918,92.33999633789062,57.75
24-03-2021,861.5900268554688,1732.9000244140625,3889.139892578125,1.6139999628067017,92.52999877929688,61.12
25-03-2021,869.27001953125,1724.9000244140625,3909.52001953125,1.6139999628067017,92.87999725341797,58.47
26-03-2021,873.5499877929688,1732.199951171875,3974.5400390625,1.659999966621399,92.7699966430664,60.93
29-03-2021,882.2100219726562,1712.0999755859375,3971.090087890625,1.7209999561309814,92.94000244140625,61.49
30-03-2021,874.489990234375,1683.9000244140625,3958.550048828125,1.7259999513626099,93.30000305175781,60.55
31-03-2021,880.3400268554688,1713.800048828125,3972.889892578125,1.746000051498413,93.2300033569336,59.19
01-04-2021,879.510009765625,1726.5,4019.8701171875,1.6790000200271606,92.93000030517578,61.41
02-04-2021,879.510009765625,1726.5,4019.8701171875,1.6790000200271606,92.93000030517578,61.41
05-04-2021,889.8800048828125,1727.0,4077.909912109375,1.7200000286102295,92.5999984741211,58.73
06-04-2021,893.5900268554688,1741.5,4073.93994140625,1.656000018119812,92.33999633789062,59.34
07-04-2021,892.3499755859375,1740.0999755859375,4079.949951171875,1.652999997138977,92.45999908447266,59.77
08-04-2021,891.1699829101562,1756.800048828125,4097.169921875,1.6319999694824219,92.05999755859375,59.61
09-04-2021,891.6699829101562,1743.300048828125,4128.7998046875,1.6660000085830688,92.16000366210938,59.29
12-04-2021,892.010009765625,1731.199951171875,4127.990234375,1.6749999523162842,92.13999938964844,59.7
13-04-2021,902.5900268554688,1746.199951171875,4141.58984375,1.6230000257492065,91.8499984741211,60.2
14-04-2021,907.3400268554688,1734.9000244140625,4124.66015625,1.6380000114440918,91.69000244140625,63.15
15-04-2021,917.1900024414062,1765.4000244140625,4170.419921875,1.5299999713897705,91.66999816894531,63.42
16-04-2021,923.7100219726562,1779.0,4185.47021484375,1.5729999542236328,91.55999755859375,63.16
19-04-2021,920.8300170898438,1769.4000244140625,4163.259765625,1.6009999513626099,91.06999969482422,63.33
20-04-2021,933.3699951171875,1777.300048828125,4134.93994140625,1.562000036239624,91.23999786376953,62.61
21-04-2021,927.2999877929688,1792.300048828125,4173.419921875,1.5640000104904175,91.16000366210938,61.34
22-04-2021,921.0999755859375,1781.199951171875,4134.97998046875,1.5540000200271606,91.33000183105469,61.45
23-04-2021,918.260009765625,1777.0,4180.169921875,1.5670000314712524,90.86000061035156,62.18
26-04-2021,912.0,1779.199951171875,4187.6201171875,1.5700000524520874,90.80999755859375,62.02
27-04-2021,904.6699829101562,1778.0,4186.72021484375,1.621999979019165,90.91000366210938,63.03
28-04-2021,902.760009765625,1773.199951171875,4183.18017578125,1.6200000047683716,90.61000061035156,63.81
29-04-2021,911.0599975585938,1768.0999755859375,4211.47021484375,1.6399999856948853,90.61000061035156,65.0
30-04-2021,919.25,1767.300048828125,4181.169921875,1.63100004196167,91.27999877929688,63.5
03-05-2021,919.780029296875,1791.4000244140625,4192.66015625,1.6069999933242798,90.94999694824219,64.46
04-05-2021,917.25,1775.800048828125,4164.66015625,1.5920000076293945,91.29000091552734,65.72
05-05-2021,902.2999877929688,1784.0999755859375,4167.58984375,1.5839999914169312,91.30999755859375,65.63
06-05-2021,908.8200073242188,1815.5,4201.6201171875,1.5609999895095825,90.94999694824219,64.73
07-05-2021,909.9000244140625,1831.0999755859375,4232.60009765625,1.5770000219345093,90.2300033569336,64.96
10-05-2021,919.9299926757812,1837.5,4188.43017578125,1.6019999980926514,90.20999908447266,64.92
11-05-2021,910.1400146484375,1835.9000244140625,4152.10009765625,1.6239999532699585,90.13999938964844,65.31
12-05-2021,889.0999755859375,1822.5999755859375,4063.0400390625,1.6950000524520874,90.70999908447266,65.96
13-05-2021,905.1099853515625,1823.800048828125,4112.5,1.6679999828338623,90.75,63.82
14-05-2021,907.72998046875,1837.9000244140625,4173.85009765625,1.6349999904632568,90.31999969482422,65.32
17-05-2021,899.3900146484375,1867.5,4163.2900390625,1.6399999856948853,90.22000122070312,66.24
18-05-2021,898.989990234375,1867.800048828125,4127.830078125,1.6419999599456787,89.75,65.49
19-05-2021,896.6900024414062,1881.300048828125,4115.68017578125,1.6829999685287476,90.19000244140625,63.28
20-05-2021,903.4500122070312,1881.800048828125,4159.1201171875,1.6339999437332153,89.80999755859375,61.95
21-05-2021,908.530029296875,1876.699951171875,4155.85986328125,1.6319999694824219,90.0199966430664,63.61
24-05-2021,907.5700073242188,1884.5999755859375,4197.0498046875,1.6080000400543213,89.83000183105469,66.13
25-05-2021,897.72998046875,1898.0999755859375,4188.1298828125,1.5640000104904175,89.63999938964844,66.27
26-05-2021,899.2899780273438,1901.300048828125,4195.990234375,1.5740000009536743,90.04000091552734,66.41
27-05-2021,892.9199829101562,1895.699951171875,4200.8798828125,1.6100000143051147,89.97000122070312,66.87
28-05-2021,897.3499755859375,1902.5,4204.10986328125,1.5809999704360962,90.02999877929688,66.31
31-05-2021,897.3499755859375,1902.5,4204.10986328125,1.5809999704360962,90.02999877929688,66.31
01-06-2021,893.530029296875,1902.9000244140625,4202.0400390625,1.6150000095367432,89.83000183105469,67.8
02-06-2021,897.8599853515625,1907.5,4208.1201171875,1.590999960899353,89.9000015258789,68.79
03-06-2021,902.489990234375,1871.199951171875,4192.85009765625,1.625,90.5,68.81
04-06-2021,900.8200073242188,1889.800048828125,4229.89013671875,1.559999942779541,90.13999938964844,69.57
07-06-2021,902.0900268554688,1896.800048828125,4226.52001953125,1.569000005722046,89.94999694824219,69.21
08-06-2021,894.260009765625,1892.199951171875,4227.259765625,1.527999997138977,90.08000183105469,70.11
09-06-2021,902.8900146484375,1893.199951171875,4219.5498046875,1.4889999628067017,90.12000274658203,69.9
10-06-2021,908.6799926757812,1894.199951171875,4239.18017578125,1.4589999914169312,90.08000183105469,70.34
11-06-2021,912.8499755859375,1877.4000244140625,4247.43994140625,1.4620000123977661,90.55999755859375,71.0
14-06-2021,915.1799926757812,1864.0,4255.14990234375,1.5010000467300415,90.5199966430664,70.94
15-06-2021,918.4299926757812,1854.5,4246.58984375,1.4989999532699585,90.54000091552734,72.06
16-06-2021,903.9299926757812,1859.5,4223.7001953125,1.569000005722046,91.12999725341797,72.03
17-06-2021,907.739990234375,1773.800048828125,4221.85986328125,1.5110000371932983,91.88999938964844,71.06
18-06-2021,884.8599853515625,1767.9000244140625,4166.4501953125,1.4500000476837158,92.2300033569336,71.64
21-06-2021,896.9199829101562,1781.800048828125,4224.7900390625,1.4839999675750732,91.86000061035156,73.64
22-06-2021,890.3200073242188,1776.300048828125,4246.43994140625,1.472000002861023,91.7300033569336,73.15
23-06-2021,880.1199951171875,1782.300048828125,4241.83984375,1.4869999885559082,91.80000305175781,73.11
24-06-2021,878.969970703125,1775.5999755859375,4266.490234375,1.4869999885559082,91.81999969482422,73.31
25-06-2021,889.0700073242188,1776.5999755859375,4280.7001953125,1.5360000133514404,91.80999755859375,74.21
28-06-2021,893.2100219726562,1779.5999755859375,4290.60986328125,1.4780000448226929,91.87999725341797,72.98
29-06-2021,878.1599731445312,1762.800048828125,4291.7998046875,1.4800000190734863,92.05000305175781,73.14
30-06-2021,876.0700073242188,1770.800048828125,4297.5,1.4429999589920044,92.44000244140625,73.52
01-07-2021,885.1599731445312,1775.9000244140625,4319.93994140625,1.4800000190734863,92.5999984741211,75.33
02-07-2021,885.780029296875,1782.5999755859375,4352.33984375,1.430999994277954,92.2300033569336,75.37
05-07-2021,885.780029296875,1782.5999755859375,4352.33984375,1.430999994277954,92.2300033569336,75.37
06-07-2021,889.6799926757812,1793.5,4343.5400390625,1.3700000047683716,92.55000305175781,73.62
07-07-2021,895.969970703125,1801.5,4358.1298828125,1.3209999799728394,92.63999938964844,72.22
08-07-2021,891.719970703125,1799.5999755859375,4320.81982421875,1.2879999876022339,92.36000061035156,72.98
09-07-2021,894.2000122070312,1810.0,4369.5498046875,1.3559999465942383,92.12999725341797,74.56
12-07-2021,897.5999755859375,1805.5,4384.6298828125,1.3630000352859497,92.2300033569336,74.21
13-07-2021,890.4000244140625,1809.4000244140625,4369.2099609375,1.4149999618530273,92.75,75.24
14-07-2021,896.489990234375,1824.300048828125,4374.2998046875,1.3559999465942383,92.41000366210938,73.06
15-07-2021,906.72998046875,1828.4000244140625,4360.02978515625,1.2970000505447388,92.62000274658203,71.67
16-07-2021,914.6099853515625,1814.5,4327.16015625,1.2999999523162842,92.69000244140625,71.76
19-07-2021,899.1799926757812,1808.699951171875,4258.490234375,1.180999994277954,92.88999938964844,66.45
20-07-2021,902.5,1810.9000244140625,4323.06005859375,1.2089999914169312,92.97000122070312,67.32
21-07-2021,892.2899780273438,1802.9000244140625,4358.68994140625,1.2799999713897705,92.75,70.26
22-07-2021,892.97998046875,1805.0,4367.47998046875,1.2649999856948853,92.81999969482422,72.15
23-07-2021,904.5399780273438,1801.4000244140625,4411.7900390625,1.2860000133514404,92.91000366210938,72.24
26-07-2021,904.4000244140625,1798.699951171875,4422.2998046875,1.2760000228881836,92.6500015258789,72.15
27-07-2021,920.9400024414062,1799.5,4401.4599609375,1.2339999675750732,92.43000030517578,71.68
28-07-2021,915.7899780273438,1799.5,4400.64013671875,1.2610000371932983,92.31999969482422,72.37
29-07-2021,917.25,1831.199951171875,4419.14990234375,1.2690000534057617,91.86000061035156,73.62
30-07-2021,907.4199829101562,1812.5999755859375,4395.259765625,1.2389999628067017,92.16999816894531,73.93
02-08-2021,914.4400024414062,1818.0999755859375,4387.16015625,1.1740000247955322,92.05000305175781,71.31
03-08-2021,920.6900024414062,1810.0999755859375,4423.14990234375,1.1759999990463257,92.08000183105469,70.64
04-08-2021,919.1900024414062,1810.5,4402.66015625,1.184000015258789,92.2699966430664,68.19
05-08-2021,930.75,1805.0999755859375,4429.10009765625,1.2170000076293945,92.23999786376953,69.1
06-08-2021,926.739990234375,1760.0,4436.52001953125,1.2899999618530273,92.80000305175781,68.26
09-08-2021,925.1199951171875,1723.4000244140625,4432.35009765625,1.3170000314712524,92.94999694824219,66.56
10-08-2021,925.4199829101562,1728.800048828125,4436.75,1.3420000076293945,93.05999755859375,68.33
11-08-2021,931.52001953125,1750.4000244140625,4442.41015625,1.3289999961853027,92.91000366210938,69.3
12-08-2021,932.6699829101562,1749.0,4460.830078125,1.3669999837875366,93.04000091552734,69.12
13-08-2021,938.2899780273438,1775.199951171875,4468.0,1.2970000505447388,92.5199966430664,68.36
16-08-2021,944.5399780273438,1786.9000244140625,4479.7099609375,1.2569999694824219,92.62999725341797,67.44
17-08-2021,943.9199829101562,1785.0,4448.080078125,1.2580000162124634,93.12999725341797,66.5
18-08-2021,937.1699829101562,1781.5999755859375,4400.27001953125,1.2730000019073486,93.13999938964844,65.36
19-08-2021,940.9600219726562,1780.199951171875,4405.7998046875,1.2419999837875366,93.56999969482422,63.69
20-08-2021,950.75,1781.0,4441.669921875,1.2599999904632568,93.5,62.25
23-08-2021,939.4400024414062,1803.199951171875,4479.52978515625,1.2549999952316284,92.95999908447266,65.65
24-08-2021,933.25,1805.5999755859375,4486.22998046875,1.2899999618530273,92.88999938964844,67.5
25-08-2021,934.4500122070312,1788.199951171875,4496.18994140625,1.3420000076293945,92.83000183105469,68.54
26-08-2021,931.77001953125,1792.199951171875,4470.0,1.3420000076293945,93.05999755859375,67.42
27-08-2021,932.25,1816.5999755859375,4509.3701171875,1.312000036239624,92.69000244140625,68.84
30-08-2021,935.1599731445312,1809.0,4528.7900390625,1.284999966621399,92.6500015258789,69.28
31-08-2021,934.2999877929688,1815.0,4522.68017578125,1.3040000200271606,92.62999725341797,68.43
01-09-2021,945.3699951171875,1813.0999755859375,4524.08984375,1.3020000457763672,92.44999694824219,68.63
02-09-2021,952.6199951171875,1808.699951171875,4536.9501953125,1.2940000295639038,92.2300033569336,70.07
03-09-2021,944.9299926757812,1830.9000244140625,4535.43017578125,1.3220000267028809,92.04000091552734,69.34
06-09-2021,944.9299926757812,1830.9000244140625,4535.43017578125,1.3220000267028809,92.04000091552734,69.34
07-09-2021,932.260009765625,1795.9000244140625,4520.02978515625,1.3700000047683716,92.5199966430664,68.49
08-09-2021,949.1199951171875,1790.699951171875,4514.06982421875,1.3339999914169312,92.6500015258789,69.36
09-09-2021,944.0800170898438,1797.4000244140625,4493.27978515625,1.2990000247955322,92.4800033569336,68.26
10-09-2021,929.1400146484375,1789.5999755859375,4458.580078125,1.340999960899353,92.58000183105469,69.82
13-09-2021,927.280029296875,1792.0,4468.72998046875,1.3240000009536743,92.62000274658203,70.54
14-09-2021,924.6900024414062,1804.699951171875,4443.0498046875,1.2769999504089355,92.6500015258789,70.53
15-09-2021,924.9600219726562,1792.4000244140625,4480.7001953125,1.3040000200271606,92.48999786376953,72.59
16-09-2021,916.72998046875,1754.5999755859375,4473.75,1.3309999704360962,92.86000061035156,72.69
17-09-2021,903.7999877929688,1749.4000244140625,4432.990234375,1.3700000047683716,93.19999694824219,72.09
20-09-2021,901.5399780273438,1761.800048828125,4357.72998046875,1.309000015258789,93.23999786376953,70.41
21-09-2021,898.489990234375,1776.0,4354.18994140625,1.3240000009536743,93.19999694824219,70.51
22-09-2021,898.0499877929688,1776.699951171875,4395.64013671875,1.3359999656677246,93.45999908447266,72.37
23-09-2021,893.6099853515625,1747.699951171875,4448.97998046875,1.409999966621399,93.0999984741211,73.43
24-09-2021,892.7999877929688,1749.699951171875,4455.47998046875,1.4600000381469727,93.33000183105469,74.18
27-09-2021,882.0700073242188,1750.0,4443.10986328125,1.4839999675750732,93.37999725341797,75.54
28-09-2021,869.739990234375,1735.800048828125,4352.6298828125,1.534000039100647,93.7699966430664,75.44
29-09-2021,882.2899780273438,1721.5,4359.4599609375,1.5410000085830688,94.33999633789062,75.06
30-09-2021,874.6300048828125,1755.300048828125,4307.5400390625,1.5290000438690186,94.25,75.22
01-10-2021,872.8200073242188,1757.0,4357.0400390625,1.4789999723434448,94.04000091552734,76.01
04-10-2021,885.7000122070312,1766.199951171875,4300.4599609375,1.4809999465942383,93.80999755859375,77.68
05-10-2021,884.1199951171875,1759.5999755859375,4345.72021484375,1.5290000438690186,93.9800033569336,79.17
06-10-2021,896.25,1760.5,4363.5498046875,1.5240000486373901,94.2699966430664,77.66
07-10-2021,891.02001953125,1757.9000244140625,4399.759765625,1.5709999799728394,94.22000122070312,78.46
08-10-2021,884.7000122070312,1756.300048828125,4391.33984375,1.6050000190734863,94.06999969482422,79.55
11-10-2021,874.6300048828125,1754.5999755859375,4361.18994140625,1.6139999628067017,94.31999969482422,80.64
12-10-2021,879.4000244140625,1758.300048828125,4350.64990234375,1.5800000429153442,94.5199966430664,80.75
13-10-2021,890.1400146484375,1793.699951171875,4363.7998046875,1.5490000247955322,94.08000183105469,80.67
14-10-2021,900.0900268554688,1796.699951171875,4438.259765625,1.5190000534057617,93.95999908447266,81.43
15-10-2021,898.5399780273438,1767.199951171875,4471.3701171875,1.5759999752044678,93.94000244140625,82.39
18-10-2021,889.47998046875,1764.800048828125,4486.4599609375,1.5839999914169312,93.94999694824219,82.62
19-10-2021,902.25,1769.699951171875,4519.6298828125,1.6349999904632568,93.79000091552734,83.19
20-10-2021,916.1599731445312,1784.0999755859375,4536.18994140625,1.6360000371932983,93.55999755859375,84.4
21-10-2021,915.489990234375,1781.199951171875,4549.77978515625,1.6759999990463257,93.7699966430664,82.64
22-10-2021,921.4299926757812,1795.5,4544.89990234375,1.6549999713897705,93.61000061035156,84.53
25-10-2021,917.780029296875,1806.0,4566.47998046875,1.6349999904632568,93.80999755859375,84.64
26-10-2021,921.77001953125,1792.699951171875,4574.7900390625,1.61899995803833,93.94999694824219,85.64
27-10-2021,914.8099975585938,1797.9000244140625,4551.68017578125,1.5290000438690186,93.86000061035156,82.66
28-10-2021,921.1500244140625,1801.5999755859375,4596.419921875,1.5679999589920044,93.3499984741211,82.78
29-10-2021,915.9099731445312,1783.0,4605.3798828125,1.5570000410079956,94.12000274658203,83.5
01-11-2021,919.8200073242188,1795.0999755859375,4613.669921875,1.5750000476837158,93.87999725341797,84.08
02-11-2021,922.8900146484375,1788.699951171875,4630.64990234375,1.5490000247955322,94.08999633789062,83.91
03-11-2021,914.1699829101562,1763.5999755859375,4660.56982421875,1.5789999961853027,93.86000061035156,80.82
04-11-2021,911.1099853515625,1793.0,4680.06005859375,1.5240000486373901,94.3499984741211,78.88
05-11-2021,918.6300048828125,1816.4000244140625,4697.52978515625,1.4529999494552612,94.31999969482422,81.25
08-11-2021,907.0,1827.4000244140625,4701.7001953125,1.496999979019165,94.05000305175781,81.96
09-11-2021,909.9400024414062,1830.199951171875,4685.25,1.4320000410079956,93.95999908447266,84.12
10-11-2021,917.0399780273438,1847.5999755859375,4646.7099609375,1.559999942779541,94.8499984741211,81.23
11-11-2021,910.260009765625,1863.199951171875,4649.27001953125,1.559999942779541,95.18000030517578,81.47
12-11-2021,908.2899780273438,1867.9000244140625,4682.85009765625,1.5820000171661377,95.12999725341797,80.87
15-11-2021,919.6099853515625,1866.0999755859375,4682.7998046875,1.6230000257492065,95.41000366210938,80.85
16-11-2021,913.25,1853.5999755859375,4700.89990234375,1.6339999437332153,95.91999816894531,80.76
17-11-2021,912.3400268554688,1869.699951171875,4688.669921875,1.6039999723434448,95.83000183105469,78.32
18-11-2021,908.4000244140625,1861.0,4704.5400390625,1.5889999866485596,95.54000091552734,78.92
19-11-2021,914.3900146484375,1851.199951171875,4697.9599609375,1.5360000133514404,96.06999969482422,76.11
22-11-2021,921.5,1806.0,4682.93994140625,1.625,96.5,76.74
23-11-2021,922.6599731445312,1783.5,4690.7001953125,1.6670000553131104,96.48999786376953,78.32
24-11-2021,922.8499755859375,1784.0999755859375,4701.4599609375,1.6449999809265137,96.83999633789062,78.32
25-11-2021,922.8499755859375,1784.0999755859375,4701.4599609375,1.6449999809265137,96.83999633789062,78.32
26-11-2021,906.9500122070312,1785.300048828125,4594.6201171875,1.4819999933242798,96.08999633789062,78.32
29-11-2021,920.5700073242188,1782.300048828125,4655.27001953125,1.5299999713897705,96.33999633789062,69.88
30-11-2021,893.5599975585938,1773.5999755859375,4567.0,1.4429999589920044,95.98999786376953,66.14
01-12-2021,892.489990234375,1781.5999755859375,4513.0400390625,1.434000015258789,96.05000305175781,65.44
02-12-2021,904.0999755859375,1760.699951171875,4577.10009765625,1.4479999542236328,96.12999725341797,66.6
03-12-2021,914.030029296875,1782.0,4538.43017578125,1.343000054359436,96.12000274658203,66.39
06-12-2021,927.0900268554688,1777.5,4591.669921875,1.434000015258789,96.29000091552734,69.62
07-12-2021,934.1199951171875,1782.5999755859375,4686.75,1.4800000190734863,96.37000274658203,71.94
08-12-2021,932.6300048828125,1783.4000244140625,4701.2099609375,1.5089999437332153,95.88999938964844,72.43
09-12-2021,931.1300048828125,1774.5999755859375,4667.4501953125,1.4869999885559082,96.2699966430664,70.87
10-12-2021,935.6699829101562,1782.9000244140625,4712.02001953125,1.4889999628067017,96.05000305175781,71.71
13-12-2021,947.260009765625,1786.300048828125,4668.97021484375,1.4240000247955322,96.31999969482422,71.19
14-12-2021,942.260009765625,1770.4000244140625,4634.08984375,1.437999963760376,96.56999969482422,70.57
15-12-2021,957.260009765625,1762.5999755859375,4709.85009765625,1.4630000591278076,96.51000213623047,70.89
16-12-2021,962.8699951171875,1796.5999755859375,4668.669921875,1.4220000505447388,96.04000091552734,72.34
17-12-2021,950.0700073242188,1803.800048828125,4620.64013671875,1.4019999504089355,96.56999969482422,70.93
20-12-2021,952.0800170898438,1793.699951171875,4568.02001953125,1.4190000295639038,96.55000305175781,68.69
21-12-2021,950.0999755859375,1787.9000244140625,4649.22998046875,1.4869999885559082,96.48999786376953,71.1
22-12-2021,956.3800048828125,1801.5999755859375,4696.56005859375,1.4570000171661377,96.08000183105469,72.82
23-12-2021,955.77001953125,1811.199951171875,4725.7900390625,1.4930000305175781,96.0199966430664,73.89
24-12-2021,955.77001953125,1811.199951171875,4725.7900390625,1.4930000305175781,96.0199966430664,73.89
27-12-2021,960.8200073242188,1808.0999755859375,4791.18994140625,1.4809999465942383,96.08999633789062,75.49
28-12-2021,969.1199951171875,1810.199951171875,4786.35009765625,1.4809999465942383,96.19999694824219,76.01
29-12-2021,975.1099853515625,1805.0999755859375,4793.06005859375,1.5429999828338623,95.93000030517578,76.58
30-12-2021,977.4500122070312,1812.699951171875,4778.72998046875,1.5149999856948853,95.97000122070312,76.83
31-12-2021,980.780029296875,1827.5,4766.18017578125,1.5119999647140503,95.66999816894531,75.33
03-01-2022,972.239990234375,1799.4000244140625,4796.56005859375,1.628000020980835,96.23999786376953,75.99
04-01-2022,969.72998046875,1814.0,4793.5400390625,1.6679999828338623,96.29000091552734,77.0
05-01-2022,969.2000122070312,1824.5999755859375,4700.580078125,1.7050000429153442,96.19000244140625,77.83
06-01-2022,962.4600219726562,1788.699951171875,4696.0498046875,1.7330000400543213,96.25,79.47
07-01-2022,968.0999755859375,1797.0,4677.02978515625,1.7710000276565552,95.73999786376953,79.0
10-01-2022,962.6599731445312,1798.4000244140625,4670.2900390625,1.7799999713897705,95.98999786376953,78.11
11-01-2022,952.739990234375,1818.5999755859375,4713.06982421875,1.746000051498413,95.62000274658203,81.17
12-01-2022,955.219970703125,1827.199951171875,4726.35009765625,1.725000023841858,95.0,82.51
13-01-2022,958.97998046875,1821.199951171875,4659.02978515625,1.7109999656677246,94.79000091552734,81.97
14-01-2022,953.0700073242188,1816.5,4662.85009765625,1.7719999551773071,95.16999816894531,83.82
17-01-2022,953.0700073242188,1816.5,4662.85009765625,1.7719999551773071,95.16999816894531,83.82
18-01-2022,942.760009765625,1812.300048828125,4577.10986328125,1.8650000095367432,95.7300033569336,85.42
19-01-2022,944.5599975585938,1843.0999755859375,4532.759765625,1.8270000219345093,95.51000213623047,86.84
20-01-2022,945.5999755859375,1842.5,4482.72998046875,1.8329999446868896,95.73999786376953,86.29
21-01-2022,943.75,1831.800048828125,4397.93994140625,1.746999979019165,95.63999938964844,85.16
24-01-2022,932.469970703125,1841.699951171875,4410.1298828125,1.7350000143051147,95.91999816894531,84.48
25-01-2022,926.5399780273438,1852.699951171875,4356.4501953125,1.7829999923706055,95.94999694824219,86.61
26-01-2022,922.8699951171875,1829.9000244140625,4349.93017578125,1.8480000495910645,96.48999786376953,88.33
27-01-2022,930.25,1793.300048828125,4326.509765625,1.8070000410079956,97.26000213623047,87.61
28-01-2022,941.030029296875,1784.9000244140625,4431.85009765625,1.781999945640564,97.2699966430664,87.67
31-01-2022,954.1799926757812,1795.0,4515.5498046875,1.781999945640564,96.54000091552734,89.16
01-02-2022,942.6099853515625,1800.300048828125,4546.5400390625,1.7999999523162842,96.38999938964844,88.22
02-02-2022,955.22998046875,1809.199951171875,4589.3798828125,1.7660000324249268,95.94000244140625,88.16
03-02-2022,950.5999755859375,1803.0,4477.43994140625,1.8270000219345093,95.37999725341797,90.17
04-02-2022,942.1900024414062,1806.5999755859375,4500.52978515625,1.9299999475479126,95.4800033569336,92.27
07-02-2022,943.2000122070312,1820.5999755859375,4483.8701171875,1.9160000085830688,95.4000015258789,91.25
08-02-2022,945.8300170898438,1826.5999755859375,4521.5400390625,1.9539999961853027,95.63999938964844,89.32
09-02-2022,949.030029296875,1835.199951171875,4587.18017578125,1.9290000200271606,95.48999786376953,89.57
10-02-2022,924.0499877929688,1836.199951171875,4504.080078125,2.0309998989105225,95.55000305175781,89.83
11-02-2022,924.77001953125,1840.800048828125,4418.64013671875,1.9550000429153442,96.08000183105469,93.1
14-02-2022,917.2899780273438,1868.0,4401.669921875,1.996000051498413,96.37000274658203,95.52
15-02-2022,911.010009765625,1854.800048828125,4471.06982421875,2.0450000762939453,95.98999786376953,92.07
16-02-2022,913.0399780273438,1870.199951171875,4475.009765625,2.046999931335449,95.69999694824219,93.83
17-02-2022,915.0,1900.699951171875,4380.259765625,1.972000002861023,95.80000305175781,91.78
18-02-2022,915.77001953125,1898.5999755859375,4348.8701171875,1.9320000410079956,96.04000091552734,91.26
21-02-2022,915.77001953125,1898.5999755859375,4348.8701171875,1.9320000410079956,96.04000091552734,91.26
22-02-2022,915.7999877929688,1906.0999755859375,4304.759765625,1.9479999542236328,96.02999877929688,92.11
23-02-2022,902.0399780273438,1909.199951171875,4225.5,1.9769999980926514,96.19000244140625,92.14
24-02-2022,905.489990234375,1925.0999755859375,4288.7001953125,1.968999981880188,97.13999938964844,92.77
25-02-2022,938.25,1886.5,4384.64990234375,1.9859999418258667,96.62000274658203,91.68
28-02-2022,942.5399780273438,1899.4000244140625,4373.93994140625,1.8389999866485596,96.70999908447266,96.13
01-03-2022,939.0,1942.4000244140625,4306.259765625,1.7070000171661377,97.41000366210938,103.66
02-03-2022,950.6400146484375,1920.9000244140625,4386.5400390625,1.8650000095367432,97.38999938964844,110.74
03-03-2022,966.8099975585938,1934.4000244140625,4363.490234375,1.843999981880188,97.79000091552734,107.69
04-03-2022,988.469970703125,1965.0999755859375,4328.8701171875,1.7239999771118164,98.6500015258789,115.77
07-03-2022,996.4000244140625,1993.9000244140625,4201.08984375,1.7510000467300415,99.29000091552734,119.26
08-03-2022,979.6699829101562,2040.0999755859375,4170.7001953125,1.871999979019165,99.05999755859375,123.64
09-03-2022,974.1300048828125,1985.9000244140625,4277.8798828125,1.9479999542236328,97.97000122070312,108.81
10-03-2022,981.5399780273438,1998.0999755859375,4259.52001953125,2.010999917984009,98.51000213623047,105.93
11-03-2022,978.6799926757812,1982.699951171875,4204.31005859375,2.003999948501587,99.12000274658203,109.31
14-03-2022,976.72998046875,1959.5999755859375,4173.10986328125,2.140000104904175,99.05999755859375,103.22
15-03-2022,988.1699829101562,1928.5,4262.4501953125,2.1600000858306885,99.06999969482422,96.42
16-03-2022,985.4099731445312,1908.0,4357.85986328125,2.187999963760376,98.37999725341797,94.85
17-03-2022,990.8300170898438,1942.0999755859375,4411.669921875,2.191999912261963,98.01000213623047,102.97
18-03-2022,983.0399780273438,1928.199951171875,4463.1201171875,2.1480000019073486,98.2300033569336,104.69
21-03-2022,990.72998046875,1928.5999755859375,4461.18017578125,2.315000057220459,98.5,112.14
22-03-2022,989.7100219726562,1920.699951171875,4511.60986328125,2.372999906539917,98.48999786376953,111.03
23-03-2022,991.530029296875,1936.5999755859375,4456.240234375,2.321000099182129,98.62000274658203,114.89
24-03-2022,1000.8200073242188,1961.5999755859375,4520.16015625,2.3410000801086426,98.79000091552734,114.2
25-03-2022,1016.6400146484375,1953.800048828125,4543.06005859375,2.492000102996826,98.80999755859375,116.2
28-03-2022,1022.030029296875,1939.5999755859375,4575.52001953125,2.4769999980926514,99.08999633789062,107.55
29-03-2022,1033.3199462890625,1912.0,4631.60009765625,2.4000000953674316,98.4000015258789,104.25
30-03-2022,1042.0999755859375,1933.5,4602.4501953125,2.3580000400543213,97.79000091552734,107.81
31-03-2022,1041.9599609375,1949.199951171875,4530.41015625,2.3269999027252197,98.30999755859375,100.53
01-04-2022,1057.27001953125,1919.0999755859375,4545.85986328125,2.377000093460083,98.62999725341797,99.32
04-04-2022,1045.75,1929.199951171875,4582.64013671875,2.4119999408721924,98.98999786376953,103.29
05-04-2022,1050.5799560546875,1922.9000244140625,4525.1201171875,2.555999994277954,99.47000122070312,101.98
06-04-2022,1070.9300537109375,1918.4000244140625,4481.14990234375,2.6089999675750732,99.5999984741211,96.39
07-04-2022,1067.77001953125,1933.800048828125,4500.2099609375,2.6519999504089355,99.75,96.05
08-04-2022,1070.8399658203125,1941.5999755859375,4488.27978515625,2.7130000591278076,99.80000305175781,98.35
11-04-2022,1058.030029296875,1944.300048828125,4412.52978515625,2.7799999713897705,99.93000030517578,94.22
12-04-2022,1062.260009765625,1972.0999755859375,4397.4501953125,2.7249999046325684,100.29000091552734,100.52
13-04-2022,1061.1500244140625,1981.0,4446.58984375,2.687000036239624,99.87999725341797,104.26
14-04-2022,1061.6300048828125,1970.9000244140625,4392.58984375,2.828000068664551,100.31999969482422,106.84
15-04-2022,1061.6300048828125,1970.9000244140625,4392.58984375,2.828000068664551,100.31999969482422,106.84
18-04-2022,1054.81005859375,1982.9000244140625,4391.68994140625,2.861999988555908,100.77999877929688,108.24
19-04-2022,1060.300048828125,1955.699951171875,4462.2099609375,2.9130001068115234,100.95999908447266,102.54
20-04-2022,1071.75,1952.300048828125,4459.4501953125,2.8399999141693115,100.38999938964844,102.56
21-04-2022,1059.3900146484375,1944.9000244140625,4393.66015625,2.9170000553131104,100.58000183105469,103.89
22-04-2022,1042.68994140625,1931.0,4271.77978515625,2.9059998989105225,101.22000122070312,102.86
25-04-2022,1033.1700439453125,1893.199951171875,4296.1201171875,2.8259999752044678,101.75,99.6
26-04-2022,1022.5800170898438,1901.4000244140625,4175.2001953125,2.7720000743865967,102.30000305175781,102.62
27-04-2022,1016.9500122070312,1885.9000244140625,4183.9599609375,2.818000078201294,102.94999694824219,101.96
28-04-2022,1030.719970703125,1888.699951171875,4287.5,2.86299991607666,103.62000274658203,105.47
29-04-2022,999.9000244140625,1909.300048828125,4131.93017578125,2.88700008392334,102.95999908447266,104.59
02-05-2022,987.1699829101562,1861.800048828125,4155.3798828125,2.996000051498413,103.73999786376953,105.18
03-05-2022,990.3099975585938,1868.800048828125,4175.47998046875,2.9600000381469727,103.47000122070312,102.53
04-05-2022,1011.2999877929688,1867.0,4300.169921875,2.9170000553131104,102.58999633789062,107.84
05-05-2022,998.27001953125,1874.0,4146.8701171875,3.065999984741211,103.75,108.17
06-05-2022,1007.1599731445312,1881.199951171875,4123.33984375,3.122999906539917,103.66000366210938,109.72
09-05-2022,998.0499877929688,1857.0999755859375,3991.239990234375,3.0789999961853027,103.6500015258789,103.08
10-05-2022,984.22998046875,1839.9000244140625,4001.050048828125,2.993000030517578,103.91999816894531,99.74
11-05-2022,991.1500244140625,1852.5999755859375,3935.179931640625,2.9210000038146973,103.8499984741211,105.5
12-05-2022,982.8400268554688,1823.800048828125,3930.080078125,2.816999912261963,104.8499984741211,106.15
13-05-2022,992.739990234375,1807.4000244140625,4023.889892578125,2.934999942779541,104.55999755859375,110.52
16-05-2022,993.7999877929688,1813.5,4008.010009765625,2.877000093460083,104.19000244140625,114.07
17-05-2022,1001.6199951171875,1818.199951171875,4088.85009765625,2.9679999351501465,103.36000061035156,112.31
18-05-2022,991.6799926757812,1815.9000244140625,3923.679931640625,2.885999917984009,103.80999755859375,109.67
19-05-2022,989.4000244140625,1841.199951171875,3900.7900390625,2.8550000190734863,102.72000122070312,112.21
20-05-2022,990.8599853515625,1841.800048828125,3901.360107421875,2.7869999408721924,103.1500015258789,112.63
23-05-2022,1005.02001953125,1847.800048828125,3973.75,2.8589999675750732,102.08000183105469,110.32
24-05-2022,1022.3599853515625,1865.0999755859375,3941.47998046875,2.759999990463257,101.86000061035156,112.55
25-05-2022,1020.719970703125,1846.199951171875,3978.72998046875,2.749000072479248,102.05999755859375,112.88
26-05-2022,1022.0399780273438,1847.4000244140625,4057.840087890625,2.75600004196167,101.83000183105469,116.19
27-05-2022,1035.300048828125,1851.300048828125,4158.240234375,2.743000030517578,101.66999816894531,114.96
30-05-2022,1035.300048828125,1851.300048828125,4158.240234375,2.743000030517578,101.66999816894531,114.96
31-05-2022,1023.0499877929688,1842.699951171875,4132.14990234375,2.8440001010894775,101.75,114.38
01-06-2022,1021.0800170898438,1843.300048828125,4101.22998046875,2.930999994277954,102.55000305175781,115.26
02-06-2022,1026.3800048828125,1866.5,4176.81982421875,2.9130001068115234,101.7699966430664,116.88
03-06-2022,1020.3099975585938,1845.4000244140625,4108.5400390625,2.9570000171661377,102.13999938964844,118.97
06-06-2022,1022.5999755859375,1839.199951171875,4121.43017578125,3.0380001068115234,102.44000244140625,118.41
07-06-2022,1030.4300537109375,1847.5,4160.68017578125,2.9719998836517334,102.31999969482422,119.55
08-06-2022,1009.8400268554688,1851.9000244140625,4115.77001953125,3.0290000438690186,102.54000091552734,121.94
09-06-2022,985.6599731445312,1848.800048828125,4017.820068359375,3.0439999103546143,103.22000122070312,121.52
10-06-2022,980.4199829101562,1871.5,3900.860107421875,3.1559998989105225,104.1500015258789,120.73
13-06-2022,934.7000122070312,1828.0,3749.6298828125,3.365999937057495,105.08000183105469,120.92
14-06-2022,910.1400146484375,1809.5,3735.47998046875,3.4830000400543213,105.5199966430664,118.92
15-06-2022,912.3499755859375,1815.300048828125,3789.989990234375,3.3949999809265137,105.16000366210938,115.32
16-06-2022,895.9299926757812,1845.699951171875,3666.77001953125,3.306999921798706,103.62999725341797,117.56
17-06-2022,887.719970703125,1835.5999755859375,3674.840087890625,3.239000082015991,104.69999694824219,109.56
20-06-2022,887.719970703125,1835.5999755859375,3674.840087890625,3.239000082015991,104.69999694824219,109.56
21-06-2022,904.219970703125,1834.5999755859375,3764.7900390625,3.306999921798706,104.44000244140625,110.49
22-06-2022,912.3800048828125,1834.300048828125,3759.889892578125,3.1559998989105225,104.19999694824219,106.22
23-06-2022,935.739990234375,1825.699951171875,3795.72998046875,3.068000078201294,104.43000030517578,105.75
24-06-2022,953.6300048828125,1826.5,3911.739990234375,3.125,104.19000244140625,109.07
27-06-2022,961.4299926757812,1820.9000244140625,3900.110107421875,3.194000005722046,103.94000244140625,111.44
28-06-2022,957.8400268554688,1817.5,3821.550048828125,3.2060000896453857,104.51000213623047,113.66
29-06-2022,959.489990234375,1813.699951171875,3818.830078125,3.0929999351501465,105.11000061035156,111.65
30-06-2022,969.2999877929688,1804.0999755859375,3785.3798828125,2.9719998836517334,104.69000244140625,107.76
01-07-2022,992.6300048828125,1798.9000244140625,3825.330078125,2.8889999389648438,105.13999938964844,110.3
04-07-2022,992.6300048828125,1798.9000244140625,3825.330078125,2.8889999389648438,105.13999938964844,110.3
05-07-2022,958.2100219726562,1761.800048828125,3831.389892578125,2.809000015258789,106.5,101.55
06-07-2022,967.9400024414062,1734.9000244140625,3845.080078125,2.9130001068115234,107.0999984741211,100.31
07-07-2022,966.5999755859375,1737.9000244140625,3902.6201171875,3.007999897003174,107.12999725341797,104.62
08-07-2022,962.030029296875,1740.5999755859375,3899.3798828125,3.1010000705718994,107.01000213623047,106.78
11-07-2022,966.9500122070312,1730.0,3854.429931640625,2.990999937057495,108.0199966430664,106.09
12-07-2022,960.719970703125,1723.300048828125,3818.800048828125,2.9579999446868896,108.06999969482422,97.69
13-07-2022,956.5900268554688,1734.199951171875,3801.780029296875,2.9040000438690186,107.95999908447266,98.44
14-07-2022,956.239990234375,1704.5,3790.3798828125,2.9600000381469727,108.54000091552734,97.79
15-07-2022,963.1599731445312,1702.4000244140625,3863.159912109375,2.930000066757202,108.05999755859375,99.59
18-07-2022,949.77001953125,1709.199951171875,3830.85009765625,2.9600000381469727,107.37000274658203,104.48
19-07-2022,957.4099731445312,1710.0,3936.68994140625,3.0190000534057617,106.68000030517578,106.12
20-07-2022,945.4099731445312,1699.5,3959.89990234375,3.0360000133514404,107.08000183105469,104.45
21-07-2022,948.9500122070312,1712.699951171875,3998.949951171875,2.9100000858306885,106.91000366210938,98.44
22-07-2022,960.9500122070312,1727.0999755859375,3961.6298828125,2.7829999923706055,106.7300033569336,97.71
25-07-2022,974.75,1719.0,3966.840087890625,2.819999933242798,106.4800033569336,99.83
26-07-2022,982.4299926757812,1717.699951171875,3921.050048828125,2.7869999408721924,107.19000244140625,97.74
27-07-2022,983.9600219726562,1719.0999755859375,4023.610107421875,2.7339999675750732,106.44999694824219,100.03
28-07-2022,1014.3499755859375,1750.300048828125,4072.429931640625,2.680999994277954,106.3499984741211,99.11
29-07-2022,1024.1800537109375,1762.9000244140625,4130.2900390625,2.6419999599456787,105.9000015258789,101.31
01-08-2022,1023.9099731445312,1769.0,4118.6298828125,2.6059999465942383,105.44999694824219,96.59
02-08-2022,1019.4500122070312,1771.0999755859375,4091.18994140625,2.740999937057495,106.23999786376953,97.14
03-08-2022,1025.739990234375,1758.0,4155.169921875,2.747999906539917,106.51000213623047,93.25
04-08-2022,1021.6199951171875,1788.5,4151.93994140625,2.6760001182556152,105.69000244140625,91.29
05-08-2022,1013.9600219726562,1772.9000244140625,4145.18994140625,2.8399999141693115,106.62000274658203,91.77
08-08-2022,1015.1199951171875,1786.800048828125,4140.06005859375,2.765000104904175,106.44000244140625,93.52
09-08-2022,1023.4099731445312,1794.0,4122.47021484375,2.796999931335449,106.37000274658203,93.18
10-08-2022,1027.6500244140625,1795.5999755859375,4210.240234375,2.7860000133514404,105.19999694824219,94.68
11-08-2022,1025.6500244140625,1789.699951171875,4207.27001953125,2.888000011444092,105.08999633789062,97.02
12-08-2022,1041.56005859375,1798.5999755859375,4280.14990234375,2.8489999771118164,105.62999725341797,94.86
15-08-2022,1050.6199951171875,1781.4000244140625,4297.14013671875,2.7909998893737793,106.55000305175781,92.24
16-08-2022,1053.8599853515625,1773.199951171875,4305.2001953125,2.8239998817443848,106.5,89.23
17-08-2022,1053.8599853515625,1760.300048828125,4274.0400390625,2.8929998874664307,106.56999969482422,90.85
18-08-2022,1057.219970703125,1755.300048828125,4283.740234375,2.880000114440918,107.4800033569336,93.2
19-08-2022,1056.06005859375,1747.5999755859375,4228.47998046875,2.989000082015991,108.16999816894531,93.55
22-08-2022,1040.949951171875,1734.0,4137.990234375,3.0369999408721924,109.05000305175781,93.42
23-08-2022,1034.1700439453125,1746.800048828125,4128.72998046875,3.053999900817871,108.62000274658203,96.46
24-08-2022,1037.72998046875,1747.800048828125,4140.77001953125,3.1059999465942383,108.68000030517578,95.52
25-08-2022,1043.510009765625,1757.699951171875,4199.1201171875,3.0260000228881836,108.47000122070312,93.33
26-08-2022,1026.739990234375,1736.0999755859375,4057.659912109375,3.0350000858306885,108.80000305175781,93.63
29-08-2022,1031.300048828125,1736.5999755859375,4030.610107421875,3.109999895095825,108.83999633789062,97.4
30-08-2022,1017.6900024414062,1723.199951171875,3986.159912109375,3.109999895095825,108.7699966430664,92.08
31-08-2022,1009.0800170898438,1712.800048828125,3955.0,3.132999897003174,108.69999694824219,90.09
01-09-2022,1024.550048828125,1696.5999755859375,3966.85009765625,3.265000104904175,109.69000244140625,87.09
02-09-2022,1014.1699829101562,1709.800048828125,3924.260009765625,3.193000078201294,109.52999877929688,87.29
05-09-2022,1014.1699829101562,1709.800048828125,3924.260009765625,3.193000078201294,109.52999877929688,87.29
06-09-2022,1013.6300048828125,1700.4000244140625,3908.18994140625,3.3399999141693115,110.20999908447266,87.35
07-09-2022,1047.2900390625,1715.300048828125,3979.8701171875,3.265000104904175,109.83999633789062,82.5
08-09-2022,1046.2900390625,1708.0,4006.179931640625,3.2920000553131104,109.70999908447266,84.04
09-09-2022,1050.3299560546875,1716.199951171875,4067.360107421875,3.321000099182129,109.0,87.27
12-09-2022,1061.77001953125,1728.0999755859375,4110.41015625,3.361999988555908,108.33000183105469,88.18
13-09-2022,1032.469970703125,1705.0,3932.68994140625,3.421999931335449,109.81999969482422,87.84
14-09-2022,1041.56005859375,1696.5,3946.010009765625,3.4119999408721924,109.66000366210938,88.88
15-09-2022,1015.97998046875,1665.4000244140625,3901.35009765625,3.4590001106262207,109.73999786376953,85.72
16-09-2022,1012.8599853515625,1671.699951171875,3873.330078125,3.447999954223633,109.76000213623047,85.57
19-09-2022,1024.6199951171875,1666.199951171875,3899.889892578125,3.490000009536743,109.73999786376953,86.15
20-09-2022,1008.510009765625,1659.699951171875,3855.929931640625,3.571000099182129,110.22000122070312,84.69
21-09-2022,995.1400146484375,1664.5999755859375,3789.929931640625,3.509999990463257,110.63999938964844,83.38
22-09-2022,990.9199829101562,1670.800048828125,3757.989990234375,3.7079999446868896,111.3499984741211,84.02
23-09-2022,978.52001953125,1645.300048828125,3693.22998046875,3.697000026702881,113.19000244140625,79.07
26-09-2022,953.47998046875,1623.300048828125,3655.0400390625,3.878000020980835,114.0999984741211,77.17
27-09-2022,934.22998046875,1626.699951171875,3647.2900390625,3.9639999866485596,114.11000061035156,78.91
28-09-2022,944.8400268554688,1660.4000244140625,3719.0400390625,3.7049999237060547,112.5999984741211,82.61
29-09-2022,906.0,1658.5,3640.469970703125,3.746999979019165,112.25,81.78
30-09-2022,888.469970703125,1662.4000244140625,3585.6201171875,3.803999900817871,112.12000274658203,79.91
03-10-2022,914.7899780273438,1692.9000244140625,3678.429931640625,3.6510000228881836,111.75,84.05
04-10-2022,933.2000122070312,1721.0999755859375,3790.929931640625,3.617000102996826,110.06999969482422,86.87
05-10-2022,909.4000244140625,1711.4000244140625,3783.280029296875,3.759000062942505,111.06999969482422,88.22
06-10-2022,881.75,1711.699951171875,3744.52001953125,3.8259999752044678,112.26000213623047,88.9
07-10-2022,863.4299926757812,1700.5,3639.659912109375,3.882999897003174,112.80000305175781,93.07
10-10-2022,866.260009765625,1667.300048828125,3612.389892578125,3.888000011444092,113.13999938964844,91.6
11-10-2022,866.6599731445312,1678.699951171875,3588.840087890625,3.938999891281128,113.22000122070312,89.75
12-10-2022,838.989990234375,1670.300048828125,3577.030029296875,3.9019999504089355,113.31999969482422,87.83
13-10-2022,860.6099853515625,1670.0,3669.909912109375,3.9519999027252197,112.36000061035156,89.59
14-10-2022,847.1099853515625,1641.699951171875,3583.070068359375,4.010000228881836,113.30999755859375,86.1
17-10-2022,865.5,1657.0,3677.949951171875,4.014999866485596,112.04000091552734,86.0
18-10-2022,879.6599731445312,1649.0,3719.97998046875,3.997999906539917,112.12999725341797,83.29
19-10-2022,870.8800048828125,1627.5,3695.159912109375,4.126999855041504,112.9800033569336,86.0
20-10-2022,849.280029296875,1630.800048828125,3665.780029296875,4.22599983215332,112.87999725341797,86.02
21-10-2022,864.469970703125,1651.0,3752.75,4.2129998207092285,112.01000213623047,85.47
24-10-2022,872.0999755859375,1648.699951171875,3797.340087890625,4.234000205993652,111.98999786376953,86.12
25-10-2022,888.77001953125,1652.800048828125,3859.110107421875,4.107999801635742,110.94999694824219,86.93
26-10-2022,888.7899780273438,1664.0,3830.60009765625,4.014999866485596,109.69999694824219,89.39
27-10-2022,896.780029296875,1660.699951171875,3807.300048828125,3.937000036239624,110.58999633789062,89.06
28-10-2022,921.1699829101562,1639.5999755859375,3901.06005859375,4.010000228881836,110.66999816894531,87.85
31-10-2022,913.4400024414062,1635.9000244140625,3871.97998046875,4.077000141143799,111.52999877929688,86.54
01-11-2022,913.8699951171875,1645.0,3856.10009765625,4.052000045776367,111.4800033569336,88.36
02-11-2022,904.5900268554688,1645.699951171875,3759.68994140625,4.059000015258789,111.3499984741211,90.06
03-11-2022,906.8599853515625,1627.300048828125,3719.889892578125,4.124000072479248,112.93000030517578,88.14
04-11-2022,913.010009765625,1672.5,3770.550048828125,4.156000137329102,110.87999725341797,92.58
07-11-2022,894.530029296875,1676.5,3806.800048828125,4.214000225067139,110.12000274658203,91.8
08-11-2022,903.2999877929688,1712.0999755859375,3828.110107421875,4.125999927520752,109.62000274658203,88.8
09-11-2022,895.0499877929688,1710.0999755859375,3748.570068359375,4.151000022888184,110.55000305175781,85.79
10-11-2022,939.1400146484375,1750.300048828125,3956.3701171875,3.8289999961853027,108.20999908447266,86.52
11-11-2022,927.4299926757812,1766.0,3992.929931640625,3.812999963760376,106.29000091552734,89.14
14-11-2022,918.8099975585938,1773.5999755859375,3957.25,3.865000009536743,106.66000366210938,85.85
15-11-2022,927.1799926757812,1773.800048828125,3991.72998046875,3.7990000247955322,106.4000015258789,86.87
16-11-2022,935.510009765625,1773.0,3958.7900390625,3.691999912261963,106.27999877929688,85.62
17-11-2022,918.1799926757812,1760.800048828125,3946.56005859375,3.7750000953674316,106.69000244140625,81.69
18-11-2022,939.3300170898438,1751.9000244140625,3965.340087890625,3.818000078201294,106.93000030517578,80.07
21-11-2022,945.3699951171875,1737.4000244140625,3949.93994140625,3.825000047683716,107.83999633789062,79.74
22-11-2022,953.0,1738.300048828125,4003.580078125,3.757999897003174,107.22000122070312,80.83
23-11-2022,965.6400146484375,1744.9000244140625,4027.260009765625,3.7060000896453857,106.08000183105469,77.93
24-11-2022,965.6400146484375,1744.9000244140625,4027.260009765625,3.7060000896453857,106.08000183105469,77.93
25-11-2022,972.0599975585938,1753.300048828125,4026.1201171875,3.690999984741211,105.95999908447266,76.45
28-11-2022,961.8800048828125,1740.0999755859375,3963.93994140625,3.703000068664551,106.68000030517578,77.1
29-11-2022,955.7899780273438,1748.4000244140625,3957.6298828125,3.747999906539917,106.81999969482422,77.96
30-11-2022,981.2999877929688,1746.0,4080.110107421875,3.703000068664551,105.94999694824219,80.48
01-12-2022,980.280029296875,1801.0999755859375,4076.570068359375,3.5290000438690186,104.7300033569336,81.06
02-12-2022,975.7899780273438,1795.9000244140625,4071.699951171875,3.50600004196167,104.55000305175781,79.86
05-12-2022,970.22998046875,1767.4000244140625,3998.840087890625,3.5989999771118164,105.29000091552734,76.83
06-12-2022,978.9600219726562,1769.300048828125,3941.260009765625,3.513000011444092,105.58000183105469,74.21
07-12-2022,972.780029296875,1785.5,3933.919921875,3.4079999923706055,105.0999984741211,71.93
08-12-2022,977.5399780273438,1788.699951171875,3963.510009765625,3.490999937057495,104.7699966430664,71.3
09-12-2022,974.3099975585938,1798.0999755859375,3934.3798828125,3.566999912261963,104.80999755859375,71.05
12-12-2022,994.1599731445312,1780.5,3990.56005859375,3.6110000610351562,105.12999725341797,72.96
13-12-2022,997.1400146484375,1813.9000244140625,4019.64990234375,3.500999927520752,103.9800033569336,75.44
14-12-2022,994.7899780273438,1807.5,3995.320068359375,3.503000020980835,103.7699966430664,77.14
15-12-2022,981.8699951171875,1777.199951171875,3895.75,3.450000047683716,104.55999755859375,75.89
16-12-2022,963.239990234375,1790.0,3852.360107421875,3.4820001125335693,104.69999694824219,74.19
19-12-2022,959.7000122070312,1787.699951171875,3817.659912109375,3.5810000896453857,104.72000122070312,75.05
20-12-2022,958.489990234375,1815.9000244140625,3821.6201171875,3.684000015258789,103.97000122070312,75.92
21-12-2022,970.47998046875,1815.9000244140625,3878.43994140625,3.684000015258789,104.16000366210938,78.17
22-12-2022,966.239990234375,1787.0,3822.389892578125,3.6689999103546143,104.43000030517578,77.68
23-12-2022,975.5800170898438,1795.9000244140625,3844.820068359375,3.750999927520752,104.30999755859375,79.57
26-12-2022,975.5800170898438,1795.9000244140625,3844.820068359375,3.750999927520752,104.30999755859375,79.57
27-12-2022,982.3699951171875,1814.800048828125,3829.25,3.859999895095825,104.18000030517578,79.45
28-12-2022,973.4000244140625,1807.9000244140625,3783.219970703125,3.88700008392334,104.45999908447266,78.89
29-12-2022,977.8300170898438,1819.5,3849.280029296875,3.8350000381469727,103.83999633789062,78.43
30-12-2022,967.4000244140625,1819.699951171875,3839.5,3.878999948501587,103.5199966430664,80.16
02-01-2023,967.4000244140625,1819.699951171875,3839.5,3.878999948501587,103.5199966430664,80.16
03-01-2023,970.6799926757812,1839.699951171875,3824.139892578125,3.7929999828338623,104.5199966430664,76.87
04-01-2023,980.4199829101562,1852.800048828125,3852.969970703125,3.7090001106262207,104.25,72.82
05-01-2023,960.25,1834.800048828125,3808.10009765625,3.7200000286102295,105.04000091552734,73.61
06-01-2023,981.27001953125,1864.199951171875,3895.080078125,3.569000005722046,103.87999725341797,73.77
09-01-2023,988.4199829101562,1872.699951171875,3892.090087890625,3.5169999599456787,103.0,74.69
10-01-2023,991.47998046875,1871.5999755859375,3919.25,3.621000051498413,103.23999786376953,75.11
11-01-2023,1002.1099853515625,1874.5999755859375,3969.610107421875,3.553999900817871,103.19000244140625,77.46
12-01-2023,993.8800048828125,1895.5,3983.169921875,3.4489998817443848,102.25,78.32
13-01-2023,988.5999755859375,1918.4000244140625,3999.090087890625,3.510999917984009,102.19999694824219,79.9
16-01-2023,988.5999755859375,1918.4000244140625,3999.090087890625,3.510999917984009,102.19999694824219,79.9
17-01-2023,986.739990234375,1907.199951171875,3990.969970703125,3.5350000858306885,102.38999938964844,80.25
18-01-2023,961.52001953125,1904.4000244140625,3928.860107421875,3.375,102.36000061035156,79.53
19-01-2023,953.219970703125,1922.0999755859375,3898.85009765625,3.3970000743865967,102.05999755859375,80.31
20-01-2023,960.5999755859375,1926.4000244140625,3972.610107421875,3.4839999675750732,102.01000213623047,81.27
23-01-2023,960.510009765625,1927.0999755859375,4019.81005859375,3.5250000953674316,102.13999938964844,81.62
24-01-2023,966.5800170898438,1933.9000244140625,4016.949951171875,3.4690001010894775,101.91999816894531,79.86
25-01-2023,961.8099975585938,1941.199951171875,4016.219970703125,3.4619998931884766,101.63999938964844,79.78
26-01-2023,966.739990234375,1929.0999755859375,4060.429931640625,3.493000030517578,101.83999633789062,80.64
27-01-2023,967.8200073242188,1928.5999755859375,4070.56005859375,3.5179998874664307,101.93000030517578,79.73
30-01-2023,964.1099853515625,1922.9000244140625,4017.77001953125,3.5510001182556152,102.27999877929688,77.97
31-01-2023,971.02001953125,1929.5,4076.60009765625,3.5290000438690186,102.0999984741211,78.95
01-02-2023,973.8800048828125,1927.800048828125,4119.2099609375,3.3970000743865967,101.22000122070312,76.34
02-02-2023,976.4199829101562,1916.300048828125,4179.759765625,3.3959999084472656,101.75,75.87
03-02-2023,953.5800170898438,1862.9000244140625,4136.47998046875,3.5320000648498535,102.91999816894531,73.4
06-02-2023,961.0900268554688,1866.199951171875,4111.080078125,3.634000062942505,103.62000274658203,74.11
07-02-2023,958.1799926757812,1871.699951171875,4164.0,3.6740000247955322,103.43000030517578,77.17
08-02-2023,941.5800170898438,1877.4000244140625,4117.85986328125,3.6530001163482666,103.41000366210938,78.47
09-02-2023,927.9099731445312,1866.199951171875,4081.5,3.683000087738037,103.22000122070312,78.04
10-02-2023,945.77001953125,1862.800048828125,4090.4599609375,3.74399995803833,103.62999725341797,79.74
13-02-2023,951.7999877929688,1851.9000244140625,4137.2900390625,3.7170000076293945,103.3499984741211,80.14
14-02-2023,945.0,1854.0,4136.1298828125,3.760999917984009,103.2300033569336,79.08
15-02-2023,950.0700073242188,1834.199951171875,4147.60009765625,3.809000015258789,103.91999816894531,78.57
16-02-2023,943.2100219726562,1842.0,4090.409912109375,3.8429999351501465,103.86000061035156,78.45
17-02-2023,953.6099853515625,1840.4000244140625,4079.090087890625,3.828000068664551,103.86000061035156,76.31
20-02-2023,953.6099853515625,1840.4000244140625,4079.090087890625,3.828000068664551,103.86000061035156,76.31
21-02-2023,938.8699951171875,1833.0,3997.340087890625,3.9549999237060547,104.18000030517578,76.28
22-02-2023,934.6300048828125,1832.0,3991.050048828125,3.9230000972747803,104.58999633789062,73.95
23-02-2023,929.5599975585938,1818.0,4012.320068359375,3.878999948501587,104.5999984741211,75.26
24-02-2023,928.4400024414062,1808.800048828125,3970.0400390625,3.9489998817443848,105.20999908447266,76.19
27-02-2023,922.510009765625,1817.0,3982.239990234375,3.921999931335449,104.66999816894531,75.57
28-02-2023,906.989990234375,1828.9000244140625,3970.14990234375,3.9159998893737793,104.87000274658203,76.88
01-03-2023,890.6900024414062,1837.699951171875,3951.389892578125,3.99399995803833,104.4800033569336,77.57
02-03-2023,902.760009765625,1833.5,3981.35009765625,4.072999954223633,105.02999877929688,78.05
03-03-2023,916.22998046875,1847.699951171875,4045.639892578125,3.9639999866485596,104.5199966430664,79.62
06-03-2023,920.0700073242188,1847.9000244140625,4048.419921875,3.9830000400543213,104.3499984741211,80.39
07-03-2023,903.969970703125,1813.9000244140625,3986.3701171875,3.9749999046325684,105.62000274658203,77.45
08-03-2023,911.6699829101562,1812.699951171875,3992.010009765625,3.9760000705718994,105.66000366210938,76.56
09-03-2023,902.02001953125,1829.300048828125,3918.320068359375,3.924999952316284,105.30999755859375,75.6
10-03-2023,887.5499877929688,1862.0,3861.590087890625,3.694999933242798,104.58000183105469,76.55
13-03-2023,901.0800170898438,1911.699951171875,3855.760009765625,3.515000104904175,103.5999984741211,74.68
14-03-2023,912.5399780273438,1906.199951171875,3919.2900390625,3.638000011444092,103.5999984741211,71.18
15-03-2023,925.2100219726562,1926.5999755859375,3891.929931640625,3.492000102996826,104.6500015258789,67.38
16-03-2023,932.0900268554688,1919.0,3960.280029296875,3.5850000381469727,104.41999816894531,68.15
17-03-2023,923.2100219726562,1969.800048828125,3916.639892578125,3.3949999809265137,103.70999908447266,66.61
20-03-2023,931.4600219726562,1979.199951171875,3951.570068359375,3.4809999465942383,103.27999877929688,67.56
21-03-2023,909.0999755859375,1938.0,4002.8701171875,3.6059999465942383,103.26000213623047,69.4
22-03-2023,890.739990234375,1946.800048828125,3936.969970703125,3.5,102.3499984741211,70.71
23-03-2023,882.5399780273438,1993.800048828125,3948.719970703125,3.4059998989105225,102.52999877929688,69.77
24-03-2023,910.6699829101562,1982.0999755859375,3970.989990234375,3.380000114440918,103.12000274658203,69.22
27-03-2023,912.2999877929688,1952.4000244140625,3977.530029296875,3.5280001163482666,102.86000061035156,72.87
28-03-2023,914.2100219726562,1972.4000244140625,3971.27001953125,3.563999891281128,102.43000030517578,73.12
29-03-2023,928.8300170898438,1966.0999755859375,4027.81005859375,3.565999984741211,102.63999938964844,72.95
30-03-2023,932.9099731445312,1980.300048828125,4050.830078125,3.5510001182556152,102.13999938964844,74.32
31-03-2023,939.7899780273438,1969.0,4109.31005859375,3.49399995803833,102.51000213623047,75.68
03-04-2023,932.75,1983.9000244140625,4124.509765625,3.430000066757202,102.08999633789062,80.4
04-04-2023,938.8400268554688,2022.199951171875,4100.60009765625,3.3369998931884766,101.58999633789062,80.7
05-04-2023,963.4600219726562,2020.9000244140625,4090.3798828125,3.2869999408721924,101.8499984741211,80.69
06-04-2023,970.7899780273438,2011.9000244140625,4105.02001953125,3.2880001068115234,101.81999969482422,80.7
07-04-2023,970.7899780273438,2011.9000244140625,4105.02001953125,3.2880001068115234,101.81999969482422,80.7
10-04-2023,970.030029296875,1989.0999755859375,4109.10986328125,3.4149999618530273,102.58000183105469,79.79
11-04-2023,971.030029296875,2004.800048828125,4108.93994140625,3.434000015258789,102.19999694824219,81.54
12-04-2023,968.6799926757812,2010.9000244140625,4091.949951171875,3.4210000038146973,101.5,83.26
13-04-2023,968.5800170898438,2041.300048828125,4146.22021484375,3.4519999027252197,101.01000213623047,82.16
14-04-2023,956.469970703125,2002.199951171875,4137.64013671875,3.5220000743865967,101.55000305175781,82.58
17-04-2023,963.0700073242188,1994.199951171875,4151.31982421875,3.5910000801086426,102.0999984741211,80.93
18-04-2023,958.989990234375,2007.4000244140625,4154.8701171875,3.572000026702881,101.75,80.85
19-04-2023,966.75,1995.199951171875,4154.52001953125,3.6019999980926514,101.97000122070312,79.18
20-04-2023,966.780029296875,2007.5999755859375,4129.7900390625,3.5450000762939453,101.83999633789062,77.27
21-04-2023,969.3400268554688,1979.5,4133.52001953125,3.569999933242798,101.81999969482422,77.86
24-04-2023,974.4600219726562,1989.0999755859375,4137.0400390625,3.515000104904175,101.3499984741211,78.64
25-04-2023,975.3900146484375,1994.0,4071.6298828125,3.3959999084472656,101.86000061035156,77.05
26-04-2023,954.8200073242188,1985.699951171875,4055.989990234375,3.431999921798706,101.47000122070312,74.33
27-04-2023,963.3900146484375,1989.9000244140625,4135.35009765625,3.5280001163482666,101.5,74.77
28-04-2023,959.6099853515625,1990.0999755859375,4169.47998046875,3.4519999027252197,101.66999816894531,76.78
01-05-2023,960.77001953125,1983.4000244140625,4167.8701171875,3.5739998817443848,102.1500015258789,75.65
02-05-2023,948.5399780273438,2014.300048828125,4119.580078125,3.438999891281128,101.95999908447266,71.71
03-05-2023,945.72998046875,2028.5999755859375,4090.75,3.4030001163482666,101.33999633789062,68.62
04-05-2023,955.8200073242188,2048.0,4061.219970703125,3.3510000705718994,101.4000015258789,68.52
05-05-2023,962.27001953125,2017.4000244140625,4136.25,3.446000099182129,101.20999908447266,71.32
08-05-2023,959.3200073242188,2026.300048828125,4138.1201171875,3.5209999084472656,101.37000274658203,73.13
09-05-2023,959.1799926757812,2036.199951171875,4119.169921875,3.5209999084472656,101.63999938964844,73.68
10-05-2023,966.6400146484375,2030.5,4137.64013671875,3.438999891281128,101.4800033569336,72.53
11-05-2023,956.2999877929688,2014.699951171875,4130.6201171875,3.3970000743865967,102.05999755859375,70.81
12-05-2023,959.1900024414062,2014.5,4124.080078125,3.4630000591278076,102.68000030517578,70.02
15-05-2023,945.530029296875,2018.0,4136.27978515625,3.507999897003174,102.43000030517578,71.07
16-05-2023,923.489990234375,1988.4000244140625,4109.89990234375,3.5490000247955322,102.55999755859375,70.85
17-05-2023,921.27001953125,1980.699951171875,4158.77001953125,3.5810000896453857,102.87999725341797,72.78
18-05-2023,916.9099731445312,1956.5,4198.0498046875,3.6480000019073486,103.58000183105469,71.82
19-05-2023,914.8300170898438,1978.699951171875,4191.97998046875,3.691999912261963,103.19999694824219,71.57
22-05-2023,915.9299926757812,1974.800048828125,4192.6298828125,3.7190001010894775,103.19999694824219,71.81
23-05-2023,913.0399780273438,1972.4000244140625,4145.580078125,3.697999954223633,103.48999786376953,72.87
24-05-2023,907.7000122070312,1962.800048828125,4115.240234375,3.7190001010894775,103.88999938964844,74.37
25-05-2023,895.3499755859375,1943.0999755859375,4151.27978515625,3.813999891281128,104.20999908447266,71.68
26-05-2023,893.7999877929688,1944.0999755859375,4205.4501953125,3.809999942779541,104.20999908447266,72.35
29-05-2023,893.7999877929688,1944.0999755859375,4205.4501953125,3.809999942779541,104.20999908447266,72.35
30-05-2023,892.3900146484375,1958.0,4205.52001953125,3.700000047683716,104.16999816894531,69.45
31-05-2023,900.3699951171875,1963.9000244140625,4179.830078125,3.63700008392334,104.31999969482422,68.11
01-06-2023,890.8400268554688,1978.0,4221.02001953125,3.6080000400543213,103.55999755859375,70.09
02-06-2023,900.0399780273438,1952.4000244140625,4282.3701171875,3.690999984741211,104.0199966430664,71.76
05-06-2023,904.219970703125,1958.0,4273.7900390625,3.693000078201294,104.0,72.14
06-06-2023,902.489990234375,1965.5,4283.85009765625,3.6989998817443848,104.12999725341797,71.71
07-06-2023,918.2899780273438,1942.699951171875,4267.52001953125,3.7839999198913574,104.0999984741211,72.52
08-06-2023,920.8499755859375,1963.5999755859375,4293.93017578125,3.7139999866485596,103.33999633789062,71.28
09-06-2023,915.239990234375,1962.199951171875,4298.85986328125,3.744999885559082,103.55999755859375,70.16
12-06-2023,912.9199829101562,1955.300048828125,4338.93017578125,3.765000104904175,103.62999725341797,67.08
13-06-2023,911.469970703125,1944.5999755859375,4369.009765625,3.8389999866485596,103.33999633789062,69.39
14-06-2023,911.5,1955.300048828125,4372.58984375,3.7960000038146973,103.01000213623047,68.22
15-06-2023,921.280029296875,1957.800048828125,4425.83984375,3.7279999256134033,102.12000274658203,70.61
16-06-2023,924.9199829101562,1958.4000244140625,4409.58984375,3.7690000534057617,102.30000305175781,71.81
19-06-2023,924.9199829101562,1958.4000244140625,4409.58984375,3.7690000534057617,102.30000305175781,71.81
20-06-2023,916.260009765625,1935.5,4388.7099609375,3.7290000915527344,102.54000091552734,70.94
21-06-2023,923.9099731445312,1933.300048828125,4365.68994140625,3.7230000495910645,102.06999969482422,72.55
22-06-2023,917.0599975585938,1912.699951171875,4381.89013671875,3.7990000247955322,102.38999938964844,69.22
23-06-2023,902.4600219726562,1919.0999755859375,4348.330078125,3.739000082015991,102.9000015258789,68.91
26-06-2023,908.030029296875,1923.699951171875,4328.81982421875,3.7190001010894775,102.69000244140625,69.09
27-06-2023,910.6699829101562,1914.0,4378.41015625,3.7679998874664307,102.48999786376953,67.68
28-06-2023,896.5499877929688,1912.300048828125,4376.85986328125,3.7100000381469727,102.91000366210938,69.54
29-06-2023,896.9199829101562,1909.199951171875,4396.43994140625,3.8540000915527344,103.33999633789062,69.85
30-06-2023,906.6599731445312,1921.0999755859375,4450.3798828125,3.819000005722046,102.91000366210938,70.66
03-07-2023,912.3900146484375,1921.699951171875,4455.58984375,3.8580000400543213,102.98999786376953,69.71
04-07-2023,912.3900146484375,1921.699951171875,4455.58984375,3.8580000400543213,102.98999786376953,69.71
05-07-2023,922.2100219726562,1919.5999755859375,4446.81982421875,3.944999933242798,103.37000274658203,71.78
06-07-2023,911.2899780273438,1908.699951171875,4411.58984375,4.040999889373779,103.16999816894531,71.76
07-07-2023,905.77001953125,1926.199951171875,4398.9501953125,4.050000190734863,102.2699966430664,73.91
10-07-2023,902.6500244140625,1925.0,4409.52978515625,4.00600004196167,101.97000122070312,73.05
11-07-2023,914.4299926757812,1931.300048828125,4439.259765625,3.9800000190734863,101.7300033569336,74.87
12-07-2023,927.1300048828125,1956.199951171875,4472.16015625,3.8610000610351562,100.5199966430664,75.77
13-07-2023,931.1500244140625,1959.199951171875,4510.0400390625,3.760999917984009,99.7699966430664,76.86
14-07-2023,927.5499877929688,1960.0999755859375,4505.419921875,3.819000005722046,99.91000366210938,75.44
17-07-2023,916.260009765625,1952.4000244140625,4522.7900390625,3.796999931335449,99.83999633789062,74.17
18-07-2023,909.8099975585938,1977.199951171875,4554.97998046875,3.7890000343322754,99.94000244140625,75.76
19-07-2023,919.77001953125,1977.5,4565.72021484375,3.742000102996826,100.27999877929688,75.4
20-07-2023,936.1699829101562,1968.300048828125,4534.8701171875,3.8540000915527344,100.87999725341797,75.65
21-07-2023,948.7000122070312,1964.300048828125,4536.33984375,3.8369998931884766,101.06999969482422,77.06
24-07-2023,946.3400268554688,1960.300048828125,4554.64013671875,3.8570001125335693,101.3499984741211,78.81
25-07-2023,948.530029296875,1962.0999755859375,4567.4599609375,3.9119999408721924,101.3499984741211,79.76
26-07-2023,948.9199829101562,1968.9000244140625,4566.75,3.8510000705718994,100.88999938964844,79.11
27-07-2023,933.8800048828125,1945.4000244140625,4537.41015625,4.01200008392334,101.7699966430664,80.17
28-07-2023,932.739990234375,1960.4000244140625,4582.22998046875,3.9690001010894775,101.62000274658203,80.55
31-07-2023,931.219970703125,1970.5,4588.9599609375,3.9590001106262207,101.86000061035156,81.8
01-08-2023,919.75,1940.699951171875,4576.72998046875,4.051000118255615,102.30000305175781,81.37
02-08-2023,921.0999755859375,1937.4000244140625,4513.39013671875,4.078000068664551,102.58999633789062,79.5
03-08-2023,896.7000122070312,1932.0,4501.89013671875,4.189000129699707,102.54000091552734,81.56
04-08-2023,886.0700073242188,1939.5999755859375,4478.02978515625,4.059999942779541,102.0199966430664,82.76
07-08-2023,887.469970703125,1933.5,4518.43994140625,4.078000068664551,102.05000305175781,81.94
08-08-2023,891.4299926757812,1924.0999755859375,4499.3798828125,4.026000022888184,102.52999877929688,82.94
09-08-2023,891.72998046875,1915.4000244140625,4467.7099609375,4.01200008392334,102.48999786376953,84.35
10-08-2023,889.1900024414062,1914.4000244140625,4468.830078125,4.079999923706055,102.5199966430664,82.81
11-08-2023,894.0599975585938,1912.9000244140625,4464.0498046875,4.168000221252441,102.83999633789062,83.17
14-08-2023,886.9600219726562,1910.5999755859375,4489.72021484375,4.184000015258789,103.19000244140625,82.5
15-08-2023,872.8300170898438,1902.5,4437.85986328125,4.2210001945495605,103.20999908447266,81.06
16-08-2023,877.72998046875,1896.0999755859375,4404.330078125,4.257999897003174,103.41999816894531,79.4
17-08-2023,874.9099731445312,1884.0999755859375,4370.35986328125,4.308000087738037,103.44000244140625,80.43
18-08-2023,878.02001953125,1886.0999755859375,4369.7099609375,4.250999927520752,103.37999725341797,81.25
21-08-2023,873.0999755859375,1893.300048828125,4399.77001953125,4.3420000076293945,103.33000183105469,80.71
22-08-2023,875.7000122070312,1896.4000244140625,4387.5498046875,4.328000068664551,103.55999755859375,80.25
23-08-2023,880.0399780273438,1918.5,4436.009765625,4.197999954223633,103.36000061035156,78.91
24-08-2023,874.5700073242188,1918.199951171875,4376.31005859375,4.235000133514404,103.9800033569336,79.52
25-08-2023,882.7000122070312,1911.0999755859375,4405.7099609375,4.238999843597412,104.08000183105469,80.47
28-08-2023,881.4600219726562,1917.9000244140625,4433.31005859375,4.211999893188477,104.05999755859375,80.65
29-08-2023,884.77001953125,1936.5,4497.6298828125,4.122000217437744,103.55000305175781,81.14
30-08-2023,881.9199829101562,1944.300048828125,4514.8701171875,4.118000030517578,103.16000366210938,81.64
31-08-2023,872.7000122070312,1938.199951171875,4507.66015625,4.0929999351501465,103.62000274658203,83.55
01-09-2023,866.6599731445312,1939.800048828125,4515.77001953125,4.172999858856201,104.23999786376953,85.52
04-09-2023,866.6599731445312,1939.800048828125,4515.77001953125,4.172999858856201,104.23999786376953,85.52
05-09-2023,851.4400024414062,1926.199951171875,4496.830078125,4.26800012588501,104.80999755859375,86.74
06-09-2023,853.1099853515625,1918.0999755859375,4465.47998046875,4.289999961853027,104.86000061035156,87.55
07-09-2023,864.3300170898438,1917.5,4451.14013671875,4.260000228881836,105.05999755859375,86.87
08-09-2023,871.75,1918.4000244140625,4457.490234375,4.257999897003174,105.08999633789062,87.51
11-09-2023,874.1699829101562,1923.300048828125,4487.4599609375,4.288000106811523,104.56999969482422,87.3
12-09-2023,875.239990234375,1911.300048828125,4461.89990234375,4.263999938964844,104.70999908447266,88.87
13-09-2023,885.6900024414062,1909.0999755859375,4467.43994140625,4.249000072479248,104.7699966430664,88.59
14-09-2023,898.0599975585938,1910.0,4505.10009765625,4.288000106811523,105.41000366210938,90.13
15-09-2023,892.1300048828125,1923.699951171875,4450.31982421875,4.322000026702881,105.31999969482422,90.83
18-09-2023,890.7100219726562,1931.5,4453.52978515625,4.318999767303467,105.19999694824219,91.47
19-09-2023,885.4199829101562,1932.0,4443.9501953125,4.364999771118164,105.19999694824219,91.16
20-09-2023,886.719970703125,1945.5999755859375,4402.2001953125,4.348999977111816,105.16000366210938,89.2
21-09-2023,874.3599853515625,1919.199951171875,4330.0,4.480000019073486,105.36000061035156,89.56
22-09-2023,871.27001953125,1925.4000244140625,4320.06005859375,4.438000202178955,105.58000183105469,90.0
25-09-2023,869.5999755859375,1916.5999755859375,4337.43994140625,4.541999816894531,106.0,89.68
26-09-2023,844.8400268554688,1900.4000244140625,4273.52978515625,4.558000087738037,106.2300033569336,91.43
27-09-2023,832.1300048828125,1871.5999755859375,4274.509765625,4.625999927520752,106.66999816894531,93.67
28-09-2023,815.530029296875,1860.4000244140625,4299.7001953125,4.5970001220703125,106.22000122070312,91.65
29-09-2023,816.5499877929688,1848.0999755859375,4288.0498046875,4.572999954223633,106.16999816894531,90.77
02-10-2023,783.0800170898438,1830.0,4288.39013671875,4.683000087738037,106.9000015258789,88.81
03-10-2023,789.3699951171875,1824.5999755859375,4229.4501953125,4.802000045776367,107.0,89.26
04-10-2023,794.0800170898438,1818.5,4263.75,4.735000133514404,106.80000305175781,84.32
05-10-2023,790.22998046875,1816.5999755859375,4258.18994140625,4.7170000076293945,106.33000183105469,82.3
06-10-2023,800.1400146484375,1830.199951171875,4308.5,4.783999919891357,106.04000091552734,82.83
09-10-2023,810.2999877929688,1849.5,4335.66015625,4.796999931335449,106.08000183105469,82.83
10-10-2023,818.8200073242188,1861.0,4358.240234375,4.65500020980835,105.83000183105469,85.89
11-10-2023,829.75,1872.800048828125,4376.9501953125,4.59499979019165,105.81999969482422,83.7
12-10-2023,817.1900024414062,1869.300048828125,4349.60986328125,4.711999893188477,106.56999969482422,82.87
13-10-2023,824.5599975585938,1927.4000244140625,4327.77978515625,4.629000186920166,106.6500015258789,87.67
16-10-2023,833.239990234375,1921.0999755859375,4373.6298828125,4.711999893188477,106.23999786376953,86.65
17-10-2023,832.27001953125,1922.699951171875,4373.2001953125,4.8470001220703125,106.25,86.66
18-10-2023,824.3400268554688,1955.300048828125,4314.60009765625,4.9039998054504395,106.56999969482422,88.35
19-10-2023,816.6300048828125,1968.4000244140625,4278.0,4.98799991607666,106.25,89.35
20-10-2023,807.1500244140625,1982.5,4224.16015625,4.923999786376953,106.16000366210938,89.12
23-10-2023,801.97998046875,1976.300048828125,4217.0400390625,4.8379998207092285,105.54000091552734,85.49
24-10-2023,819.27001953125,1975.0,4247.68017578125,4.840000152587891,106.2699966430664,84.58
25-10-2023,820.8800048828125,1984.0999755859375,4186.77001953125,4.953000068664551,106.52999877929688,86.07
26-10-2023,828.4500122070312,1987.199951171875,4137.22998046875,4.84499979019165,106.5999984741211,83.8
27-10-2023,812.8900146484375,1988.5999755859375,4117.3701171875,4.84499979019165,106.55999755859375,86.04
30-10-2023,816.3400268554688,1996.199951171875,4166.81982421875,4.875,106.12000274658203,83.03
31-10-2023,823.9199829101562,1985.199951171875,4193.7998046875,4.875,106.66000366210938,81.64
01-11-2023,833.02001953125,1978.800048828125,4237.85986328125,4.789000034332275,106.87999725341797,81.05
02-11-2023,850.9199829101562,1985.5999755859375,4317.77978515625,4.669000148773193,106.12000274658203,83.04
03-11-2023,860.0499877929688,1991.5,4358.33984375,4.558000087738037,105.0199966430664,81.19
06-11-2023,854.3300170898438,1981.5999755859375,4365.97998046875,4.6620001792907715,105.22000122070312,81.54
07-11-2023,848.3200073242188,1966.800048828125,4378.3798828125,4.571000099182129,105.54000091552734,77.96
08-11-2023,841.8300170898438,1951.5,4382.77978515625,4.5229997634887695,105.58999633789062,75.85
09-11-2023,835.2000122070312,1964.199951171875,4347.35009765625,4.630000114440918,105.91000366210938,76.34
10-11-2023,837.97998046875,1932.5999755859375,4415.240234375,4.627999782562256,105.86000061035156,76.34
13-11-2023,827.3699951171875,1945.5,4411.5498046875,4.631999969482422,105.66000366210938,78.86
14-11-2023,859.8300170898438,1961.800048828125,4495.7001953125,4.440999984741211,104.11000061035156,78.9
15-11-2023,857.72998046875,1960.0999755859375,4502.8798828125,4.534999847412109,104.38999938964844,77.15
16-11-2023,862.6099853515625,1983.9000244140625,4508.240234375,4.445000171661377,104.37000274658203,73.5
17-11-2023,863.5,1981.5999755859375,4514.02001953125,4.440999984741211,103.81999969482422,76.47
20-11-2023,860.010009765625,1977.699951171875,4547.3798828125,4.421999931335449,103.47000122070312,78.1
21-11-2023,860.52001953125,1999.300048828125,4538.18994140625,4.418000221252441,103.58999633789062,78.35
22-11-2023,863.0499877929688,1991.4000244140625,4556.6201171875,4.415999889373779,103.91999816894531,76.8
23-11-2023,863.0499877929688,1991.4000244140625,4556.6201171875,4.415999889373779,103.91999816894531,76.8
24-11-2023,865.97998046875,2002.199951171875,4559.33984375,4.4720001220703125,103.4000015258789,74.83
27-11-2023,865.510009765625,2011.800048828125,4550.43017578125,4.388999938964844,103.19999694824219,74.46
28-11-2023,867.8300170898438,2039.699951171875,4554.89013671875,4.335999965667725,102.75,76.09
29-11-2023,862.469970703125,2047.0999755859375,4550.580078125,4.270999908447266,102.7699966430664,77.56
30-11-2023,866.760009765625,2038.0999755859375,4567.7998046875,4.3520002365112305,103.5,75.66
01-12-2023,876.010009765625,2071.0,4594.6298828125,4.22599983215332,103.2699966430664,73.7
04-12-2023,874.77001953125,2024.0999755859375,4569.77978515625,4.288000106811523,103.63999938964844,72.73
05-12-2023,866.989990234375,2018.5,4567.18017578125,4.171000003814697,104.05000305175781,71.95
06-12-2023,879.3300170898438,2030.5,4549.33984375,4.120999813079834,104.1500015258789,68.98
07-12-2023,878.3200073242188,2029.9000244140625,4585.58984375,4.129000186920166,103.54000091552734,69.0
08-12-2023,874.02001953125,1998.300048828125,4604.3701171875,4.244999885559082,104.01000213623047,70.87
11-12-2023,878.1099853515625,1978.0,4622.43994140625,4.238999843597412,104.0999984741211,70.95
12-12-2023,875.9199829101562,1977.800048828125,4643.7001953125,4.205999851226807,103.87000274658203,68.27
13-12-2023,907.1799926757812,1982.300048828125,4707.08984375,4.0329999923706055,102.87000274658203,69.09
14-12-2023,897.1599731445312,2030.199951171875,4719.5498046875,3.930000066757202,101.95999908447266,71.21
15-12-2023,881.8900146484375,2021.0999755859375,4719.18994140625,3.927999973297119,102.55000305175781,71.05
18-12-2023,879.5700073242188,2026.300048828125,4740.56005859375,3.9539999961853027,102.51000213623047,72.16
19-12-2023,883.989990234375,2038.4000244140625,4768.3701171875,3.921999931335449,102.16999816894531,73.23
20-12-2023,867.7100219726562,2034.5,4698.35009765625,3.877000093460083,102.41000366210938,73.87
21-12-2023,868.8599853515625,2039.0999755859375,4746.75,3.8940000534057617,101.83999633789062,73.59
22-12-2023,873.1500244140625,2057.10009765625,4754.6298828125,3.9010000228881836,101.69999694824219,73.29
25-12-2023,873.1500244140625,2057.10009765625,4754.6298828125,3.9010000228881836,101.69999694824219,73.29
26-12-2023,878.9600219726562,2058.199951171875,4774.75,3.885999917984009,101.47000122070312,75.84
27-12-2023,877.2899780273438,2081.89990234375,4781.580078125,3.7890000343322754,100.98999786376953,74.31
28-12-2023,882.5499877929688,2073.89990234375,4783.35009765625,3.8499999046325684,101.2300033569336,72.02
29-12-2023,881.6699829101562,2062.39990234375,4769.830078125,3.865999937057495,101.33000183105469,71.89
01-01-2024,881.6699829101562,2062.39990234375,4769.830078125,3.865999937057495,101.33000183105469,71.89
02-01-2024,894.260009765625,2064.39990234375,4742.830078125,3.946000099182129,102.19999694824219,70.62
03-01-2024,897.6400146484375,2034.199951171875,4704.81005859375,3.9070000648498535,102.45999908447266,72.97
04-01-2024,895.510009765625,2042.300048828125,4688.68017578125,3.990999937057495,102.41999816894531,72.38
05-01-2024,898.6699829101562,2042.4000244140625,4697.240234375,4.041999816894531,102.41000366210938,74.0
08-01-2024,904.760009765625,2026.5999755859375,4763.5400390625,4.001999855041504,102.20999908447266,71.06
09-01-2024,900.3599853515625,2026.4000244140625,4756.5,4.019000053405762,102.56999969482422,72.43
10-01-2024,899.3900146484375,2021.699951171875,4783.4501953125,4.03000020980835,102.36000061035156,71.57
11-01-2024,879.7000122070312,2014.300048828125,4780.240234375,3.9769999980926514,102.29000091552734,72.15
12-01-2024,885.489990234375,2046.699951171875,4783.830078125,3.950000047683716,102.4000015258789,72.94
15-01-2024,885.489990234375,2046.699951171875,4783.830078125,3.950000047683716,102.4000015258789,72.94
16-01-2024,875.6400146484375,2026.0,4765.97998046875,4.065999984741211,103.36000061035156,72.63
17-01-2024,863.6099853515625,2002.5999755859375,4739.2099609375,4.105999946594238,103.44999694824219,72.79
18-01-2024,854.22998046875,2018.5999755859375,4780.93994140625,4.144000053405762,103.54000091552734,74.32
19-01-2024,852.5399780273438,2026.5,4839.81005859375,4.145999908447266,103.29000091552734,73.69
22-01-2024,848.969970703125,2019.800048828125,4850.43017578125,4.093999862670898,103.33000183105469,75.26
23-01-2024,849.1900024414062,2023.699951171875,4864.60009765625,4.142000198364258,103.62000274658203,74.72
24-01-2024,834.0900268554688,2013.9000244140625,4868.5498046875,4.177999973297119,103.23999786376953,75.48
25-01-2024,848.5999755859375,2016.9000244140625,4894.16015625,4.131999969482422,103.56999969482422,77.91
26-01-2024,849.6799926757812,2016.800048828125,4890.97021484375,4.159999847412109,103.47000122070312,78.45
29-01-2024,855.8699951171875,2025.199951171875,4927.93017578125,4.091000080108643,103.61000061035156,77.25
30-01-2024,854.780029296875,2031.5,4924.97021484375,4.059000015258789,103.4000015258789,78.3
31-01-2024,853.0399780273438,2048.39990234375,4845.64990234375,3.9670000076293945,103.2699966430664,76.28
01-02-2024,867.030029296875,2053.0,4906.18994140625,3.86299991607666,103.05000305175781,74.36
02-02-2024,851.47998046875,2036.0999755859375,4958.60986328125,4.0329999923706055,103.91999816894531,72.72
05-02-2024,836.1500244140625,2025.699951171875,4942.81005859375,4.164000034332275,104.44999694824219,73.21
06-02-2024,837.9000244140625,2034.5,4954.22998046875,4.090000152587891,104.18000030517578,73.83
07-02-2024,837.469970703125,2035.199951171875,4995.06005859375,4.110000133514404,104.04000091552734,74.26
08-02-2024,831.4600219726562,2032.199951171875,4997.91015625,4.170000076293945,104.1500015258789,76.67
09-02-2024,834.4299926757812,2023.300048828125,5026.60986328125,4.186999797821045,104.08000183105469,77.26
12-02-2024,844.719970703125,2018.199951171875,5021.83984375,4.171999931335449,104.16999816894531,77.34
13-02-2024,829.3800048828125,1992.9000244140625,4953.169921875,4.315999984741211,104.95999908447266,78.28
14-02-2024,833.4000244140625,1990.300048828125,5000.6201171875,4.267000198364258,104.72000122070312,77.09
15-02-2024,847.030029296875,2002.0999755859375,5029.72998046875,4.239999771118164,104.30000305175781,78.47
16-02-2024,844.4000244140625,2011.5,5005.56982421875,4.295000076293945,104.27999877929688,79.65
19-02-2024,844.4000244140625,2011.5,5005.56982421875,4.295000076293945,104.27999877929688,79.65
20-02-2024,842.4199829101562,2027.5,4975.509765625,4.275000095367432,104.08000183105469,78.72
21-02-2024,854.1799926757812,2022.300048828125,4981.7998046875,4.324999809265137,104.01000213623047,78.89
22-02-2024,845.9099731445312,2019.699951171875,5087.02978515625,4.327000141143799,103.95999908447266,79.64
23-02-2024,849.0499877929688,2038.5999755859375,5088.7998046875,4.260000228881836,103.94000244140625,77.6
26-02-2024,832.72998046875,2028.5,5069.52978515625,4.298999786376953,103.83000183105469,78.53
27-02-2024,842.3599853515625,2034.0,5078.18017578125,4.315000057220459,103.83000183105469,79.8
28-02-2024,841.3699951171875,2033.0,5069.759765625,4.27400016784668,103.9800033569336,79.44
29-02-2024,840.9600219726562,2045.699951171875,5096.27001953125,4.251999855041504,104.16000366210938,79.22
01-03-2024,833.0399780273438,2086.89990234375,5137.080078125,4.179999828338623,103.86000061035156,80.9
04-03-2024,847.3099975585938,2117.699951171875,5130.9501953125,4.218999862670898,103.83000183105469,79.67
05-03-2024,841.989990234375,2133.5,5078.64990234375,4.13700008392334,103.80000305175781,79.11
06-03-2024,849.1599731445312,2150.300048828125,5104.759765625,4.104000091552734,103.37000274658203,80.08
07-03-2024,853.1400146484375,2158.0,5157.35986328125,4.0920000076293945,102.81999969482422,79.81
08-03-2024,855.6500244140625,2178.60009765625,5123.68994140625,4.089000225067139,102.73999786376953,78.96
11-03-2024,864.0,2182.5,5117.93994140625,4.104000091552734,102.87000274658203,78.87
12-03-2024,855.469970703125,2160.39990234375,5175.27001953125,4.15500020980835,102.95999908447266,78.51
13-03-2024,859.1699829101562,2175.39990234375,5165.31005859375,4.191999912261963,102.79000091552734,80.67
14-03-2024,851.27001953125,2163.0,5150.47998046875,4.297999858856201,103.36000061035156,82.16
15-03-2024,850.2899780273438,2157.300048828125,5117.08984375,4.303999900817871,103.43000030517578,81.94
18-03-2024,853.3499755859375,2160.699951171875,5149.419921875,4.340000152587891,103.58000183105469,83.68
19-03-2024,859.6400146484375,2156.300048828125,5178.509765625,4.296999931335449,103.80999755859375,84.39
20-03-2024,858.719970703125,2157.89990234375,5224.6201171875,4.2729997634887695,103.41000366210938,82.79
21-03-2024,858.9099731445312,2182.39990234375,5241.52978515625,4.270999908447266,104.0,81.99
22-03-2024,858.3699951171875,2158.10009765625,5234.18017578125,4.2179999351501465,104.43000030517578,81.1
25-03-2024,858.5599975585938,2174.800048828125,5218.18994140625,4.252999782562256,104.2300033569336,82.41
26-03-2024,851.4299926757812,2175.60009765625,5203.580078125,4.234000205993652,104.29000091552734,82.41
27-03-2024,874.72998046875,2190.60009765625,5248.490234375,4.196000099182129,104.3499984741211,82.15
28-03-2024,882.239990234375,2217.39990234375,5254.35009765625,4.205999851226807,104.55000305175781,83.96
29-03-2024,882.239990234375,2217.39990234375,5254.35009765625,4.205999851226807,104.55000305175781,83.96
01-04-2024,875.0499877929688,2236.5,5243.77001953125,4.328999996185303,105.0199966430664,84.54
02-04-2024,875.7000122070312,2261.0,5205.81005859375,4.364999771118164,104.81999969482422,85.95
03-04-2024,870.8400268554688,2294.39990234375,5211.490234375,4.355000019073486,104.25,86.22
04-04-2024,871.0999755859375,2288.800048828125,5147.2099609375,4.309000015258789,104.12000274658203,87.37
05-04-2024,869.7100219726562,2325.699951171875,5204.33984375,4.377999782562256,104.30000305175781,87.69
08-04-2024,874.9299926757812,2331.699951171875,5202.39013671875,4.423999786376953,104.13999938964844,87.24
09-04-2024,881.8699951171875,2343.5,5209.91015625,4.366000175476074,104.1500015258789,86.04
10-04-2024,864.4199829101562,2329.60009765625,5160.64013671875,4.559999942779541,105.25,86.98
11-04-2024,861.3800048828125,2354.800048828125,5199.06005859375,4.576000213623047,105.27999877929688,85.79
12-04-2024,854.9099731445312,2356.199951171875,5123.41015625,4.499000072479248,106.04000091552734,86.46
15-04-2024,848.760009765625,2365.800048828125,5061.81982421875,4.627999782562256,106.20999908447266,86.21
16-04-2024,835.530029296875,2390.800048828125,5051.41015625,4.658999919891357,106.26000213623047,86.15
17-04-2024,853.3499755859375,2371.699951171875,5022.2099609375,4.585000038146973,105.94999694824219,83.58
18-04-2024,860.2999877929688,2382.300048828125,5011.1201171875,4.646999835968018,106.1500015258789,83.5
19-04-2024,875.6099853515625,2398.39990234375,4967.22998046875,4.614999771118164,106.1500015258789,83.79
22-04-2024,883.3300170898438,2332.199951171875,5010.60009765625,4.623000144958496,106.08000183105469,83.82
23-04-2024,885.9600219726562,2327.699951171875,5070.5498046875,4.5980000495910645,105.69000244140625,84.17
24-04-2024,892.75,2324.5,5071.6298828125,4.6519999504089355,105.86000061035156,84.09
25-04-2024,894.5800170898438,2329.800048828125,5048.419921875,4.705999851226807,105.5999984741211,84.92
26-04-2024,884.25,2334.800048828125,5099.9599609375,4.669000148773193,105.94000244140625,85.38
29-04-2024,896.9199829101562,2345.39990234375,5116.169921875,4.613999843597412,105.58000183105469,84.26
30-04-2024,893.030029296875,2291.39990234375,5035.68994140625,4.685999870300293,106.22000122070312,83.49
01-05-2024,903.5900268554688,2299.89990234375,5018.39013671875,4.59499979019165,105.76000213623047,80.7
02-05-2024,908.0900268554688,2299.199951171875,5064.2001953125,4.571000099182129,105.30000305175781,80.59
03-05-2024,914.3099975585938,2299.0,5127.7900390625,4.5,105.02999877929688,79.65
06-05-2024,918.3499755859375,2321.60009765625,5180.740234375,4.488999843597412,105.05000305175781,80.1
07-05-2024,929.8599853515625,2315.199951171875,5187.7001953125,4.4629998207092285,105.41000366210938,79.97
08-05-2024,934.9199829101562,2313.60009765625,5187.669921875,4.492000102996826,105.55000305175781,80.57
09-05-2024,943.1900024414062,2332.10009765625,5214.080078125,4.448999881744385,105.2300033569336,80.86
10-05-2024,942.3499755859375,2367.300048828125,5222.68017578125,4.504000186920166,105.30999755859375,79.81
13-05-2024,941.010009765625,2336.10009765625,5221.419921875,4.480999946594238,105.22000122070312,80.71
14-05-2024,940.469970703125,2353.39990234375,5246.68017578125,4.445000171661377,105.01000213623047,79.62
15-05-2024,949.6199951171875,2388.699951171875,5308.14990234375,4.355999946594238,104.3499984741211,80.23
16-05-2024,949.9600219726562,2380.0,5297.10009765625,4.376999855041504,104.45999908447266,80.85
17-05-2024,951.4199829101562,2412.199951171875,5303.27001953125,4.420000076293945,104.44999694824219,81.66
20-05-2024,949.9199829101562,2433.89990234375,5308.1298828125,4.436999797821045,104.56999969482422,81.39
21-05-2024,955.010009765625,2421.699951171875,5321.41015625,4.414000034332275,104.66000366210938,80.66
22-05-2024,945.030029296875,2389.199951171875,5307.009765625,4.434000015258789,104.94000244140625,79.15
23-05-2024,924.1900024414062,2335.0,5267.83984375,4.474999904632568,105.11000061035156,77.47
24-05-2024,926.1099853515625,2332.5,5304.72021484375,4.4670000076293945,104.72000122070312,78.48
27-05-2024,926.1099853515625,2332.5,5304.72021484375,4.4670000076293945,104.72000122070312,78.48
28-05-2024,921.4600219726562,2355.199951171875,5306.0400390625,4.541999816894531,104.61000061035156,80.9
29-05-2024,911.030029296875,2340.300048828125,5266.9501953125,4.624000072479248,105.0999984741211,80.24
30-05-2024,922.8200073242188,2342.89990234375,5235.47998046875,4.553999900817871,104.72000122070312,78.96
31-05-2024,946.4199829101562,2322.89990234375,5277.509765625,4.513999938964844,104.66999816894531,77.97
03-06-2024,940.1900024414062,2346.60009765625,5283.39990234375,4.4019999504089355,104.13999938964844,75.26
04-06-2024,943.9600219726562,2325.5,5291.33984375,4.335999965667725,104.11000061035156,74.27
05-06-2024,934.5900268554688,2354.10009765625,5354.02978515625,4.289000034332275,104.2699966430664,75.08
06-06-2024,929.0900268554688,2370.300048828125,5352.9599609375,4.281000137329102,104.0999984741211,76.52
07-06-2024,920.1199951171875,2305.199951171875,5346.990234375,4.429999828338623,104.88999938964844,76.53
10-06-2024,924.989990234375,2307.699951171875,5360.7900390625,4.468999862670898,105.1500015258789,78.75
11-06-2024,919.8599853515625,2307.5,5375.31982421875,4.4039998054504395,105.2300033569336,78.88
12-06-2024,915.260009765625,2336.0,5421.02978515625,4.295000076293945,104.6500015258789,79.56
13-06-2024,917.1400146484375,2300.199951171875,5433.740234375,4.23799991607666,105.19999694824219,79.61
14-06-2024,916.72998046875,2331.39990234375,5431.60009765625,4.2129998207092285,105.55000305175781,79.41
17-06-2024,908.8099975585938,2312.39990234375,5473.22998046875,4.2789998054504395,105.31999969482422,81.33
18-06-2024,908.5399780273438,2330.39990234375,5487.02978515625,4.2170000076293945,105.26000213623047,82.67
19-06-2024,908.5399780273438,2330.39990234375,5487.02978515625,4.2170000076293945,105.26000213623047,82.67
20-06-2024,913.0,2353.800048828125,5473.169921875,4.254000186920166,105.58999633789062,83.34
21-06-2024,909.4600219726562,2316.39990234375,5464.6201171875,4.256999969482422,105.80000305175781,81.71
24-06-2024,922.5,2330.0,5447.8701171875,4.248000144958496,105.47000122070312,82.63
25-06-2024,909.4000244140625,2316.60009765625,5469.2998046875,4.23799991607666,105.61000061035156,81.97
26-06-2024,910.3400268554688,2299.199951171875,5477.89990234375,4.315999984741211,106.05000305175781,82.19
27-06-2024,912.530029296875,2324.5,5482.8701171875,4.288000106811523,105.91000366210938,83.04
28-06-2024,906.6699829101562,2327.699951171875,5460.47998046875,4.3429999351501465,105.87000274658203,82.83
01-07-2024,898.8200073242188,2327.60009765625,5475.08984375,4.479000091552734,105.9000015258789,84.7
02-07-2024,903.1799926757812,2323.0,5509.009765625,4.435999870300293,105.72000122070312,84.09
03-07-2024,903.969970703125,2359.800048828125,5537.02001953125,4.355000019073486,105.4000015258789,85.19
04-07-2024,903.969970703125,2359.800048828125,5537.02001953125,4.355000019073486,105.4000015258789,85.19
05-07-2024,907.8699951171875,2388.5,5567.18994140625,4.271999835968018,104.87999725341797,84.44
08-07-2024,904.6099853515625,2355.199951171875,5572.85009765625,4.269000053405762,105.01000213623047,83.63
09-07-2024,908.8400268554688,2360.10009765625,5576.97998046875,4.300000190734863,105.12000274658203,82.78
10-07-2024,918.5,2372.199951171875,5633.91015625,4.28000020980835,105.05000305175781,83.39
11-07-2024,938.719970703125,2415.0,5584.5400390625,4.192999839782715,104.44000244140625,83.92
12-07-2024,945.5800170898438,2414.0,5615.35009765625,4.189000129699707,104.08999633789062,83.49
15-07-2024,929.8499755859375,2422.89990234375,5631.22021484375,4.229000091552734,104.19000244140625,83.22
16-07-2024,940.52001953125,2462.39990234375,5667.2001953125,4.166999816894531,104.2699966430664,81.92
17-07-2024,954.1699829101562,2454.800048828125,5588.27001953125,4.145999908447266,103.75,84.16
18-07-2024,950.8900146484375,2451.800048828125,5544.58984375,4.189000129699707,104.16999816894531,84.17
19-07-2024,950.8499755859375,2395.5,5505.0,4.238999843597412,104.4000015258789,81.43
22-07-2024,957.3400268554688,2392.0,5564.41015625,4.260000228881836,104.30999755859375,81.25
23-07-2024,951.8300170898438,2404.60009765625,5555.740234375,4.238999843597412,104.44999694824219,78.24
24-07-2024,968.1699829101562,2413.300048828125,5427.1298828125,4.285999774932861,104.38999938964844,78.78
25-07-2024,961.3599853515625,2351.89990234375,5399.22021484375,4.25600004196167,104.36000061035156,79.43
26-07-2024,971.4099731445312,2380.0,5459.10009765625,4.199999809265137,104.31999969482422,78.58
29-07-2024,976.2999877929688,2377.300048828125,5463.5400390625,4.177999973297119,104.55999755859375,77.27
30-07-2024,986.6099853515625,2405.0,5436.43994140625,4.14300012588501,104.55000305175781,76.17
31-07-2024,988.0900268554688,2426.5,5522.2998046875,4.109000205993652,104.0999984741211,79.36
01-08-2024,1010.9099731445312,2435.0,5446.68017578125,3.9760000705718994,104.41999816894531,77.74
02-08-2024,1018.4600219726562,2425.699951171875,5346.56005859375,3.7920000553131104,103.20999908447266,74.99
05-08-2024,991.2100219726562,2401.699951171875,5186.330078125,3.7850000858306885,102.69000244140625,74.46
06-08-2024,995.0900268554688,2389.10009765625,5240.02978515625,3.888000011444092,102.97000122070312,74.6
07-08-2024,1000.5599975585938,2390.5,5199.5,3.9679999351501465,103.19999694824219,76.68
08-08-2024,996.5800170898438,2422.199951171875,5319.31005859375,3.996999979019165,103.20999908447266,77.64
09-08-2024,997.3300170898438,2432.10009765625,5344.16015625,3.941999912261963,103.13999938964844,78.28
12-08-2024,1000.9099731445312,2462.39990234375,5344.39013671875,3.9089999198913574,103.13999938964844,81.45
13-08-2024,1003.1400146484375,2466.699951171875,5434.43017578125,3.8519999980926514,102.55999755859375,79.81
14-08-2024,1001.97998046875,2439.39990234375,5455.2099609375,3.819999933242798,102.56999969482422,78.47
15-08-2024,1000.9199829101562,2453.10009765625,5543.22021484375,3.9260001182556152,102.9800033569336,79.66
16-08-2024,1004.25,2498.60009765625,5554.25,3.8919999599456787,102.45999908447266,78.05
19-08-2024,1008.4000244140625,2501.800048828125,5608.25,3.867000102996826,101.88999938964844,75.82
20-08-2024,1006.6099853515625,2511.300048828125,5597.1201171875,3.818000078201294,101.44000244140625,75.27
21-08-2024,1010.260009765625,2508.39990234375,5620.85009765625,3.7780001163482666,101.04000091552734,72.76
22-08-2024,1008.6400146484375,2478.89990234375,5570.64013671875,3.861999988555908,101.51000213623047,73.72
23-08-2024,1010.469970703125,2508.39990234375,5634.60986328125,3.806999921798706,100.72000122070312,75.82
26-08-2024,1016.1300048828125,2517.699951171875,5616.83984375,3.818000078201294,100.8499984741211,78.4
27-08-2024,1007.7000122070312,2516.0,5625.7998046875,3.8329999446868896,100.55000305175781,76.5
28-08-2024,1010.6199951171875,2501.0,5592.18017578125,3.8410000801086426,101.08999633789062,75.49
29-08-2024,1014.7999877929688,2525.699951171875,5591.9599609375,3.867000102996826,101.33999633789062,76.9
30-08-2024,1020.8599853515625,2493.800048828125,5648.39990234375,3.9110000133514404,101.69999694824219,74.52
02-09-2024,1020.8599853515625,2493.800048828125,5648.39990234375,3.9110000133514404,101.69999694824219,74.52
03-09-2024,1030.06005859375,2489.89990234375,5528.93017578125,3.8440001010894775,101.83000183105469,71.28
04-09-2024,1038.219970703125,2493.39990234375,5520.06982421875,3.7679998874664307,101.36000061035156,70.11
05-09-2024,1036.7099609375,2511.39990234375,5503.41015625,3.7309999465942383,101.11000061035156,70.09
06-09-2024,1028.8399658203125,2493.5,5408.419921875,3.7100000381469727,101.18000030517578,68.58
09-09-2024,1039.9100341796875,2501.800048828125,5471.0498046875,3.697000026702881,101.55000305175781,69.65
10-09-2024,1043.68994140625,2512.300048828125,5495.52001953125,3.6459999084472656,101.62999725341797,66.73
11-09-2024,1041.31005859375,2512.10009765625,5554.1298828125,3.6530001163482666,101.68000030517578,68.25
12-09-2024,1042.699951171875,2551.199951171875,5595.759765625,3.680000066757202,101.37000274658203,69.89
13-09-2024,1054.449951171875,2581.300048828125,5626.02001953125,3.6500000953674316,101.11000061035156,69.59
16-09-2024,1061.010009765625,2580.39990234375,5633.08984375,3.621000051498413,100.76000213623047,71.1
17-09-2024,1059.3299560546875,2564.300048828125,5634.580078125,3.6419999599456787,100.88999938964844,72.16
18-09-2024,1050.06005859375,2570.699951171875,5618.259765625,3.684999942779541,100.5999984741211,71.87
19-09-2024,1042.3900146484375,2588.0,5713.64013671875,3.740000009536743,100.61000061035156,72.86
20-09-2024,1050.8599853515625,2619.89990234375,5702.5498046875,3.7279999256134033,100.72000122070312,72.72
23-09-2024,1058.3499755859375,2626.5,5718.56982421875,3.739000082015991,100.91999816894531,71.33
24-09-2024,1048.8900146484375,2651.199951171875,5732.93017578125,3.7360000610351562,100.37000274658203,72.34
25-09-2024,1049.1300048828125,2659.199951171875,5722.259765625,3.7809998989105225,100.91999816894531,70.42
26-09-2024,1044.6500244140625,2669.89990234375,5745.3701171875,3.7909998893737793,100.55999755859375,68.28
27-09-2024,1055.06005859375,2644.300048828125,5738.169921875,3.749000072479248,100.41999816894531,68.72
30-09-2024,1060.0,2636.10009765625,5762.47998046875,3.802000045776367,100.77999877929688,68.75
01-10-2024,1065.1600341796875,2667.300048828125,5708.75,3.743000030517578,101.19000244140625,70.41
02-10-2024,1064.8399658203125,2647.10009765625,5709.5400390625,3.7850000858306885,101.68000030517578,70.74
03-10-2024,1058.0999755859375,2657.10009765625,5699.93994140625,3.8499999046325684,101.98999786376953,74.33
04-10-2024,1051.4200439453125,2645.800048828125,5751.06982421875,3.9809999465942383,102.5199966430664,74.93
07-10-2024,1027.3699951171875,2644.800048828125,5695.93994140625,4.026000022888184,102.54000091552734,77.76
08-10-2024,1030.31005859375,2615.0,5751.1298828125,4.0329999923706055,102.55000305175781,74.26
09-10-2024,1026.8399658203125,2606.0,5792.0400390625,4.066999912261963,102.93000030517578,73.85
10-10-2024,1022.8400268554688,2620.60009765625,5780.0498046875,4.0960001945495605,102.98999786376953,76.46
11-10-2024,1031.489990234375,2657.60009765625,5815.02978515625,4.072999954223633,102.88999938964844,76.11
14-10-2024,1041.6400146484375,2647.800048828125,5859.85009765625,4.0980000495910645,103.30000305175781,76.11
15-10-2024,1050.8499755859375,2661.39990234375,5815.259765625,4.038000106811523,103.26000213623047,71.22
16-10-2024,1068.280029296875,2674.0,5842.47021484375,4.015999794006348,103.58999633789062,70.97
17-10-2024,1062.3699951171875,2691.0,5841.47021484375,4.0960001945495605,103.83000183105469,71.26
18-10-2024,1067.1800537109375,2713.699951171875,5864.669921875,4.072999954223633,103.48999786376953,69.78
21-10-2024,1061.030029296875,2723.10009765625,5853.97998046875,4.182000160217285,104.01000213623047,71.16
22-10-2024,1060.760009765625,2744.199951171875,5851.2001953125,4.203999996185303,104.08000183105469,72.84
23-10-2024,1071.27001953125,2714.39990234375,5797.419921875,4.242000102996826,104.43000030517578,71.37
24-10-2024,1063.47998046875,2734.89990234375,5809.85986328125,4.199999809265137,104.05999755859375,70.58
25-10-2024,1046.989990234375,2740.89990234375,5808.1201171875,4.23199987411499,104.26000213623047,72.02
28-10-2024,1053.219970703125,2742.89990234375,5823.52001953125,4.2779998779296875,104.31999969482422,67.65
29-10-2024,1031.9300537109375,2768.39990234375,5832.919921875,4.27400016784668,104.27999877929688,67.48
30-10-2024,1029.22998046875,2788.5,5813.669921875,4.265999794006348,103.98999786376953,68.91
31-10-2024,1036.9100341796875,2738.300048828125,5705.4501953125,4.283999919891357,103.9800033569336,69.58
01-11-2024,1019.02001953125,2738.60009765625,5728.7998046875,4.361000061035156,104.27999877929688,69.81
04-11-2024,1011.3499755859375,2736.10009765625,5712.68994140625,4.309000015258789,103.88999938964844,71.83
05-11-2024,1023.1599731445312,2740.300048828125,5782.759765625,4.289000034332275,103.41999816894531,72.26
06-11-2024,1013.6400146484375,2667.60009765625,5929.0400390625,4.426000118255615,105.08999633789062,71.98
07-11-2024,1011.9000244140625,2698.39990234375,5973.10009765625,4.341000080108643,104.51000213623047,72.69
08-11-2024,1031.9200439453125,2687.5,5995.5400390625,4.306000232696533,105.0,70.69
11-11-2024,1036.77001953125,2611.199951171875,6001.35009765625,4.308000087738037,105.54000091552734,70.69
12-11-2024,1025.6300048828125,2600.0,5983.990234375,4.432000160217285,106.0199966430664,68.43
13-11-2024,1023.0599975585938,2580.800048828125,5985.3798828125,4.451000213623047,106.4800033569336,68.76
14-11-2024,1016.47998046875,2568.199951171875,5949.169921875,4.418000221252441,106.66999816894531,68.99
15-11-2024,1033.8199462890625,2565.699951171875,5870.6201171875,4.427999973297119,106.69000244140625,67.33
18-11-2024,1043.7900390625,2610.60009765625,5893.6201171875,4.414000034332275,106.27999877929688,69.46
19-11-2024,1053.8199462890625,2627.10009765625,5916.97998046875,4.379000186920166,106.20999908447266,69.75
20-11-2024,1055.0699462890625,2648.199951171875,5917.10986328125,4.406000137329102,106.68000030517578,69.25
21-11-2024,1075.6500244140625,2672.10009765625,5948.7099609375,4.432000160217285,106.97000122070312,70.39
22-11-2024,1066.9100341796875,2709.89990234375,5969.33984375,4.409999847412109,107.48999786376953,71.68
25-11-2024,1065.949951171875,2616.800048828125,5987.3701171875,4.264999866485596,106.81999969482422,69.41
26-11-2024,1079.8800048828125,2620.300048828125,6021.6298828125,4.302000045776367,107.01000213623047,69.05
27-11-2024,1079.300048828125,2639.89990234375,5998.740234375,4.242000102996826,106.08000183105469,69.03
28-11-2024,1079.300048828125,2639.89990234375,5998.740234375,4.242000102996826,106.08000183105469,69.03
29-11-2024,1078.949951171875,2657.0,6032.3798828125,4.177999973297119,105.73999786376953,68.26
02-12-2024,1057.050048828125,2634.89990234375,6047.14990234375,4.196000099182129,106.44999694824219,68.35
03-12-2024,1046.800048828125,2644.699951171875,6049.8798828125,4.2230000495910645,106.37000274658203,70.15
04-12-2024,1045.0999755859375,2653.800048828125,6086.490234375,4.179999828338623,106.33999633789062,68.81
05-12-2024,1047.3199462890625,2626.60009765625,6075.10986328125,4.179999828338623,105.70999908447266,68.58
06-12-2024,1035.530029296875,2638.60009765625,6090.27001953125,4.151000022888184,105.97000122070312,68.58
09-12-2024,1019.3499755859375,2664.89990234375,6052.85009765625,4.198999881744385,106.1500015258789,68.65
10-12-2024,1010.8300170898438,2697.60009765625,6034.91015625,4.2210001945495605,106.4000015258789,68.85
11-12-2024,1003.9299926757812,2733.800048828125,6084.18994140625,4.270999908447266,106.70999908447266,70.57
12-12-2024,1002.719970703125,2687.5,6051.25,4.323999881744385,106.95999908447266,70.25
13-12-2024,1003.6500244140625,2656.0,6051.08984375,4.39900016784668,107.0,71.54
16-12-2024,995.8599853515625,2651.39990234375,6074.080078125,4.396999835968018,106.86000061035156,71.03
17-12-2024,991.6699829101562,2644.39990234375,6050.60986328125,4.385000228881836,106.95999908447266,70.31
18-12-2024,965.0399780273438,2636.5,5872.16015625,4.49399995803833,108.02999877929688,70.8
19-12-2024,971.5599975585938,2592.199951171875,5867.080078125,4.570000171661377,108.41000366210938,70.1
20-12-2024,986.3200073242188,2628.699951171875,5930.85009765625,4.52400016784668,107.62000274658203,69.71
23-12-2024,988.3099975585938,2612.300048828125,5974.06982421875,4.598999977111816,108.04000091552734,69.5
24-12-2024,993.239990234375,2620.0,6040.0400390625,4.591000080108643,108.26000213623047,70.87
25-12-2024,993.239990234375,2620.0,6040.0400390625,4.591000080108643,108.26000213623047,70.87
26-12-2024,991.77001953125,2638.800048828125,6037.58984375,4.578999996185303,108.12999725341797,70.38
27-12-2024,987.260009765625,2617.199951171875,5970.83984375,4.61899995803833,108.0,71.28
30-12-2024,983.4000244140625,2606.10009765625,5906.93994140625,4.545000076293945,108.12999725341797,71.73
31-12-2024,982.739990234375,2629.199951171875,5881.6298828125,4.572999954223633,108.48999786376953,72.44
01-01-2025,982.739990234375,2629.199951171875,5881.6298828125,4.572999954223633,108.48999786376953,72.44
02-01-2025,990.0700073242188,2658.89990234375,5868.5498046875,4.574999809265137,109.38999938964844,73.79
03-01-2025,1002.25,2645.0,5942.47021484375,4.5960001945495605,108.94999694824219,74.64
06-01-2025,989.2000122070312,2638.39990234375,5975.3798828125,4.618000030517578,108.26000213623047,74.31
07-01-2025,987.489990234375,2656.699951171875,5909.02978515625,4.683000087738037,108.54000091552734,74.99
08-01-2025,988.030029296875,2664.5,5918.25,4.692999839782715,109.08999633789062,73.99
09-01-2025,988.030029296875,2683.800048828125,5918.25,4.692999839782715,109.18000030517578,73.99
10-01-2025,972.25,2708.5,5827.0400390625,4.776000022888184,109.6500015258789,77.27
13-01-2025,964.3900146484375,2673.5,5836.22021484375,4.802999973297119,109.95999908447266,79.57
14-01-2025,979.1500244140625,2677.5,5842.91015625,4.788000106811523,109.2699966430664,78.2
15-01-2025,988.3099975585938,2712.5,5949.91015625,4.6529998779296875,109.08999633789062,80.73
16-01-2025,1011.010009765625,2746.39990234375,5937.33984375,4.605999946594238,108.95999908447266,79.35
17-01-2025,1012.5399780273438,2744.300048828125,5996.66015625,4.609000205993652,109.3499984741211,78.56
20-01-2025,1012.5399780273438,2744.300048828125,5996.66015625,4.609000205993652,109.3499984741211,78.56
21-01-2025,1029.9599609375,2755.0,6049.240234375,4.573999881744385,108.05999755859375,76.79
22-01-2025,1005.8599853515625,2767.60009765625,6086.3701171875,4.598999977111816,108.16999816894531,76.12
23-01-2025,1007.3300170898438,2763.10009765625,6118.7099609375,4.638000011444092,108.05000305175781,75.03
24-01-2025,1012.9400024414062,2777.300048828125,6101.240234375,4.625999927520752,107.44000244140625,74.97
27-01-2025,991.7899780273438,2737.5,6012.27978515625,4.5279998779296875,107.33999633789062,73.51
28-01-2025,984.1500244140625,2766.800048828125,6067.7001953125,4.551000118255615,107.87000274658203,74.15
29-01-2025,982.469970703125,2769.10009765625,6039.31005859375,4.554999828338623,108.0,72.94
30-01-2025,1006.2100219726562,2823.0,6071.169921875,4.51200008392334,107.80000305175781,73.1
31-01-2025,999.5399780273438,2812.5,6040.52978515625,4.568999767303467,108.37000274658203,72.84
03-02-2025,1004.22998046875,2833.89990234375,5994.56982421875,4.543000221252441,108.98999786376953,73.52
04-02-2025,994.52001953125,2853.300048828125,6037.8798828125,4.513000011444092,107.95999908447266,73.04
05-02-2025,1004.9199829101562,2871.60009765625,6061.47998046875,4.421999931335449,107.58000183105469,71.39
06-02-2025,1001.219970703125,2856.0,6083.56982421875,4.440000057220459,107.69000244140625,70.97
07-02-2025,997.0599975585938,2867.300048828125,6025.990234375,4.486999988555908,108.04000091552734,71.32
10-02-2025,1002.8800048828125,2914.300048828125,6066.43994140625,4.493000030517578,108.31999969482422,72.73
11-02-2025,1011.1400146484375,2912.5,6068.5,4.5370001792907715,107.95999908447266,73.67
12-02-2025,1011.02001953125,2909.0,6051.97021484375,4.63700008392334,107.94000244140625,71.72
13-02-2025,1011.8599853515625,2925.89990234375,6115.06982421875,4.525000095367432,107.30999755859375,71.66
14-02-2025,1006.280029296875,2883.60009765625,6114.6298828125,4.4720001220703125,106.56999969482422,71.05
17-02-2025,1006.280029296875,2883.60009765625,6114.6298828125,4.4720001220703125,106.56999969482422,71.05
18-02-2025,1013.3800048828125,2931.60009765625,6129.580078125,4.544000148773193,107.05000305175781,72.21
19-02-2025,1018.7000122070312,2919.39990234375,6144.14990234375,4.534999847412109,107.16999816894531,72.58
20-02-2025,1018.97998046875,2940.0,6117.52001953125,4.5,106.33999633789062,72.88
21-02-2025,1022.72998046875,2937.60009765625,6013.1298828125,4.420000076293945,106.61000061035156,70.72
24-02-2025,1020.760009765625,2947.89990234375,5983.25,4.39300012588501,106.5999984741211,71.06
25-02-2025,1011.8300170898438,2904.5,5955.25,4.297999858856201,106.30999755859375,69.15
26-02-2025,1015.3900146484375,2916.800048828125,5956.06005859375,4.249000072479248,106.41999816894531,68.87
27-02-2025,990.4199829101562,2883.199951171875,5861.56982421875,4.284999847412109,107.23999786376953,70.62
28-02-2025,1005.4500122070312,2836.800048828125,5954.5,4.230999946594238,107.61000061035156,69.97
03-03-2025,1009.8300170898438,2890.199951171875,5849.72021484375,4.179999828338623,106.75,68.63
04-03-2025,997.0900268554688,2909.60009765625,5778.14990234375,4.210000038146973,105.73999786376953,68.47
05-03-2025,989.239990234375,2915.300048828125,5842.6298828125,4.264999866485596,105.73999786376953,66.58
06-03-2025,971.9099731445312,2916.60009765625,5738.52001953125,4.285999774932861,104.05999755859375,66.62
07-03-2025,991.489990234375,2904.699951171875,5770.2001953125,4.316999912261963,103.83999633789062,67.29
10-03-2025,1003.75,2891.0,5614.56005859375,4.2129998207092285,103.91000366210938,66.31
11-03-2025,990.7899780273438,2912.89990234375,5572.06982421875,4.288000106811523,103.44000244140625,66.52
12-03-2025,986.9000244140625,2939.10009765625,5599.2998046875,4.317999839782715,103.61000061035156,67.65
13-03-2025,990.3599853515625,2984.300048828125,5521.52001953125,4.27400016784668,103.83000183105469,66.82
14-03-2025,1010.1900024414062,2994.5,5638.93994140625,4.308000087738037,103.72000122070312,67.43
17-03-2025,1016.8599853515625,3000.0,5675.1201171875,4.306000232696533,103.37000274658203,67.84
18-03-2025,1013.5,3035.10009765625,5614.66015625,4.281000137329102,103.23999786376953,67.49
19-03-2025,1014.27001953125,3035.89990234375,5675.2900390625,4.25600004196167,103.43000030517578,67.4
20-03-2025,1018.010009765625,3040.0,5662.89013671875,4.232999801635742,103.8499984741211,68.55
21-03-2025,1008.989990234375,3018.199951171875,5667.56005859375,4.251999855041504,104.08999633789062,68.52
24-03-2025,1009.02001953125,3013.10009765625,5767.56982421875,4.330999851226807,104.26000213623047,69.46
25-03-2025,992.8599853515625,3023.699951171875,5776.64990234375,4.307000160217285,104.18000030517578,69.48
26-03-2025,999.5999755859375,3020.89990234375,5712.2001953125,4.3379998207092285,104.55000305175781,70.05
27-03-2025,1000.8800048828125,3060.199951171875,5693.31005859375,4.36899995803833,104.06999969482422,70.3
28-03-2025,1011.4099731445312,3086.5,5580.93994140625,4.255000114440918,104.04000091552734,69.74
31-03-2025,1024.050048828125,3122.800048828125,5611.85009765625,4.245999813079834,104.20999908447266,71.87
01-04-2025,1026.4300537109375,3118.89990234375,5633.06982421875,4.156000137329102,104.26000213623047,71.61
02-04-2025,1030.239990234375,3139.89990234375,5670.97021484375,4.196000099182129,103.80999755859375,72.12
03-04-2025,1026.489990234375,3097.0,5396.52001953125,4.054999828338623,102.06999969482422,67.43
04-04-2025,974.9299926757812,3012.0,5074.080078125,3.984999895095825,103.0199966430664,62.42
07-04-2025,957.3200073242188,2951.300048828125,5062.25,4.15500020980835,103.26000213623047,61.05
08-04-2025,953.8800048828125,2968.39990234375,4982.77001953125,4.26200008392334,102.95999908447266,60.04
09-04-2025,983.1099853515625,3056.5,5456.89990234375,4.400000095367432,102.9000015258789,62.63
10-04-2025,982.010009765625,3155.199951171875,5268.0498046875,4.394000053405762,100.87000274658203,60.57
11-04-2025,996.47998046875,3222.199951171875,5363.35986328125,4.493000030517578,99.77999877929688,61.91
14-04-2025,1014.989990234375,3204.800048828125,5405.97021484375,4.363999843597412,99.63999938964844,61.99
15-04-2025,1015.5399780273438,3218.699951171875,5396.6298828125,4.322999954223633,100.22000122070312,61.74
16-04-2025,1009.989990234375,3326.60009765625,5275.7001953125,4.2789998054504395,99.37999725341797,62.88
17-04-2025,1020.5499877929688,3308.699951171875,5282.7001953125,4.333000183105469,99.37999725341797,65.07
18-04-2025,1020.5499877929688,3308.699951171875,5282.7001953125,4.333000183105469,99.37999725341797,65.07
21-04-2025,999.1599731445312,3406.199951171875,5158.2001953125,4.40500020980835,98.27999877929688,63.48
22-04-2025,1025.050048828125,3400.800048828125,5287.759765625,4.388999938964844,98.91999816894531,64.6
23-04-2025,1026.719970703125,3276.300048828125,5375.85986328125,4.38700008392334,99.83999633789062,62.64
24-04-2025,1025.989990234375,3332.0,5484.77001953125,4.304999828338623,99.29000091552734,63.55
25-04-2025,1021.27001953125,3282.39990234375,5525.2099609375,4.265999794006348,99.47000122070312,63.85
28-04-2025,1028.3199462890625,3332.5,5528.75,4.216000080108643,99.01000213623047,63.3
29-04-2025,1036.449951171875,3318.800048828125,5560.830078125,4.172999858856201,99.23999786376953,61.84
30-04-2025,1032.8199462890625,3305.0,5569.06005859375,4.177000045776367,99.47000122070312,59.55
01-05-2025,1035.5699462890625,3210.0,5604.14013671875,4.230999946594238,100.25,60.59
02-05-2025,1039.47998046875,3231.89990234375,5686.669921875,4.322000026702881,100.0,59.67
05-05-2025,1037.1700439453125,3311.300048828125,5650.3798828125,4.3429999351501465,99.83000183105469,58.5
06-05-2025,1046.2099609375,3411.39990234375,5606.91015625,4.308000087738037,99.23999786376953,60.42
07-05-2025,1045.18994140625,3381.39990234375,5631.27978515625,4.275000095367432,99.61000061035156,59.42
08-05-2025,1034.0,3296.60009765625,5663.93994140625,4.373000144958496,100.63999938964844,61.25
09-05-2025,1031.4200439453125,3335.39990234375,5659.91015625,4.375,100.33999633789062,62.37
12-05-2025,1014.0800170898438,3220.0,5844.18994140625,4.456999778747559,101.79000091552734,63.32
13-05-2025,1007.7100219726562,3240.300048828125,5886.5498046875,4.499000072479248,101.0,65.04
14-05-2025,1003.4000244140625,3181.39990234375,5892.580078125,4.5279998779296875,101.04000091552734,64.48
15-05-2025,1027.4000244140625,3220.699951171875,5916.93017578125,4.454999923706055,100.87999725341797,63.03
16-05-2025,1042.5999755859375,3182.0,5958.3798828125,4.440999984741211,101.08999633789062,63.84
19-05-2025,1048.469970703125,3228.89990234375,5963.60009765625,4.474999904632568,100.43000030517578,63.98
20-05-2025,1050.5999755859375,3280.300048828125,5940.4599609375,4.480999946594238,100.12000274658203,63.97
21-05-2025,1033.68994140625,3309.300048828125,5844.60986328125,4.5960001945495605,99.55999755859375,62.93
22-05-2025,1023.2100219726562,3292.300048828125,5842.009765625,4.552999973297119,99.95999908447266,62.55
23-05-2025,1035.3199462890625,3363.60009765625,5802.81982421875,4.508999824523926,99.11000061035156,62.89
26-05-2025,1035.3199462890625,3363.60009765625,5802.81982421875,4.508999824523926,98.93000030517578,62.89
27-05-2025,1041.27001953125,3299.10009765625,5921.5400390625,4.434000015258789,99.5199966430664,61.61
28-05-2025,1024.3900146484375,3293.60009765625,5888.5498046875,4.4770002365112305,99.87999725341797,62.54
29-05-2025,1030.739990234375,3317.10009765625,5912.169921875,4.423999786376953,99.27999877929688,61.66
30-05-2025,1040.8900146484375,3288.89990234375,5911.68994140625,4.415999889373779,99.33000183105469,61.46
02-06-2025,1043.6700439453125,3370.60009765625,5935.93994140625,4.461999893188477,98.69999694824219,63.27
03-06-2025,1048.6800537109375,3350.199951171875,5970.3701171875,4.460000038146973,99.25,64.1
04-06-2025,1032.47998046875,3373.5,5970.81005859375,4.364999771118164,98.79000091552734,63.57
05-06-2025,1031.8800048828125,3350.699951171875,5939.2998046875,4.394000053405762,98.73999786376953,64.06
06-06-2025,1033.989990234375,3322.699951171875,6000.35986328125,4.510000228881836,99.19000244140625,65.3
09-06-2025,1023.47998046875,3332.10009765625,6005.8798828125,4.48199987411499,98.94000244140625,65.99
10-06-2025,1027.760009765625,3320.89990234375,6038.81005859375,4.473999977111816,99.05000305175781,65.66
11-06-2025,1028.9100341796875,3321.300048828125,6022.240234375,4.4120001792907715,98.62999725341797,68.91
12-06-2025,1043.18994140625,3380.89990234375,6045.259765625,4.35699987411499,97.91999816894531,68.73
13-06-2025,1036.93994140625,3431.199951171875,5976.97021484375,4.423999786376953,98.18000030517578,73.84
16-06-2025,1030.489990234375,3396.39990234375,6033.10986328125,4.452000141143799,98.0,72.53
17-06-2025,1027.6199951171875,3386.60009765625,5982.72021484375,4.39300012588501,98.81999969482422,75.62
18-06-2025,1032.1600341796875,3389.800048828125,5980.8701171875,4.396999835968018,98.91000366210938,75.89
19-06-2025,1032.1600341796875,3389.800048828125,5980.8701171875,4.396999835968018,98.91000366210938,75.89
20-06-2025,1037.6099853515625,3368.10009765625,5967.83984375,4.375,98.70999908447266,75.72
23-06-2025,1051.489990234375,3377.699951171875,6025.169921875,4.320000171661377,98.41999816894531,69.36
24-06-2025,1051.1800537109375,3317.39990234375,6092.18017578125,4.293000221252441,97.86000061035156,65.45
25-06-2025,1037.7099609375,3327.10009765625,6092.16015625,4.293000221252441,97.68000030517578,65.98
26-06-2025,1042.3199462890625,3333.5,6141.02001953125,4.252999782562256,97.1500015258789,66.44
27-06-2025,1047.5,3273.699951171875,6173.06982421875,4.2829999923706055,97.4000015258789,66.66
30-06-2025,1054.449951171875,3294.39990234375,6204.9501953125,4.230000019073486,96.87999725341797,66.3
01-07-2025,1056.3900146484375,3336.699951171875,6198.009765625,4.250999927520752,96.81999969482422,66.64
02-07-2025,1046.31005859375,3348.0,6227.419921875,4.293000221252441,96.77999877929688,68.66
03-07-2025,1052.97998046875,3331.60009765625,6279.35009765625,4.3480000495910645,97.18000030517578,68.13
04-07-2025,1052.97998046875,3332.5,6279.35009765625,4.3480000495910645,97.18000030517578,68.13
07-07-2025,1053.1700439453125,3332.199951171875,6229.97998046875,4.394999980926514,97.4800033569336,69.16
08-07-2025,1046.6199951171875,3307.0,6225.52001953125,4.414999961853027,97.51000213623047,69.55
09-07-2025,1057.5799560546875,3311.60009765625,6263.259765625,4.3420000076293945,97.47000122070312,69.61
10-07-2025,1065.75,3317.39990234375,6280.4599609375,4.3460001945495605,97.6500015258789,67.78
11-07-2025,1063.06005859375,3356.0,6259.75,4.422999858856201,97.8499984741211,69.63
14-07-2025,1064.9000244140625,3351.5,6268.56005859375,4.427000045776367,98.08000183105469,68.19
15-07-2025,1053.9599609375,3329.800048828125,6243.759765625,4.488999843597412,98.62000274658203,67.76
16-07-2025,1054.52001953125,3352.5,6263.7001953125,4.454999923706055,98.38999938964844,67.13
17-07-2025,1056.6300048828125,3340.10009765625,6297.35986328125,4.4629998207092285,98.7300033569336,68.76
18-07-2025,1073.9000244140625,3353.0,6296.7900390625,4.432000160217285,98.4800033569336,68.53
21-07-2025,1076.010009765625,3401.89990234375,6305.60009765625,4.372000217437744,97.8499984741211,68.39
22-07-2025,1089.06005859375,3439.199951171875,6309.6201171875,4.335999965667725,97.38999938964844,67.56
23-07-2025,1085.97998046875,3394.10009765625,6358.91015625,4.388000011444092,97.20999908447266,66.05
24-07-2025,1082.8499755859375,3371.0,6363.35009765625,4.4079999923706055,97.37999725341797,67.16
25-07-2025,1082.510009765625,3334.0,6388.64013671875,4.386000156402588,97.6500015258789,66.38
28-07-2025,1073.1700439453125,3309.10009765625,6389.77001953125,4.420000076293945,98.66000366210938,67.81
29-07-2025,1086.47998046875,3323.39990234375,6370.85986328125,4.329999923706055,98.91000366210938,70.27
30-07-2025,1094.8900146484375,3295.800048828125,6362.89990234375,4.375999927520752,99.94000244140625,71.09
31-07-2025,1101.030029296875,3293.199951171875,6339.39013671875,4.360000133514404,100.02999877929688,70.36
01-08-2025,1107.9000244140625,3347.699951171875,6238.009765625,4.21999979019165,98.69000244140625,68.39
04-08-2025,1125.7900390625,3374.39990234375,6329.93994140625,4.199999809265137,98.77999877929688,67.33
05-08-2025,1110.06005859375,3381.89990234375,6299.18994140625,4.196000099182129,98.77999877929688,67.33
06-08-2025,1101.7099609375,3380.0,6345.06005859375,4.21999979019165,98.18000030517578,67.33
07-08-2025,1118.18994140625,3400.300048828125,6340.0,4.24399995803833,98.4000015258789,67.33
08-08-2025,1113.469970703125,3439.10009765625,6389.4501953125,4.284999847412109,98.18000030517578,67.33
,DJU,GOLD,SP 500,US 10YR BOND,US DOLLAR INDEX,WTI
